ID,A1_Country,A2_Authority,A3_DecisionDate,A4_CaseTrigger,A5_CrossBorder,A6_DPARole,A7_IsAppeal,A8_AppealSuccess,A9_PriorInfringements,A10_DefendantCount,A11_DefendantName,A12_DefendantRole,A13_InstitutionalIdentity,A14_EconomicSector,A15_DefendantCategory,A16_SensitiveData,A17_SensitiveDataTypes,A18_Cookies,A19_VulnerableSubjects,A20_LegalBasis,A21_DataTransfers,A22_TransferMechanism,A23_HighRiskProcessing,A24_PowerImbalance,A25_SubjectsAffected,A26_InfringementDuration,A27_DamageEstablished,A28_DPIARequired,A29_SecurityMeasures,A30_DataMinimization,A31_SubjectRightsRequests,A32_RightsInvolved,A33_TransparencyObligations,A34_GDPREvaluated,A35_GDPRViolated,A36_NoInfringement,A37_LegalBasisInvalid,A38_NegligenceEstablished,A39_ManagementAuthorization,A40_DefendantCooperation,A41_MitigatingMeasures,A42_PriorNonCompliance,A43_FinancialBenefit,A44_PriorMeasuresConsidered,A45_SanctionType,A46_FineAmount,A47_FineCurrency,A48_EDPBGuidelines,A49_FineCalculationFactors,A50_CaseSummary,A46_FineAmount_EUR,A35_Art_21,A35_Art_13,A35_Art_32,A35_Art_34,A35_Art_35,A35_Art_17,A35_Art_24,A35_Art_5,A35_Art_6,A35_Art_33,A35_Art_30,A35_Art_15,A35_Art_12,A35_Art_14,A35_Art_28,A35_Art_25,SensitiveType_Biometric,SensitiveType_Criminal,SensitiveType_Genetic,SensitiveType_Health,SensitiveType_Other,SensitiveType_Philosophical,SensitiveType_Political,SensitiveType_Racial_Ethnic,SensitiveType_Religious,SensitiveType_Sexual,SensitiveType_Trade_Union,VulnerableSubject_Children,VulnerableSubject_Elderly,VulnerableSubject_Employees,VulnerableSubject_Other_Vulnerable,VulnerableSubject_Patients,VulnerableSubject_Students,LegalBasis_Consent,LegalBasis_Contract,LegalBasis_Legal_Obligation,LegalBasis_Legitimate_Interest,LegalBasis_Public_Task,LegalBasis_Vital_Interests,TransferMech_Adequacy_Decision,TransferMech_Binding_Corporate_Rules,TransferMech_Certification,TransferMech_Derogation,TransferMech_None_Specified,TransferMech_Standard_Contractual_Clauses,Right_Access,Right_Automated_Decision_Making,Right_Erasure,Right_Objection,Right_Portability,Right_Rectification,Right_Restrict_Processing,Sanction_Compliance_Order,Sanction_Data_Flow_Suspension,Sanction_Fine,Sanction_None,Sanction_Other_Corrective_Measure,Sanction_Processing_Ban_Permanent,Sanction_Processing_Ban_Temporary,Sanction_Reprimand,Sanction_Warning,A16_SensitiveData_bin,A18_Cookies_bin,A21_DataTransfers_bin,A31_SubjectRightsRequests_bin,A36_NoInfringement_bin,A48_EDPBGuidelines_bin,A49_FineCalculationFactors_bin,A5_CrossBorder_bin,A7_IsAppeal_bin
Norway_1,NO,Datatilsynet,06-02-2023,COMPLAINT,Y,Lead_Authority,N,,DISCUSSED_NO_PRIOR_FOUND,1,SATS ASA,Controller,S.11 - Non-financial corporations,"Code: 9311, Description: Operation of sports facilities, Level: 4",BUSINESS,N,,N,None_Mentioned,"Consent, Contract, Legitimate_Interest",,,Not_Assessed,Not_Discussed,700000,ongoing since 2018,,Not_Assessed,Not_Evaluated,Not_Evaluated,Y,"Access, Erasure",Violated,"Art. 5(1)(a), Art. 5(1)(e), Art. 6(1), Art. 12(1), Art. 12(3), Art. 13(1)(c), Art. 13(2)(a), Art. 15, Art. 17","Art. 5(1)(a), Art. 5(1)(e), Art. 6(1), Art. 12(1), Art. 12(3), Art. 13(1)(c), Art. 13(2)(a), Art. 15, Art. 17",N,Y,Y,Not_Assessed,Cooperative,During_Investigation,N,Not_Assessed,Mitigating_Factor,Fine,10000000,NOK,Y,Y,"Datatilsynet fined SATS ASA NOK 10 million after complaints revealed mishandled access/erasure requests, opaque retention/legal bases, and unlawful processing of training history data. The DPA found breaches of Articles 5, 6, 12, 13, 15 and 17, noted systemic negligence, and acted as lead authority for cross-border processing. Although SATS took some remedial steps during the investigation, the fine was set after a detailed Art. 83(2) assessment to ensure deterrence.",920000.0,,1.0,,,,1.0,,1.0,1.0,,,1.0,1.0,,,,0,0,0,0,0,0,0,0,0,0,0,0,0,0,0,0,0,1,1,0,1,0,0,0,0,0,0,0,0,1,0,1,0,0,0,0,0,0,1,0,0,0,0,0,0,0.0,0.0,,1.0,0,1.0,1.0,1.0,0
Norway_2,NO,The Norwegian Data Protection Authority,15-11-2017,OTHER,,,N,,NOT_DISCUSSED,1,Legelisten.no,Controller,,,,Y,Health,,Children,Not_Specified,,,Not_Assessed,Not_Discussed,,,Not_Assessed,Not_Assessed,Not_Evaluated,Not_Evaluated,N,,Not_Evaluated,,,N,Not_Evaluated,Not_Assessed,Not_Assessed,Not_Discussed,Not_Discussed,Not_Assessed,Not_Assessed,Not_Considered,Compliance_Order,0,,N,,"The Norwegian DPA decided that health personnel should be able to reserve themselves from being rated on Legelisten.no and ordered deletion of email addresses of users who reviewed specialist health service personnel. It found the balance between freedom of expression and privacy inadequate, citing risks of misuse and harm to doctors and their families. Legelisten.no will appeal, and the reservation right will not take effect until the Privacy Board rules.",,,,,,,,,,,,,,,,,,0,0,0,1,0,0,0,0,0,0,0,1,0,0,0,0,0,0,0,0,0,0,0,0,0,0,0,0,0,0,0,0,0,0,0,0,1,0,0,0,0,0,0,0,0,1.0,,,0.0,0,0.0,,,0
Norway_3,NO,Privacy Board,16-09-2020,COMPLAINT,N,,Y,Successful,NOT_DISCUSSED,1,X Mission Assembly,Controller,,"Code: 9491, Description: Activities of religious organizations, Level: 4",NON_PROFIT,N,,N,None_Mentioned,Legitimate_Interest,N,,Not_Assessed,Not_Discussed,1,November 2016 to 2017,Not_Assessed,Not_Assessed,Not_Evaluated,Not_Evaluated,N,,Not_Evaluated,"Art. 6(1)(f), Art. 5(1)(c)",,Y,N,Not_Assessed,Not_Assessed,Cooperative,Before_Investigation,Not_Assessed,Not_Assessed,Mitigating_Factor,,0,,N,,"The Privacy Board reviewed an appeal by X Mission Assembly against a reprimand for storing and using neighbor’s private camera recordings depicting a board member. The Board majority held that the Mission Assembly had a legitimate interest under Article 6(1)(f) to store and view the footage and that the intrusion was limited, reversing the reprimand. A minority would have upheld the DPA’s view that the processing was unnecessary and unlawful.",,,,,,,,,,,,,,,,,,0,0,0,0,0,0,0,0,0,0,0,0,0,0,0,0,0,0,0,0,1,0,0,0,0,0,0,0,0,0,0,0,0,0,0,0,0,0,0,0,0,0,0,0,0,0.0,0.0,0.0,0.0,1,0.0,,0.0,1
Norway_4,NO,Datatilsynet,18-03-2019,BREACH_NOTIFICATION,N,,N,,PRIOR_INFRINGER_PRESENT,1,Bergen municipality,Controller,S.1313 - Local government,"Code: 8411, Description: General public administration activities, Level: 4",PUBLIC_AUTHORITY,N,,N,Children,Not_Specified,,,Not_Assessed,Not_Discussed,35601,22 June to 15 August 2018,Not_Assessed,Not_Assessed,Inadequate,Not_Evaluated,N,,Not_Evaluated,"Art. 5(1)(f), Art. 5(2), Art. 24, Art. 25, Art. 32(1), Art. 58(2)(d), Art. 83","Art. 5(1)(f), Art. 32(1)(a), Art. 32(1)(b)",N,Not_Evaluated,Y,Not_Assessed,Cooperative,During_Investigation,N,N,Neutral,"Fine, Compliance_Order",1600000,NOK,Y,Y,"Bergen municipality exposed credentials, allowing access to school systems for over 35,000 users, including children. The DPA found violations of Art. 5(1)(f) and Art. 32(1)(a)-(b), noting lack of two-factor authentication and poor security practices, and ordered implementation of strong authentication for employees. A fine of NOK 1,600,000 was imposed after a systematic Art. 83 assessment, considering children’s special protection and prior related findings.",147200.0,,,1.0,,,,,1.0,,,,,,,,,0,0,0,0,0,0,0,0,0,0,0,1,0,0,0,0,0,0,0,0,0,0,0,0,0,0,0,0,0,0,0,0,0,0,0,0,1,0,1,0,0,0,0,0,0,0.0,0.0,,0.0,0,1.0,1.0,0.0,0
Norway_5,NO,Datatilsynet,10-11-2019,BREACH_NOTIFICATION,N,,N,,NOT_DISCUSSED,1,Oslo Municipality,Controller,S.13 - General government,"Code: 8411, Description: General public administration activities, Level: 4",PUBLIC_AUTHORITY,Y,Health,N,Children,Not_Specified,,,Not_Assessed,Not_Discussed,63000,Until 06-09-2018; closed the same day it was discovered,Not_Assessed,Not_Assessed,Inadequate,Not_Evaluated,N,,Not_Evaluated,"Art. 5(1)(f), Art. 5(2), Art. 32(1)(b), Art. 32(1)(d)","Art. 32(1)(b), Art. 32(1)(d), Art. 5(2), Art. 5(1)(f)",N,Not_Evaluated,Y,Not_Assessed,Partially_Cooperative,Before_Investigation,Not_Assessed,N,Mitigating_Factor,Fine,1200000,NOK,Y,Y,"The Norwegian DPA fined Oslo Municipality 1.2 million NOK after serious security flaws in the Skolemelding app allowed unauthorized access to data on over 63,000 primary school children, including potential health details entered via free-text fields. The DPA found violations of Art. 5(1)(f), Art. 5(2) and Art. 32(1)(b),(d), citing inadequate testing, authentication flaws, and lack of supplier control. Mitigating measures taken promptly after discovery led to a reduced fine from the initially notified amount.",110400.0,,,1.0,,,,,1.0,,,,,,,,,0,0,0,1,0,0,0,0,0,0,0,1,0,0,0,0,0,0,0,0,0,0,0,0,0,0,0,0,0,0,0,0,0,0,0,0,0,0,1,0,0,0,0,0,0,1.0,0.0,,0.0,0,1.0,1.0,0.0,0
Norway_6,NO,Norwegian Data Protection Authority,07-06-2021,COMPLAINT,N,,N,,DISCUSSED_NO_PRIOR_FOUND,1,Norwegian Public Roads Administration,Joint_Controller,S.13 - General government,"Code: 8411, Description: General public administration activities, Level: 4",PUBLIC_AUTHORITY,N,,N,None_Mentioned,"Contract, Legal_Obligation",,,Not_Assessed,Not_Discussed,,ongoing since at least 2011,Not_Assessed,Not_Assessed,Inadequate,Not_Evaluated,Y,Erasure,Not_Evaluated,"Art. 5(1)(a), Art. 5(1)(c), Art. 5(1)(d), Art. 5(1)(e), Art. 5(1)(f), Art. 6, Art. 17(1)(a), Art. 17(1)(d), Art. 25, Art. 26","Art. 5(1)(a), Art. 17(1)(a), Art. 17(1)(d)",N,Y,Y,Not_Assessed,Cooperative,During_Investigation,N,N,Neutral,"Fine, Compliance_Order",1000000,NOK,N,Y,"A complaint revealed that the Norwegian Public Roads Administration retained toll passage data in the invoice module of CS Norge beyond the lawful bookkeeping period, failing to delete tag number, location, and time. The DPA found violations of GDPR Art. 5(1)(a) and Art. 17(1)(a),(d), noted gross negligence, and ordered deletion while imposing a NOK 1,000,000 fine. Article 25 was not applied due to system phase-out; the DPA recognized joint controllership with Fjellinjen and identified Q-Free as a processor.",92000.0,,,,,,1.0,,1.0,,,,,,,,,0,0,0,0,0,0,0,0,0,0,0,0,0,0,0,0,0,0,1,1,0,0,0,0,0,0,0,0,0,0,0,1,0,0,0,0,1,0,1,0,0,0,0,0,0,0.0,0.0,,1.0,0,0.0,1.0,0.0,0
Norway_7,NO,Datatilsynet,,COMPLAINT,N,,N,,NOT_DISCUSSED,1,Norwegian Data Protection Authority,Controller,S.1311 - Central government,"Code: 8411, Description: General public administration activities, Level: 4",PUBLIC_AUTHORITY,Y,Other,,None_Mentioned,Legitimate_Interest,,,Not_Assessed,Y,,,,Not_Assessed,Not_Evaluated,Not_Evaluated,Y,"Access, Rectification, Erasure, Portability, Objection, Restrict_Processing, Automated_Decision_Making",Violated,"Art. 5(1)(a), Art. 5(1)(b), Art. 5(2), Art. 6(1)(f), Art. 13(1)(d), Art. 57(2), Art. 77(1), Art. 12(1), Art. 12(2), Art. 12(4), Art. 24","Art. 13(1)(d), Art. 77(1)",Y,N,Not_Assessed,Not_Assessed,Cooperative,During_Investigation,Not_Assessed,,Mitigating_Factor,,0,,N,,"A complaint challenged the Norwegian DPA’s processing on its website and complaint-handling practices. The set director found Art. 6(1)(f) a valid basis, no breach of Art. 5 or Art. 57, but a past breach of Art. 13(1)(d) and a breach of Art. 77(1) where complainants were required to contact controllers first for rights cases. The DPA had already rectified transparency issues and was expected to adjust complaint procedures accordingly.",,,1.0,,,,,,,,,,,,,,,0,0,0,0,1,0,0,0,0,0,0,0,0,0,0,0,0,0,0,0,1,0,0,0,0,0,0,0,0,1,1,1,1,1,1,1,0,0,0,0,0,0,0,0,0,1.0,,,1.0,1,0.0,,0.0,0
Norway_8,,,,,,,N,,,,,,,,,,,,,,,,,,,,,,,,,,,,,N,,,,,,,,,,0,,,,,,,,,,,,,,,,,,,,,,0,0,0,0,0,0,0,0,0,0,0,0,0,0,0,0,0,0,0,0,0,0,0,0,0,0,0,0,0,0,0,0,0,0,0,0,0,0,0,0,0,0,0,0,0,,,,,0,,,,0
Norway_9,NO,Norwegian Data Protection Authority,15-03-2021,BREACH_NOTIFICATION,N,,N,,DISCUSSED_NO_PRIOR_FOUND,1,Asker municipality,Controller,S.1313 - Local government,"Code: 8411, Description: General public administration activities, Level: 4",PUBLIC_AUTHORITY,Y,Health,N,"Children,Employees",Not_Specified,N,,Not_Assessed,Not_Discussed,120,2004-2020,Not_Assessed,Not_Assessed,Inadequate,Not_Evaluated,N,,Not_Evaluated,"Art. 5, Art. 6, Art. 32(1)(b), Art. 24","Art. 6, Art. 32(1)(b), Art. 24",N,Y,Y,Not_Assessed,Cooperative,During_Investigation,N,N,Neutral,Fine,1000000,NOK,N,Y,"Asker municipality published document titles on its website revealing 127 national ID numbers and confidential details, including matters involving children, across 2004–2020. The DPA found violations of GDPR Articles 6, 32(1)(b), and 24, noted gross negligence and inadequate security measures, and highlighted at least 120 affected individuals. A fine of NOK 1,000,000 was imposed, with emphasis on the long duration and seriousness of the breach.",92000.0,,,1.0,,,,1.0,,1.0,,,,,,,,0,0,0,1,0,0,0,0,0,0,0,1,0,1,0,0,0,0,0,0,0,0,0,0,0,0,0,0,0,0,0,0,0,0,0,0,0,0,1,0,0,0,0,0,0,1.0,0.0,0.0,0.0,0,0.0,1.0,0.0,0
Norway_10,NO,Datatilsynet,04-01-2021,BREACH_NOTIFICATION,N,,N,,DISCUSSED_NO_PRIOR_FOUND,1,Norwegian Sports Confederation and the Olympic and Paralympic Committee,Controller,S.15 - Non-profit institutions serving households,,NON_PROFIT,N,,N,Children,Not_Specified,,,Not_Assessed,Not_Discussed,3200000,87 days,,Not_Assessed,Inadequate,Violated,N,,Not_Evaluated,"Art. 5(1)(a), Art. 5(1)(c), Art. 5(1)(f), Art. 6(1), Art. 32","Art. 5(1)(a), Art. 5(1)(c), Art. 5(1)(f), Art. 6, Art. 32",N,Y,Y,Not_Assessed,Cooperative,During_Investigation,N,N,Mitigating_Factor,Fine,2500000,NOK,N,Y,"NIF tested a cloud solution using real data from 3.2 million individuals, including 486,447 children, exposing it publicly for 87 days due to inadequate security and lack of risk assessment. The DPA found violations of GDPR Art. 5(1)(a),(c),(f), Art. 6, and Art. 32, noting no valid legal basis and insufficient technical and organizational measures. A NOK 2,500,000 fine was proposed after a systematic Art. 83(2) assessment, with mitigation due to limited evidence of harm.",230000.0,,,1.0,,,,,1.0,1.0,,,,,,,,0,0,0,0,0,0,0,0,0,0,0,1,0,0,0,0,0,0,0,0,0,0,0,0,0,0,0,0,0,0,0,0,0,0,0,0,0,0,1,0,0,0,0,0,0,0.0,0.0,,0.0,0,0.0,1.0,0.0,0
Norway_11,NO,Datatilsynet,08-03-2021,OTHER,N,,N,,DISCUSSED_NO_PRIOR_FOUND,1,Dragefossen AS,Controller,S.11 - Non-financial corporations,,BUSINESS,N,,N,Children,Not_Specified,,,Not_Assessed,Not_Discussed,,19 August 2019 to after 1 October 2020,,Not_Assessed,Inadequate,Not_Evaluated,N,,Not_Evaluated,"Art. 6(1), Art. 5(1)(a)","Art. 6(1), Art. 5(1)(a)",N,Y,N,Not_Assessed,Cooperative,During_Investigation,N,N,Neutral,Fine,150000,NOK,N,Y,"The Norwegian DPA fined Dragefossen AS NOK 150,000 for operating a public-space webcam and live-streaming it online without a valid legal basis, violating Art. 6(1) and the lawfulness principle in Art. 5(1)(a). It found individuals were identifiable and any legitimate interests were outweighed, noting wide coverage, a 12-hour rewind, and impact on many residents including children. Dragefossen ended the stream after a warning; cooperation was noted but routines were inadequate, and the fine was set following Art. 83(2) factors.",13800.0,,,,,,,,1.0,1.0,,,,,,,,0,0,0,0,0,0,0,0,0,0,0,1,0,0,0,0,0,0,0,0,0,0,0,0,0,0,0,0,0,0,0,0,0,0,0,0,0,0,1,0,0,0,0,0,0,0.0,0.0,,0.0,0,0.0,1.0,0.0,0
Norway_12,NO,The Data Inspectorate,20-08-2021,COMPLAINT,N,,N,,NOT_DISCUSSED,1,Waxing Palace AS,,S.11 - Non-financial corporations,"Code: 9602, Description: Hairdressing and other beauty treatment, Level: 4",BUSINESS,N,,N,Employees,Not_Specified,,,Not_Assessed,Not_Discussed,,,Not_Assessed,Not_Assessed,Not_Evaluated,Not_Evaluated,N,,Violated,,,N,Y,Not_Assessed,Not_Assessed,Not_Discussed,Not_Discussed,Not_Assessed,Not_Assessed,Not_Considered,Fine,100000,NOK,N,Partially,"The Data Inspectorate fined Waxing Palace AS NOK 100,000 for unlawful camera surveillance in the salon’s reception area. The authority found no legal basis for the CCTV and inadequate transparency about the monitoring, affecting both employees and customers. The fee reflected the seriousness of the breach and the company’s finances, with an appeal deadline of 20 August 2021.",9200.0,,,,,,,,,,,,,,,,,0,0,0,0,0,0,0,0,0,0,0,0,0,1,0,0,0,0,0,0,0,0,0,0,0,0,0,0,0,0,0,0,0,0,0,0,0,0,1,0,0,0,0,0,0,0.0,0.0,,0.0,0,0.0,,0.0,0
Norway_13,NO,Datatilsynet,27-09-2021,EX_OFFICIO_INVESTIGATION,N,,N,,DISCUSSED_NO_PRIOR_FOUND,1,Ferde AS,Controller,,,BUSINESS,N,,N,None_Mentioned,Not_Specified,Y,Standard_Contractual_Clauses,N,Not_Discussed,,between approx. 12 - 25 months,,Not_Assessed,Inadequate,Not_Evaluated,N,,Not_Evaluated,"Art. 28(3), Art. 32(2), Art. 5(1)(f), Art. 5(2), Art. 44","Art. 28(3), Art. 32(2), Art. 5(1)(f), Art. 5(2), Art. 44",N,Not_Evaluated,Y,Not_Assessed,Cooperative,Before_Investigation,N,N,Neutral,Fine,5000000,NOK,N,Y,"The Norwegian DPA fined Ferde AS NOK 5,000,000 for lacking a data processor agreement, documented risk assessment, and a valid transfer mechanism when transferring toll images to China between 2017 and 2019. Initiated ex officio after media reports, the DPA found violations of Art. 28(3), Art. 32(2) with Art. 5(1)(f) and 5(2), and Art. 44, noting significant processing volumes, negligence attributable to the board, and no proven harm. Later remedial measures did not mitigate the fine.",460000.0,,,1.0,,,,,1.0,,,,,,,1.0,,0,0,0,0,0,0,0,0,0,0,0,0,0,0,0,0,0,0,0,0,0,0,0,0,0,0,0,0,1,0,0,0,0,0,0,0,0,0,1,0,0,0,0,0,0,0.0,0.0,1.0,0.0,0,0.0,1.0,0.0,0
Norway_14,NO,Norwegian Data Protection Authority,19-09-2022,COMPLAINT,N,,N,,NOT_DISCUSSED,1,NTNU,,,"Code: 8530, Description: Tertiary education, Level: 4",,N,,N,Employees,Not_Specified,,,Not_Assessed,Not_Discussed,1,,Not_Assessed,Not_Assessed,Not_Evaluated,Not_Evaluated,,,Not_Evaluated,,,Y,Y,Not_Assessed,Not_Assessed,Cooperative,Not_Discussed,Not_Assessed,Not_Assessed,Not_Considered,,0,,N,,"NTNU accessed an employee’s university email without meeting the email regulation’s conditions, and the DPA found no legal basis under the data protection regulation. An initial notice proposed a NOK 150,000 infringement fee, but the final decision confirmed the breach while dropping the fee due to mitigating circumstances submitted by NTNU. Other complaints by the employee were assessed with no breach found.",,,,,,,,,,,,,,,,,,0,0,0,0,0,0,0,0,0,0,0,0,0,1,0,0,0,0,0,0,0,0,0,0,0,0,0,0,0,0,0,0,0,0,0,0,0,0,0,0,0,0,0,0,0,0.0,0.0,,,1,0.0,,0.0,0
Norway_15,NO,The Norwegian Data Protection Authority,09-01-2023,COMPLAINT,N,,N,,NOT_DISCUSSED,1,The Church of Norway by the Council of Churches,Controller,,"Code: 9491, Description: Activities of religious organizations, Level: 4",NON_PROFIT,Y,Religious,N,Children,"Legal_Obligation, Public_Task",N,,Not_Assessed,Not_Discussed,,"1 October 2018 to 14 November 2018, with continued storage until 18 August 2020",Not_Assessed,Not_Assessed,Not_Evaluated,Not_Evaluated,,,Violated,"Art. 5(1)(a), Art. 6(1), Art. 12(1), Art. 14(1)(d), Art. 14(2)(f), Art. 17(1)(d), Art. 17(3)(b)","Art. 6(1), Art. 14(1)(d), Art. 14(2)(f), Art. 12(1)",N,Y,Not_Assessed,Not_Assessed,Cooperative,During_Investigation,,,Neutral,Reprimand,0,EUR,N,,"The DPA reprimanded the Church of Norway for unlawfully obtaining and storing birth notifications of members’ children from the Population Register between 1 October and 14 November 2018 without a valid Article 6 basis. It also found violations of Articles 14(1)(d), 14(2)(f), and 12(1) for failing to provide easily accessible information about categories and the source of data. DNK ceased intake on 14 November 2018 and deleted the data on 18 August 2020; no fine was imposed.",0.0,,,,,,,,,1.0,,,,1.0,1.0,,,0,0,0,0,0,0,0,0,1,0,0,1,0,0,0,0,0,0,0,1,0,1,0,0,0,0,0,0,0,0,0,0,0,0,0,0,0,0,0,0,0,0,0,1,0,1.0,0.0,0.0,,0,0.0,,0.0,0
Norway_16,NO,Norwegian Data Protection Authority,05-10-2021,,,,N,,NOT_DISCUSSED,1,Miljø- og Kvalitetsledelse AS,,S.11 - Non-financial corporations,"Code: 4520, Description: Maintenance and repair of motor vehicles, Level: 4",BUSINESS,Y,Criminal,N,Employees,Not_Specified,,,Not_Assessed,Not_Discussed,,Before 20 July 2018,Not_Assessed,Not_Assessed,Not_Evaluated,Not_Evaluated,N,,Not_Evaluated,"Art. 6(1), Art. 5(1)(a)","Art. 6(1), Art. 5(1)(a)",N,Y,Not_Assessed,Not_Assessed,Not_Discussed,Not_Discussed,Not_Assessed,Not_Assessed,Not_Considered,Fine,3500,EUR,,,"The Norwegian DPA fined Miljø- og Kvalitetsledelse AS EUR 3,500 for unlawfully disclosing CCTV footage and data to the employer of a suspected vandal. The DPA found violations of GDPR Articles 6(1) and 5(1)(a) because disclosure was unnecessary, noting the footage had already been given to the police; the infringement occurred before 20 July 2018 and the fine level followed previous legislation.",3500.0,,,,,,,,1.0,1.0,,,,,,,,0,1,0,0,0,0,0,0,0,0,0,0,0,1,0,0,0,0,0,0,0,0,0,0,0,0,0,0,0,0,0,0,0,0,0,0,0,0,1,0,0,0,0,0,0,1.0,0.0,,0.0,0,,,,0
Norway_17,NO,Datatilsynet,22-12-2020,BREACH_NOTIFICATION,N,,N,,DISCUSSED_NO_PRIOR_FOUND,1,Coop Finnmark SA,Controller,S.11 - Non-financial corporations,"Code: 47, Description: Retail trade, except of motor vehicles and motorcycles, Level: 2",BUSINESS,N,,N,Children,"Legitimate_Interest, Not_Specified",,,Not_Assessed,Not_Discussed,2-3,One-time event,,Not_Assessed,Not_Evaluated,Not_Evaluated,N,,Not_Evaluated,"Art. 6, Art. 5(1)(a)","Art. 6, Art. 5(1)(a)",N,Y,Y,N,Cooperative,Before_Investigation,Not_Assessed,Not_Assessed,Mitigating_Factor,Fine,400000,NOK,N,Y,"The Norwegian DPA fined Coop Finnmark SA NOK 400,000 for unlawfully disclosing CCTV footage of children by filming and sharing it via a private phone, breaching Art. 6 and Art. 5(1)(a). Legitimate interest under Art. 6(1)(f) was rejected given the availability of reporting to police and the special protection for children, with gross negligence attributed to the store manager. Mitigating actions included apologies and deletion requests, but the fine reflected seriousness, potential harm, and the company’s finances.",36800.0,,,,,,,,1.0,1.0,,,,,,,,0,0,0,0,0,0,0,0,0,0,0,1,0,0,0,0,0,0,0,0,1,0,0,0,0,0,0,0,0,0,0,0,0,0,0,0,0,0,1,0,0,0,0,0,0,0.0,0.0,,0.0,0,0.0,1.0,0.0,0
Norway_18,NO,Norwegian Data Protection Authority,28-10-2024,OTHER,N,,N,,NOT_DISCUSSED,1,Disqus Inc.,Controller,S.11 - Non-financial corporations,,BUSINESS,N,,Y,None_Mentioned,Consent,,,Not_Assessed,Not_Discussed,,20 July 2018 to 12 December 2019,Not_Assessed,Not_Assessed,Not_Evaluated,Not_Evaluated,N,,Not_Evaluated,"Art. 3(2), Art. 4(11), Art. 5(1)(a), Art. 6(1), Art. 7(1), Art. 55, Art. 57, Art. 58, Art. 83(2)(i)","Art. 6(1), Art. 5(1)(a)",N,Y,Not_Assessed,Not_Assessed,Cooperative,Before_Investigation,Not_Assessed,Not_Assessed,Mitigating_Factor,Reprimand,0,,N,,"The Norwegian DPA reprimanded Disqus Inc. for disclosing Norwegian users’ personal data in real time to parent company Zeta Global without a valid legal basis, breaching GDPR Art. 6(1) and the lawfulness principle in Art. 5(1)(a). The case stemmed from media reports about Disqus deploying a non-EEA version of its widget on Norwegian sites (2018–2019); the DPA limited its assessment to subsequent processing and found claimed consent invalid under GDPR. Given evidentiary limitations, immediate deletion of data, and long processing time, the DPA issued a reprimand instead of the initially notified fine.",,,,,,,,,1.0,1.0,,,,,,,,0,0,0,0,0,0,0,0,0,0,0,0,0,0,0,0,0,1,0,0,0,0,0,0,0,0,0,0,0,0,0,0,0,0,0,0,0,0,0,0,0,0,0,1,0,0.0,1.0,,0.0,0,0.0,,0.0,0
Norway_20,NO,Datatilsynet,20-09-2021,BREACH_NOTIFICATION,N,,N,,NOT_DISCUSSED,1,St. Olavs hospital HF,Controller,,"Code: 8610, Description: Hospital activities, Level: 4",PUBLIC_AUTHORITY,Y,Health,N,Children|Patients,Not_Specified,N,,Not_Assessed,Not_Discussed,,"From 2011-2020, 2015-2020, and 2018-2019 across three incidents",,Not_Assessed,Inadequate,Not_Evaluated,N,,Not_Evaluated,"Art. 5(1)(f), Art. 5(2), Art. 24, Art. 30(1), Art. 32","Art. 32, Art. 24",N,Not_Evaluated,Y,N,Cooperative,During_Investigation,Not_Assessed,Not_Assessed,Mitigating_Factor,Fine,750000,NOK,N,Y,"A Norwegian hospital reported three security deviations where patient health data, including cardiology and child psychiatry information, was improperly accessible and insufficiently logged over several years. The DPA found negligent failures in access control and logging, concluding violations of GDPR Articles 32 and 24 (with references to Article 5), and imposed a NOK 750,000 fine after assessing Article 83(2) factors. Mitigating measures implemented by the hospital and self-reporting were considered but did not negate the seriousness and duration of the breaches.",69000.0,,,1.0,,,,1.0,,,,,,,,,,0,0,0,1,0,0,0,0,0,0,0,0,0,0,0,0,0,0,0,0,0,0,0,0,0,0,0,0,0,0,0,0,0,0,0,0,0,0,1,0,0,0,0,0,0,1.0,0.0,0.0,0.0,0,0.0,1.0,0.0,0
Norway_21,NO,Norwegian Data Protection Authority,21-08-2020,COMPLAINT,N,,N,,NOT_DISCUSSED,1,Bodø Kommunale Pensjonskasse (BKP),Controller,S.12 - Financial corporations,"Code: 6530, Description: Pension funding, Level: 4",BUSINESS,Y,Health,N,Employees,Not_Specified,N,,Not_Assessed,Not_Discussed,1053,2000-2015,Not_Assessed,Not_Assessed,Not_Evaluated,Compliant,N,,Not_Evaluated,"Art. 5(1)(c), Art. 6, Art. 9","Art. 6, Art. 9",N,Y,Not_Assessed,Not_Assessed,Cooperative,Before_Investigation,Not_Assessed,Not_Assessed,Mitigating_Factor,Reprimand,,,N,,"The DPA issued an advance notice of reprimand to Bodø Kommunale Pensjonskasse for compiling identifiable health-related statistics and disclosing sensitive data to Bodø Municipality without a valid legal basis under Articles 6 and 9 GDPR. It evaluated data minimization regarding medical certificates (no clear breach found) but found the statistics and disclosure incompatible with GDPR. BKP had adjusted practices in 2017 and 2018, and the case was handled under the new law leading to a milder reaction.",,,,,,,,,,1.0,,,,,,,,0,0,0,1,0,0,0,0,0,0,0,0,0,1,0,0,0,0,0,0,0,0,0,0,0,0,0,0,0,0,0,0,0,0,0,0,0,0,0,0,0,0,0,1,0,1.0,0.0,0.0,0.0,0,0.0,,0.0,0
Norway_22,NO,Norwegian Data Protection Authority,21-08-2020,OTHER,N,,N,,NOT_DISCUSSED,1,Bodø Kommunale Pensjonskasse,Controller,S.12 - Financial corporations,"Code: 6530, Description: Pension funding, Level: 4",BUSINESS,Y,Health,N,Employees,Contract,N,,Not_Assessed,Not_Discussed,1053,2000-2015,Not_Assessed,Not_Assessed,Not_Evaluated,Not_Evaluated,N,,Not_Evaluated,"Art. 5(1)(c), Art. 6, Art. 9","Art. 6, Art. 9",N,Y,Not_Assessed,Not_Assessed,Cooperative,Before_Investigation,Not_Assessed,Not_Assessed,Mitigating_Factor,Reprimand,0,EUR,N,,"The DPA initiated an investigation based on a whistleblower notification about Bodø Kommunale Pensjonskasse’s handling of health data, including obtaining medical certificates, compiling identifiable statistics, and sharing them with Bodø Municipality. It found violations of GDPR Articles 6 and 9 for compiling non-anonymised health-related statistics and disclosing sensitive data to the municipality without a valid legal basis, and issued an advance notice of reprimand. BKP had previously adjusted certain practices (e.g., reduced medical certificate collection in 2017 and board reporting changes in 2018).",0.0,,,,,,,,,1.0,,,,,,,,0,0,0,1,0,0,0,0,0,0,0,0,0,1,0,0,0,0,1,0,0,0,0,0,0,0,0,0,0,0,0,0,0,0,0,0,0,0,0,0,0,0,0,1,0,1.0,0.0,0.0,0.0,0,0.0,,0.0,0
Norway_23,NO,Privacy Board,10-11-2020,OTHER,N,,Y,Successful,NOT_DISCUSSED,1,Sbanken ASA,Controller,S.12 - Financial corporations,"Code: 6419, Description: Other monetary intermediation, Level: 4",BUSINESS,N,,N,None_Mentioned,Not_Specified,,,Not_Assessed,Not_Discussed,1,Several years,Not_Assessed,Not_Assessed,Not_Evaluated,Not_Evaluated,Y,Rectification,Not_Evaluated,"Art. 2(2), Art. 4(1), Art. 5(1)(d), Art. 16, Art. 58(2)(g)",,Y,Not_Evaluated,Not_Assessed,Not_Assessed,Cooperative,,N,Not_Assessed,Neutral,,0,,N,,"Sbanken appealed a Datatilsynet order to correct a customer’s name capitalization (“van”). The Privacy Board held that capitalization differences do not make the data “incorrect” under GDPR Art. 16, considering purpose and varying naming conventions, and that identification risk was unaffected. It reversed the order, finding no infringement.",,,,,,,,,,,,,,,,,,0,0,0,0,0,0,0,0,0,0,0,0,0,0,0,0,0,0,0,0,0,0,0,0,0,0,0,0,0,0,0,0,0,0,1,0,0,0,0,0,0,0,0,0,0,0.0,0.0,,1.0,1,0.0,,0.0,1
Norway_24,NO,The Norwegian Data Protection Authority (Datatilsynet),20-09-2021,BREACH_NOTIFICATION,N,,N,,NOT_DISCUSSED,1,Høylandet municipality,Controller,S.13 - General government,"Code: 8411, Description: General public administration activities, Level: 4",PUBLIC_AUTHORITY,Y,Health,N,Patients,Not_Specified,,,Not_Assessed,Not_Discussed,,01.01.2018 to 15.11.2019,,Not_Assessed,Inadequate,Not_Evaluated,N,,Not_Evaluated,"Art. 5(1)(f), Art. 5(2), Art. 9(1), Art. 24, Art. 32","Art. 32, Art. 24",N,Not_Evaluated,Y,N,Partially_Cooperative,During_Investigation,Not_Assessed,Not_Assessed,Mitigating_Factor,Fine,400000,NOK,N,Y,"The Norwegian DPA fined Høylandet municipality NOK 400,000 for inadequate security under Articles 32 and 24 after employees could access health data of individuals unconnected to the municipality due to a misconfigured script in a vendor system. The municipality failed to take adequate measures for about 11 months, with negligence and partly intentional conduct noted; no concrete harm was known, and self-reporting was considered. Special category (health) data was involved, and measures were implemented only after the DPA’s notice.",36800.0,,,1.0,,,,1.0,,,,,,,,,,0,0,0,1,0,0,0,0,0,0,0,0,0,0,0,1,0,0,0,0,0,0,0,0,0,0,0,0,0,0,0,0,0,0,0,0,0,0,1,0,0,0,0,0,0,1.0,0.0,,0.0,0,0.0,1.0,0.0,0
Norway_25,NO,The Norwegian Data Protection Authority,24-11-2021,BREACH_NOTIFICATION,N,,N,,NOT_DISCUSSED,1,Government Pension Fund (SPK),Controller,S.13 - General government,"Code: 8430, Description: Compulsory social security activities, Level: 4",PUBLIC_AUTHORITY,Y,Health,N,Other_Vulnerable,"Legal_Obligation, Public_Task",N,,Not_Assessed,Not_Discussed,44000,October 2016 to October 2019,Not_Assessed,Not_Assessed,Adequate,Violated,N,,Not_Evaluated,"Art. 5(1)(c), Art. 5(1)(e), Art. 5(1)(f), Art. 6(1), Art. 9(2), Art. 33","Art. 5(1)(c), Art. 5(1)(e), Art. 6(1)",Y,Y,Y,Not_Assessed,Cooperative,During_Investigation,Not_Assessed,Not_Assessed,Mitigating_Factor,Fine,1000000,NOK,N,Y,"Datatilsynet fined the Government Pension Fund (SPK) NOK 1,000,000 for unlawfully collecting and retaining unnecessary income data, including health-related disability pension information, for post-settlement. It found violations of GDPR Art. 5(1)(c) and (e) and the necessity requirement in Art. 6(1) (cf. Art. 9(2)), affecting about 44,000 individuals from October 2016 to October 2019, while finding no breach of confidentiality. Mitigating factors included self-reporting and remedial measures (blocking, deletion, filters), and the DPA applied Art. 83(2) factors to set the fine.",92000.0,,,,,,,,1.0,1.0,,,,,,,,0,0,0,1,0,0,0,0,0,0,0,0,0,0,1,0,0,0,0,1,0,1,0,0,0,0,0,0,0,0,0,0,0,0,0,0,0,0,1,0,0,0,0,0,0,1.0,0.0,0.0,0.0,1,0.0,1.0,0.0,0
Norway_26,NO,Datatilsynet,,COMPLAINT,N,,N,,DISCUSSED_NO_PRIOR_FOUND,1,Gveik AS,Controller,S.11 - Non-financial corporations,,BUSINESS,N,,N,None_Mentioned,Not_Specified,,,Not_Assessed,Not_Discussed,1,Single incident,Not_Assessed,Not_Assessed,Inadequate,Not_Evaluated,N,,Not_Evaluated,"Art. 5(1), Art. 5(2), Art. 6, Art. 24, Art. 32","Art. 6, Art. 5(2)",N,Y,Y,Not_Assessed,Cooperative,,N,N,Mitigating_Factor,"Fine, Compliance_Order",75000,NOK,Y,Y,"The Norwegian DPA fined Gveik AS NOK 75,000 and ordered it to implement internal controls after a curiosity-driven credit check lacked a legal basis under Article 6 and breached Article 5(2). The DPA found the processing intrusive and organizational measures inadequate, assessing factors under Article 83(2). No special-category data were involved; cooperation and limited impact mildly mitigated, but absence of legitimate interest and routines warranted sanctions.",6900.0,,,,,,,,1.0,1.0,,,,,,,,0,0,0,0,0,0,0,0,0,0,0,0,0,0,0,0,0,0,0,0,0,0,0,0,0,0,0,0,0,0,0,0,0,0,0,0,1,0,1,0,0,0,0,0,0,0.0,0.0,,0.0,0,1.0,1.0,0.0,0
Norway_27,NO,The Norwegian Data Protection Authority,,COMPLAINT,N,,N,,NOT_DISCUSSED,1,,Controller,S.11 - Non-financial corporations,,BUSINESS,,,N,Employees,Not_Specified,,,Not_Assessed,Not_Discussed,1,,Not_Assessed,Not_Assessed,Inadequate,Not_Evaluated,N,,Not_Evaluated,Art. 6,Art. 6,N,Y,Not_Assessed,Not_Assessed,Not_Discussed,,Not_Assessed,Not_Assessed,Not_Considered,Fine|Compliance_Order,250000,NOK,,N,"The Norwegian DPA fined an unnamed company NOK 250,000 for unlawful automatic forwarding and monitoring of an employee’s email without a legal basis. It cited violations of national rules on employer access to email and GDPR legal basis requirements, and ordered improvements to internal control and guidelines. The company has three weeks to appeal.",23000.0,,,,,,,,,1.0,,,,,,,,0,0,0,0,0,0,0,0,0,0,0,0,0,1,0,0,0,0,0,0,0,0,0,0,0,0,0,0,0,0,0,0,0,0,0,0,0,0,0,0,0,0,0,0,0,,0.0,,0.0,0,,0.0,0.0,0
Norway_28,NO,Privacy Board,09-11-2020,COMPLAINT,N,,Y,Successful,NOT_DISCUSSED,1,Arendal municipality,Controller,S.1313 - Local government,"Code: 8411, Description: General public administration activities, Level: 4",PUBLIC_AUTHORITY,,,N,"Children, Students",Legal_Obligation,,,Y,Not_Discussed,,,Not_Assessed,Required_Not_Conducted,Inadequate,Not_Evaluated,N,,Violated,"Art. 6, Art. 9, Art. 5(1)(a), Art. 5(1)(d), Art. 12, Art. 13, Art. 14, Art. 15, Art. 16, Art. 24, Art. 30, Art. 32(2), Art. 35, Art. 58(2)(f), Art. 17(1)(d)","Art. 12, Art. 30, Art. 32(2), Art. 35(7)",Y,N,Not_Assessed,Not_Assessed,Not_Discussed,During_Investigation,N,Not_Assessed,Neutral,,0,NOK,N,,"Arendal municipality appealed the DPA’s ban and deletion order regarding the non-anonymous school mapping tool Spekter. The Privacy Board found a valid legal basis under GDPR Art. 6(1)(c) with the Education Act ch. 9A, but identified violations related to transparency (Art. 12), missing records (Art. 30), lack of risk assessment (Art. 32(2)) and DPIA (Art. 35(7)). It stated that future lawful use requires establishing internal control documentation and routines to safeguard data subjects’ rights and information security.",0.0,,,1.0,,1.0,,,,,,1.0,,1.0,,,,0,0,0,0,0,0,0,0,0,0,0,1,0,0,0,0,1,0,0,1,0,0,0,0,0,0,0,0,0,0,0,0,0,0,0,0,0,0,0,0,0,0,0,0,0,,0.0,,0.0,1,0.0,,0.0,1
Norway_29,NO,The Norwegian Data Protection Authority,,,,,N,,NOT_DISCUSSED,1,Indre Østfold municipality,,S.1313 - Local government,"Code: 8411, Description: General public administration activities, Level: 4",PUBLIC_AUTHORITY,Y,Other,N,Students,Not_Specified,,,Not_Assessed,Not_Discussed,1,from Friday 27 September to Monday 30 September,Not_Assessed,Not_Assessed,Not_Evaluated,Not_Evaluated,,,Not_Evaluated,,,N,Not_Evaluated,,,Cooperative,During_Investigation,Not_Assessed,Not_Assessed,Neutral,Fine,200000,NOK,,N,"The Norwegian DPA fined Indre Østfold municipality NOK 200,000 for breaching confidentiality by publishing a former student’s file on its website. The file contained confidential personal data and was online from Friday 27 September to Monday 30 September before removal after a journalist alerted the municipality; the data subject was notified. Subsequent remedial measures were considered but did not affect the fine amount.",18400.0,,,,,,,,,,,,,,,,,0,0,0,0,1,0,0,0,0,0,0,0,0,0,0,0,1,0,0,0,0,0,0,0,0,0,0,0,0,0,0,0,0,0,0,0,0,0,1,0,0,0,0,0,0,1.0,0.0,,,0,,0.0,,0
Norway_30,NO,The Norwegian Data Protection Authority,,COMPLAINT,N,,N,,NOT_DISCUSSED,1,Innovation Norway,Controller,,,,N,,N,None_Mentioned,Not_Specified,,,Not_Assessed,Not_Discussed,,,Not_Assessed,Not_Assessed,Not_Evaluated,Not_Evaluated,N,,Not_Evaluated,,,N,Y,Not_Assessed,Not_Assessed,Not_Discussed,Not_Discussed,Not_Assessed,Not_Assessed,Not_Considered,Fine,1000000,NOK,,N,"The Norwegian Data Protection Authority fined Innovation Norway NOK 1,000,000 for conducting credit assessments without a valid legal basis or any relevant relationship to the complainant. The DPA emphasized that credit information on a sole proprietorship is personal data about the owner and requires a lawful processing basis; repeated checks were perceived as offensive, and the fine amount remained unchanged from the prior notice. Innovation Norway has a three-week appeal period.",92000.0,,,,,,,,,,,,,,,,,0,0,0,0,0,0,0,0,0,0,0,0,0,0,0,0,0,0,0,0,0,0,0,0,0,0,0,0,0,0,0,0,0,0,0,0,0,0,1,0,0,0,0,0,0,0.0,0.0,,0.0,0,,0.0,0.0,0
Norway_33,NO,Norwegian Data Protection Authority,02-08-2022,COMPLAINT,N,,N,,NOT_DISCUSSED,1,Krokatjønnveien 15 AS,Controller,S.11 - Non-financial corporations,,BUSINESS,N,,N,None_Mentioned,Legitimate_Interest,,,Not_Assessed,Not_Discussed,2,,Not_Assessed,Not_Assessed,Not_Evaluated,Not_Evaluated,N,,Not_Evaluated,Art. 6(1)(f),Art. 6(1)(f),N,Y,Not_Assessed,Not_Assessed,Not_Discussed,Not_Discussed,Not_Assessed,Not_Assessed,Not_Considered,"Fine, Compliance_Order",300000,NOK,N,,"Norway’s DPA fined Krokatjønnveien 15 AS NOK 300,000 for conducting two credit assessments without a legal basis, following complaints from two individuals. The DPA found no legitimate interest justified the processing of sensitive financial information in the credit checks. The company was also ordered to establish written routines for credit assessments.",27600.0,,,,,,,,,1.0,,,,,,,,0,0,0,0,0,0,0,0,0,0,0,0,0,0,0,0,0,0,0,0,1,0,0,0,0,0,0,0,0,0,0,0,0,0,0,0,1,0,1,0,0,0,0,0,0,0.0,0.0,,0.0,0,0.0,,0.0,0
Norway_34,NO,Norwegian Data Protection Authority,24-01-2021,COMPLAINT,N,,N,,DISCUSSED_NO_PRIOR_FOUND,1,Grindr LLC,Controller,S.11 - Non-financial corporations,"Code: 6312, Description: Web portals, Level: 4",BUSINESS,Y,Sexual,Y,None_Mentioned,Consent,,,Not_Assessed,Not_Discussed,,20-07-2018 to 08-04-2020,Not_Assessed,Not_Assessed,Inadequate,Not_Evaluated,N,,Violated,"Art. 5(1)(a), Art. 5(1)(b), Art. 6(1)(a), Art. 7, Art. 9(1), Art. 9(2)(a), Art. 9(2)(e), Art. 25, Art. 32, Art. 24, Art. 5(2)","Art. 6(1)(a), Art. 9(1), Art. 5(1)(b)",N,Y,N,Not_Assessed,Cooperative,During_Investigation,N,Y,Neutral,Fine,100000000,NOK,N,Y,"The NO DPA issued an advance notification to fine Grindr for unlawfully sharing user data with advertising partners based on invalid consent and for disclosing special category data concerning sexual orientation. It found consent was not freely given, specific, informed, or unambiguous, and that Article 9(1) was breached, considering aggravating factors including scope, duration, and sensitivity of data. A fine of NOK 100 million was deemed effective, proportionate, and dissuasive.",9200000.0,,,,,,,,1.0,1.0,,,,,,,,0,0,0,0,0,0,0,0,0,1,0,0,0,0,0,0,0,1,0,0,0,0,0,0,0,0,0,0,0,0,0,0,0,0,0,0,0,0,1,0,0,0,0,0,0,1.0,1.0,,0.0,0,0.0,1.0,0.0,0
Norway_36,NO,Norwegian Data Inspectorate,,EX_OFFICIO_INVESTIGATION,N,,N,,NOT_DISCUSSED,1,Telenor Norge AS,Controller,S.11 - Non-financial corporations,"Code: 6120, Description: Wireless telecommunications activities, Level: 4",BUSINESS,,,N,None_Mentioned,Not_Specified,,,Not_Assessed,Not_Discussed,1300000,several years,Not_Assessed,Not_Assessed,Inadequate,Not_Evaluated,,,Not_Evaluated,"Art. 32(1), Art. 33","Art. 32(1), Art. 33",N,Not_Evaluated,Not_Assessed,Not_Assessed,Not_Discussed,Not_Discussed,Not_Assessed,Not_Assessed,Not_Considered,Reprimand,,,,,"The Norwegian Data Inspectorate issued a notice of reprimand to Telenor Norge AS for inadequate security in its voicemail function and failure to notify a personal data breach under GDPR Article 33. The vulnerability allowed voicemail interception via spoofing services for several years, affecting about 1.3 million Norwegian mobile subscribers, constituting a violation of Article 32(1). Considering NKOM had already imposed a separate fine under telecom law, the DPA opted for a reprimand under Article 58(2)(b) to avoid double punishment.",,,,1.0,,,,,,,1.0,,,,,,,0,0,0,0,0,0,0,0,0,0,0,0,0,0,0,0,0,0,0,0,0,0,0,0,0,0,0,0,0,0,0,0,0,0,0,0,0,0,0,0,0,0,0,1,0,,0.0,,,0,,,0.0,0
Norway_37,NO,Norwegian Data Protection Authority,09-01-2023,BREACH_NOTIFICATION,N,,N,,NOT_DISCUSSED,1,POSTNORD AS,Controller,S.11 - Non-financial corporations,"Code: 53, Description: Postal and courier activities, Level: 2",BUSINESS,N,,N,None_Mentioned,Not_Specified,,,Not_Assessed,Not_Discussed,,31 March 2017 to 21 February 2020; and 8 August 2019 to 6 March 2020,Not_Assessed,Not_Assessed,Inadequate,Not_Evaluated,N,,Not_Evaluated,"Art. 5(1)(a), Art. 5(1)(b), Art. 5(1)(c), Art. 5(1)(f), Art. 24(1), Art. 32(1), Art. 32(2), Art. 58(2)(d)",Art. 32,N,Not_Evaluated,Not_Assessed,Not_Assessed,Cooperative,During_Investigation,Not_Assessed,Not_Assessed,Mitigating_Factor,Compliance_Order,0,,N,,The Norwegian DPA ordered PostNord AS to implement suitable technical measures for the “mypostnord” service after two breach notifications revealed unauthorized access to customer profiles via reassigned or mistyped phone numbers. The DPA found an infringement of Article 32 for inadequate measures ensuring confidentiality and required remediation under Article 58(2)(d); PostNord accepted and planned to introduce two-factor authentication. No fine was imposed.,,,,1.0,,,,,,,,,,,,,,0,0,0,0,0,0,0,0,0,0,0,0,0,0,0,0,0,0,0,0,0,0,0,0,0,0,0,0,0,0,0,0,0,0,0,0,1,0,0,0,0,0,0,0,0,0.0,0.0,,0.0,0,0.0,,0.0,0
Norway_38,NO,Datatilsynet,15-03-2021,BREACH_NOTIFICATION,N,,N,,DISCUSSED_NO_PRIOR_FOUND,1,Ålesund Municipality,Controller,S.13 - General government,"Code: 8411, Description: General public administration activities, Level: 4",PUBLIC_AUTHORITY,,,N,Students,Not_Specified,,,Not_Assessed,Not_Discussed,,,Not_Assessed,Required_Not_Conducted,Inadequate,Not_Evaluated,N,,Not_Evaluated,"Art. 24(1), Art. 32(1)(b), Art. 35, Art. 5","Art. 24(1), Art. 32(1)(b), Art. 35",N,Not_Evaluated,Y,Not_Assessed,Not_Discussed,During_Investigation,N,N,Mitigating_Factor,Fine,50000,NOK,N,Y,"Ålesund Municipality required students to use Strava on their private phones for PE classes, using tracking to verify task completion. The DPA found failures to implement appropriate measures, conduct a risk assessment, and perform a DPIA, violating Art. 24(1), Art. 32(1)(b) and Art. 35, and imposed a NOK 50,000 fine. The decision cited gross negligence, risks from exposure of names and location data, and noted prompt remedial measures as mitigating.",4600.0,,,1.0,,1.0,,1.0,,,,,,,,,,0,0,0,0,0,0,0,0,0,0,0,0,0,0,0,0,1,0,0,0,0,0,0,0,0,0,0,0,0,0,0,0,0,0,0,0,0,0,1,0,0,0,0,0,0,,0.0,,0.0,0,0.0,1.0,0.0,0
Norway_39,NO,Data Inspectorate,,COMPLAINT,N,,N,,NOT_DISCUSSED,1,Cyberbook AS,Controller,S.11 - Non-financial corporations,,BUSINESS,N,,N,Employees,Not_Specified,,,Not_Assessed,Not_Discussed,1,several months,Not_Assessed,Not_Assessed,Not_Evaluated,Not_Evaluated,Y,Objection,Violated,,,N,Y,Not_Assessed,Not_Assessed,Not_Discussed,Not_Discussed,Not_Assessed,Not_Assessed,Not_Considered,"Fine,Compliance_Order",200000,NOK,,N,"The DPA fined Cyberbook AS NOK 200,000 for illegally auto-forwarding a former employee’s email for several months without informing them. It found violations of rules on employer access to email, lack of legal basis, failure to inform the data subject, failure to assess objections, and breaches of deletion rules. The DPA ordered Cyberbook to establish written routines for access to current and former employees’ email boxes.",18400.0,,,,,,,,,,,,,,,,,0,0,0,0,0,0,0,0,0,0,0,0,0,1,0,0,0,0,0,0,0,0,0,0,0,0,0,0,0,0,0,0,1,0,0,0,1,0,1,0,0,0,0,0,0,0.0,0.0,,1.0,0,,0.0,0.0,0
Norway_40,NO,Datatilsynet,04-06-2021,BREACH_NOTIFICATION,N,,N,,DISCUSSED_NO_PRIOR_FOUND,1,Moss municipality,Controller,S.13 - General government,"Code: 8411, Description: General public administration activities, Level: 4",PUBLIC_AUTHORITY,Y,Health,N,Children,Not_Specified,N,,Not_Assessed,Not_Discussed,2000,13 January 2020 to 4 March 2020,,Not_Assessed,Inadequate,Not_Evaluated,N,,Not_Evaluated,"Art. 32(1)(b), Art. 32(1)(d), Art. 34, Art. 9","Art. 32(1)(b), Art. 32(1)(d)",N,Not_Evaluated,Y,Not_Assessed,Uncooperative,During_Investigation,Not_Assessed,N,Mitigating_Factor,Fine,500000,NOK,N,Y,"The Norwegian DPA fined Moss municipality NOK 500,000 for inadequate technical and organizational measures during an IT system conversion that caused health data errors and unauthorized access, violating GDPR Art. 32(1)(b) and (d). Around 2,000 people were potentially affected; lack of risk assessment and insufficient testing were key failings, though the municipality notified the DPA and later implemented preventive measures. No prior violations or financial benefit were found, and the DPA applied Art. 83 factors in setting the fine.",46000.0,,,1.0,,,,,,,,,,,,,,0,0,0,1,0,0,0,0,0,0,0,1,0,0,0,0,0,0,0,0,0,0,0,0,0,0,0,0,0,0,0,0,0,0,0,0,0,0,1,0,0,0,0,0,0,1.0,0.0,0.0,0.0,0,0.0,1.0,0.0,0
Norway_41,NO,The Norwegian Data Protection Authority,,COMPLAINT,,,N,,NOT_DISCUSSED,1,,,,,BUSINESS,,,N,Employees,Not_Specified,,,Not_Assessed,Not_Discussed,1,more than a month,Not_Assessed,Not_Assessed,Inadequate,Not_Evaluated,Y,Objection,Violated,,,N,Y,Not_Assessed,Not_Assessed,Not_Discussed,Not_Discussed,Not_Assessed,Not_Assessed,Not_Considered,Fine|Compliance_Order,400000,NOK,,N,"The Norwegian DPA fined an unnamed company NOK 400,000 and ordered improved routines after it automatically forwarded an employee’s mailbox during sick leave for over a month. It found violations of rules on employer access, lack of legal basis, inadequate information to the data subject, and failure to assess the employee’s protest. The company has appealed.",36800.0,,,,,,,,,,,,,,,,,0,0,0,0,0,0,0,0,0,0,0,0,0,1,0,0,0,0,0,0,0,0,0,0,0,0,0,0,0,0,0,0,1,0,0,0,0,0,0,0,0,0,0,0,0,,0.0,,1.0,0,,0.0,,0
Norway_42,NO,Datatilsynet,02-07-2020,BREACH_NOTIFICATION,N,,N,,DISCUSSED_NO_PRIOR_FOUND,1,Rælingen municipality,Controller,S.13 - General government,"Code: 8411, Description: General public administration activities, Level: 4",PUBLIC_AUTHORITY,Y,Health,N,"Children,Students",Not_Specified,N,,Y,Not_Discussed,15,October 2018 to March 2019,,Required_Not_Conducted,Inadequate,Not_Evaluated,N,,Not_Evaluated,"Art. 5(1)(f), Art. 5(2), Art. 24, Art. 32(1)(b), Art. 32(1)(d), Art. 35","Art. 5(1)(f), Art. 5(2), Art. 24, Art. 32(1)(b), Art. 32(1)(d), Art. 35",N,Not_Evaluated,Y,N,Cooperative,During_Investigation,N,N,Mitigating_Factor,Fine,500000,NOK,Y,Y,"A Norwegian municipality used the Showbie app for communicating children’s health data without adequate security, lacking two-factor authentication, risk assessment, and a required DPIA. The DPA found violations of Art. 32(1)(b) and (d), Art. 24, Art. 35, and Art. 5(1)(f) and 5(2), noting high risk to children’s rights though no actual damage was established. An administrative fine of NOK 500,000 was imposed, with timely deletion considered a mitigating factor.",46000.0,,,1.0,,1.0,,1.0,1.0,,,,,,,,,0,0,0,1,0,0,0,0,0,0,0,1,0,0,0,0,1,0,0,0,0,0,0,0,0,0,0,0,0,0,0,0,0,0,0,0,0,0,1,0,0,0,0,0,0,1.0,0.0,0.0,0.0,0,1.0,1.0,0.0,0
Norway_43,NO,The Norwegian Data Inspectorate,,,,,N,,NOT_DISCUSSED,1,Odin Flissenter AS,,S.11 - Non-financial corporations,,,N,,N,None_Mentioned,Not_Specified,,,Not_Assessed,Not_Discussed,1,,Not_Assessed,Not_Assessed,Not_Evaluated,Not_Evaluated,,,Not_Evaluated,,,N,Y,Not_Assessed,Not_Assessed,Not_Discussed,Not_Discussed,Not_Assessed,Not_Assessed,Not_Considered,"Fine, Compliance_Order",300000,NOK,,N,"The Norwegian Data Inspectorate notified Odin Flissenter AS of an order and a NOK 300,000 violation fee for credit rating a single-person enterprise without a valid legal basis. The DPA emphasized that credit information about individual companies constitutes personal data linked to the owner’s personal finances and requires a lawful basis. It stressed such data should not be collected by businesses unless objectively justified.",27600.0,,,,,,,,,,,,,,,,,0,0,0,0,0,0,0,0,0,0,0,0,0,0,0,0,0,0,0,0,0,0,0,0,0,0,0,0,0,0,0,0,0,0,0,0,1,0,1,0,0,0,0,0,0,0.0,0.0,,,0,,0.0,,0
Norway_44,NO,Datatilsynet,01-04-2021,COMPLAINT,N,,N,,,1,Aquateknikk AS,Controller,S.11 - Non-financial corporations,,BUSINESS,N,,N,None_Mentioned,Not_Specified,,,Not_Assessed,Not_Discussed,1,Single incident,,Not_Assessed,Inadequate,Not_Evaluated,N,,Not_Evaluated,"Art. 5(1)(a), Art. 5(2), Art. 6(1)(f), Art. 6(1)(e), Art. 6(3), Art. 24, Art. 83","Art. 6(1)(f), Art. 5(1)(a), Art. 24",N,Y,Y,N,Partially_Cooperative,During_Investigation,Not_Assessed,N,Mitigating_Factor,"Fine, Compliance_Order",100000,NOK,N,Y,"The Norwegian DPA fined Aquateknikk AS for unlawfully obtaining a competitor’s personal credit information without a valid legal basis and ordered improved internal controls under Art. 24. The DPA rejected arguments for Art. 6(1)(e) and found Art. 6(1)(f) not met, stressing the intrusiveness of credit data and negligence by management. A NOK 100,000 fine and a compliance order were imposed, considering Article 83 factors and the company’s financial situation.",9200.0,,,,,,,1.0,1.0,1.0,,,,,,,,0,0,0,0,0,0,0,0,0,0,0,0,0,0,0,0,0,0,0,0,0,0,0,0,0,0,0,0,0,0,0,0,0,0,0,0,1,0,1,0,0,0,0,0,0,0.0,0.0,,0.0,0,0.0,1.0,0.0,0
Norway_45,NO,Datatilsynet,06-07-2021,COMPLAINT,N,,N,,NOT_DISCUSSED,1,Radio Grenland AS,Controller,S.11 - Non-financial corporations,"Code: 6010, Description: Radio broadcasting, Level: 4",BUSINESS,N,,N,Employees,Legitimate_Interest,,,Not_Assessed,Not_Discussed,,6 weeks of daily access; mailbox kept open until January 2020,Not_Assessed,Not_Assessed,Inadequate,Not_Evaluated,Y,Objection,Violated,"Art. 6(1)(f), Art. 13, Art. 17(1)(e), Art. 21, Art. 24, Art. 5(1)(a), Art. 5(1)(e), Art. 5(2)","Art. 6(1)(f), Art. 13, Art. 17(1)(e), Art. 21, Art. 24",N,Y,N,Y,Cooperative,During_Investigation,Not_Assessed,Not_Assessed,Neutral,Fine|Compliance_Order,150000,NOK,N,Y,"The Norwegian DPA found that Radio Grenland unlawfully accessed a former employee’s email, failed to inform, kept the mailbox open, and did not delete contents, violating Articles 6(1)(f), 13, 17(1)(e), 21, and 24. The DPA applied Norway’s email access regulations, found the access disproportionate and continued despite objection, and noted inadequate organizational measures. A NOK 150,000 fine and an order to establish written routines were imposed.",13800.0,1.0,1.0,,,,1.0,1.0,,1.0,,,,,,,,0,0,0,0,0,0,0,0,0,0,0,0,0,1,0,0,0,0,0,0,1,0,0,0,0,0,0,0,0,0,0,0,1,0,0,0,0,0,0,0,0,0,0,0,0,0.0,0.0,,1.0,0,0.0,1.0,0.0,0
Norway_46,NO,Datatilsynet,22-10-2020,BREACH_NOTIFICATION,N,,N,,NOT_DISCUSSED,1,Østfold HF Hospital,Controller,,"Code: 8610, Description: Hospital activities, Level: 4",PUBLIC_AUTHORITY,Y,Health,N,Patients,Not_Specified,,,Not_Assessed,Not_Discussed,13800,August 2013 to January 2019,,Not_Assessed,Inadequate,Not_Evaluated,N,,Not_Evaluated,"Art. 5(1)(f), Art. 5(2), Art. 5(1)(e), Art. 24, Art. 25, Art. 30, Art. 32, Art. 34","Art. 32, Art. 24, Art. 5(1)(f), Art. 5(2), Art. 5(1)(e), Art. 25, Art. 30",N,Not_Evaluated,Y,Not_Assessed,Cooperative,During_Investigation,,,Mitigating_Factor,"Fine, Compliance_Order",750000,NOK,N,Y,"The Norwegian DPA fined Østfold HF Hospital NOK 750,000 and ordered improvements after unsecured storage of EHR report extracts left sensitive patient data accessible to 118 employees from 2013–2019. It found violations of GDPR Articles 32, 24, 5(1)(f), 5(1)(e), 5(2), 25, and 30, and related Patient Records Act provisions, citing inadequate access control, lack of logging, poor internal control, and excessive retention. The DPA deemed patient notification under Article 34 unnecessary but required strengthening of the management system, especially access control and storage routines.",69000.0,,,1.0,,,,1.0,1.0,,,1.0,,,,,1.0,0,0,0,1,0,0,0,0,0,0,0,0,0,0,0,1,0,0,0,0,0,0,0,0,0,0,0,0,0,0,0,0,0,0,0,0,1,0,1,0,0,0,0,0,0,1.0,0.0,,0.0,0,0.0,1.0,0.0,0
Norway_47,NO,Norwegian Data Protection Authority,24-05-2022,COMPLAINT,,,N,,NOT_DISCUSSED,1,,,,,BUSINESS,,,N,Employees,Not_Specified,,,Not_Assessed,Not_Discussed,,approximately six weeks,Not_Assessed,Not_Assessed,Inadequate,Not_Evaluated,Y,Objection,Violated,"Art. 6, Art. 13","Art. 6, Art. 13",N,Y,Not_Assessed,,Not_Discussed,Not_Discussed,Not_Assessed,Not_Assessed,Not_Considered,"Fine, Compliance_Order",100000,NOK,,N,"A company automatically forwarded all emails from a former employee’s mailbox to the general manager for about six weeks, handling both work and private emails. The DPA found no legal basis and breaches of information duties under the GDPR, as well as violations of national rules on employer access to email, and noted inadequate routines. It imposed a NOK 100,000 fine and ordered the company to improve written routines.",9200.0,,1.0,,,,,,,1.0,,,,,,,,0,0,0,0,0,0,0,0,0,0,0,0,0,1,0,0,0,0,0,0,0,0,0,0,0,0,0,0,0,0,0,0,1,0,0,0,1,0,1,0,0,0,0,0,0,,0.0,,1.0,0,,0.0,,0
Norway_48,NO,The Norwegian Data Protection Authority,21-09-2021,COMPLAINT,N,,N,,DISCUSSED_NO_PRIOR_FOUND,1,Ultra-Technology AS,Controller,S.11 - Non-financial corporations,"Code: C, Description: Manufacturing, Level: 1",BUSINESS,N,,N,None_Mentioned,Legitimate_Interest,,,Not_Assessed,Not_Discussed,1,Single incident on 27 August 2019,Not_Assessed,Not_Assessed,Inadequate,Not_Evaluated,N,,Not_Evaluated,"Art. 6(1), Art. 24, Art. 5(1)(a)",Art. 6(1),N,Y,N,Not_Assessed,Cooperative,,N,Not_Assessed,Not_Considered,"Fine, Compliance_Order",125000,NOK,Y,Y,"The Norwegian DPA fined Ultra-Technology AS NOK 125,000 for conducting a credit assessment without a legal basis and ordered it to establish written routines under Article 24. The DPA found the company, as controller, lacked legitimate interest; the unlawful credit check was performed intentionally by the general manager on one individual, involving sensitive credit data in a single incident. The fine was reduced due to lengthy case processing time.",11500.0,,,,,,,,,1.0,,,,,,,,0,0,0,0,0,0,0,0,0,0,0,0,0,0,0,0,0,0,0,0,1,0,0,0,0,0,0,0,0,0,0,0,0,0,0,0,1,0,1,0,0,0,0,0,0,0.0,0.0,,0.0,0,1.0,1.0,0.0,0
Norway_49,NO,Datatilsynet,28-05-2021,BREACH_NOTIFICATION,N,,N,,DISCUSSED_NO_PRIOR_FOUND,1,BRABANK ASA,Controller,S.12 - Financial corporations,"Code: 6419, Description: Other monetary intermediation, Level: 4",BUSINESS,N,,N,None_Mentioned,Not_Specified,,,Not_Assessed,Not_Discussed,500,10 minutes,,Not_Assessed,Inadequate,Not_Evaluated,N,,Not_Evaluated,"Art. 24(1), Art. 32(1), Art. 32(2), Art. 5(1)(f)","Art. 24(1), Art. 32(1), Art. 32(2)",N,Not_Evaluated,Y,Not_Assessed,Cooperative,During_Investigation,N,Not_Assessed,Mitigating_Factor,Fine,400000,NOK,Y,Y,"The Norwegian DPA fined BRABANK ASA 400000 NOK for violating Articles 24 and 32 after a faulty launch of ""My Page"" let customers view other customers’ loan and some contact information. About 91 users logged in during the 10-minute breach, but the DPA considered 500 customers affected; the bank shut the service immediately and implemented fixes, yet negligence was found. No special category data was involved; EDPB fine guidelines and Art. 83(2) factors were applied.",36800.0,,,1.0,,,,1.0,,,,,,,,,,0,0,0,0,0,0,0,0,0,0,0,0,0,0,0,0,0,0,0,0,0,0,0,0,0,0,0,0,0,0,0,0,0,0,0,0,0,0,1,0,0,0,0,0,0,0.0,0.0,,0.0,0,1.0,1.0,0.0,0
Norway_50,NO,Privacy Board (Personvernnemnda),02-02-2021,COMPLAINT,N,,Y,Unsuccessful,NOT_DISCUSSED,1,Bergens Tidende,,,,BUSINESS,N,,N,None_Mentioned,Not_Specified,,,Not_Assessed,Not_Discussed,1,,Not_Assessed,Not_Assessed,Not_Evaluated,Not_Evaluated,N,,Not_Evaluated,Art. 85,,Y,N,Not_Assessed,Not_Assessed,Cooperative,During_Investigation,Not_Assessed,Not_Assessed,Neutral,,0,,N,,"A appealed the DPA’s finding that Bergens Tidende’s collection and publication of his credit information in 2019 fell under the journalistic exemption in Section 3 of the Personal Data Act. The Privacy Board held that this processing was exclusively for journalistic purposes and thus largely exempt from GDPR rules, noting that core editorial reporting does not trigger a proportionality balancing by privacy authorities. The Board upheld the DPA’s decision and dismissed the complaint.",,,,,,,,,,,,,,,,,,0,0,0,0,0,0,0,0,0,0,0,0,0,0,0,0,0,0,0,0,0,0,0,0,0,0,0,0,0,0,0,0,0,0,0,0,0,0,0,0,0,0,0,0,0,0.0,0.0,,0.0,1,0.0,,0.0,1
Norway_51,NO,Norwegian Data Protection Authority,16-05-2022,COMPLAINT,N,,N,,DISCUSSED_NO_PRIOR_FOUND,1,Arbeidstilsynet,Controller,S.1311 - Central government,"Code: O, Description: Public administration and defense; compulsory social security, Level: 1",PUBLIC_AUTHORITY,N,,N,None_Mentioned,Public_Task,,,Not_Assessed,Not_Discussed,1,Single incident on 01-04-2020,Not_Assessed,Not_Assessed,Inadequate,Not_Evaluated,Y,Access,Not_Evaluated,"Art. 5(1), Art. 5(2), Art. 6(1)(e), Art. 6(3), Art. 24, Art. 25, Art. 32, Art. 58(2), Art. 83","Art. 6(1)(e), Art. 6(3), Art. 15",N,Y,N,Not_Assessed,Cooperative,During_Investigation,N,N,Mitigating_Factor,Fine,150000,NOK,N,Y,"The Norwegian DPA fined the Labour Inspection Authority NOK 150,000 for an intentional, unlawful credit assessment lacking a valid national legal basis under Art. 6(1)(e) and (3). The DPA found inadequate organizational measures, assessed Art. 83(2) factors, and noted no special-category data or cross-border elements. Updated routines were considered, while a separate reprimand addressed a violation of the right of access.",13800.0,,,,,,,,,1.0,,,1.0,,,,,0,0,0,0,0,0,0,0,0,0,0,0,0,0,0,0,0,0,0,0,0,1,0,0,0,0,0,0,0,1,0,0,0,0,0,0,0,0,1,0,0,0,0,0,0,0.0,0.0,,1.0,0,0.0,1.0,0.0,0
Norway_52,NO,Datatilsynet,22-06-2022,EX_OFFICIO_INVESTIGATION,N,,N,,DISCUSSED_NO_PRIOR_FOUND,1,Trumf AS,Controller,S.11 - Non-financial corporations,,BUSINESS,N,,N,Other_Vulnerable,Not_Specified,N,,Not_Assessed,Not_Discussed,,18 June 2018 to end of 2020,Not_Assessed,Not_Assessed,Inadequate,Not_Evaluated,N,,Not_Evaluated,"Art. 5(1)(f), Art. 12(2), Art. 24, Art. 25, Art. 32, Art. 33(1), Art. 33(5)","Art. 32, Art. 33(1), Art. 33(5)",N,N,N,Y,Cooperative,During_Investigation,N,Not_Assessed,Mitigating_Factor,Fine,5000000,NOK,N,Y,"The Norwegian DPA fined Trumf AS NOK 5,000,000 for failing to implement appropriate security (Art. 32) and for repeatedly failing to document and notify personal data breaches (Art. 33(1) and 33(5)). A long-standing lack of bank account ownership verification in a loyalty program enabled unauthorized access to detailed purchase histories, posing risks including to vulnerable persons. The DPA found Trumf knew of incidents since 2018, did not report them within 72 hours, and should have restricted data or implemented verification sooner, though later mitigation and cooperation were noted.",460000.0,,,1.0,,,,,,,1.0,,,,,,,0,0,0,0,0,0,0,0,0,0,0,0,0,0,1,0,0,0,0,0,0,0,0,0,0,0,0,0,0,0,0,0,0,0,0,0,0,0,1,0,0,0,0,0,0,0.0,0.0,0.0,0.0,0,0.0,1.0,0.0,0
Norway_53,NO,Datatilsynet,26-08-2021,EX_OFFICIO_INVESTIGATION,N,,N,,NOT_DISCUSSED,1,The Norwegian Prison and Probation Service,Controller,S.13 - General government,"Code: 8423, Description: Public order and safety activities, Level: 4",PUBLIC_AUTHORITY,Y,Other,N,Other_Vulnerable,Not_Specified,,,Not_Assessed,Not_Discussed,,,Not_Assessed,Not_Assessed,Not_Evaluated,Not_Evaluated,N,,Not_Evaluated,"Art. 58(2), Art. 30",Art. 30,N,Not_Evaluated,Not_Assessed,Not_Assessed,Partially_Cooperative,Not_Discussed,Not_Assessed,Not_Assessed,Neutral,Compliance_Order,0,,N,,"The DPA, acting ex officio, ordered the Norwegian Prison and Probation Service to establish a full processing overview, clarify allocation of controller responsibilities, and submit documented internal control due to an inadequate Article 30 protocol and lack of responsibility documentation. Relying on GDPR Article 58(2) and national provisions, the DPA noted the processing includes very sensitive and special category data and set a deadline of 21 September 2021. No fine was imposed, though a coercive fine may follow for non-compliance.",,,,,,,,,,,,1.0,,,,,,0,0,0,0,1,0,0,0,0,0,0,0,0,0,1,0,0,0,0,0,0,0,0,0,0,0,0,0,0,0,0,0,0,0,0,0,1,0,0,0,0,0,0,0,0,1.0,0.0,,0.0,0,0.0,,0.0,0
Norway_54,NO,The Norwegian Data Protection Authority,04-03-2022,BREACH_NOTIFICATION,N,,N,,DISCUSSED_NO_PRIOR_FOUND,1,The Storting,Controller,S.13 - General government,"Code: 8411, Description: General public administration activities, Level: 4",PUBLIC_AUTHORITY,Y,Health,N,None_Mentioned,Not_Specified,,,Not_Assessed,Not_Discussed,13,Occurred on 2 September 2020; duration not specified,Not_Assessed,Not_Assessed,Inadequate,Not_Evaluated,N,,Not_Evaluated,"Art. 32(1)(b), Art. 32(1)(d), Art. 5(1)(f), Art. 5(2)","Art. 32(1)(b), Art. 32(1)(d), Art. 5(1)(f)",N,Not_Evaluated,Y,Not_Assessed,Cooperative,During_Investigation,N,Not_Assessed,Mitigating_Factor,Fine,2000000,NOK,N,Y,"The Norwegian DPA fined the Storting NOK 2,000,000 after a September 2020 breach exposed email accounts due to lack of two-factor authentication. It found violations of GDPR Art. 32(1)(b),(d) and Art. 5(1)(f), noting health data could have been compromised and that the director acted with gross negligence. Post-incident measures (password rules, logging, training, and MFA rollout) were considered but did not prevent the sanction.",184000.0,,,1.0,,,,,1.0,,,,,,,,,0,0,0,1,0,0,0,0,0,0,0,0,0,0,0,0,0,0,0,0,0,0,0,0,0,0,0,0,0,0,0,0,0,0,0,0,0,0,1,0,0,0,0,0,0,1.0,0.0,,0.0,0,0.0,1.0,0.0,0
Norway_55,NO,Norwegian Data Protection Authority,26-07-2023,COMPLAINT,Y,Lead_Authority,N,,NOT_DISCUSSED,1,Telenor ASA,Controller,S.11 - Non-financial corporations,"Code: 61, Description: Telecommunications, Level: 2",BUSINESS,N,,Y,None_Mentioned,Not_Specified,Y,Standard_Contractual_Clauses,Not_Assessed,Not_Discussed,,16 July 2020 to 15 January 2021,Not_Assessed,Not_Assessed,Inadequate,Not_Evaluated,N,,Not_Evaluated,"Art. 3(1), Art. 4(1), Art. 4(2), Art. 4(7), Art. 4(8), Art. 4(23), Art. 44, Art. 45, Art. 46, Art. 56(1), Art. 58(2)(b), Art. 83(1)",Art. 44,N,Y,Not_Assessed,Not_Assessed,Cooperative,During_Investigation,Not_Assessed,Not_Assessed,Mitigating_Factor,Reprimand,0,,N,,"The Norwegian DPA, acting as lead authority, found that Telenor’s use of Google Analytics on its website involved transfers of personal data to the U.S. without adequate safeguards, violating Article 44 GDPR. Despite SCCs and claimed supplementary measures (including IP anonymization), Google could access certain data in clear text and was subject to FISA 702; the DPA rejected a risk-based approach. Considering the tool was discontinued in January 2021, the DPA issued a reprimand.",,,,,,,,,,,,,,,,,,0,0,0,0,0,0,0,0,0,0,0,0,0,0,0,0,0,0,0,0,0,0,0,0,0,0,0,0,1,0,0,0,0,0,0,0,0,0,0,0,0,0,0,1,0,0.0,1.0,1.0,0.0,0,0.0,,1.0,0
Norway_56,NO,Norwegian Data Protection Authority,01-03-2023,COMPLAINT,Y,Lead_Authority,N,,NOT_DISCUSSED,1,telenor.com,,,,,,,,None_Mentioned,,Y,None_Specified,Not_Assessed,Not_Discussed,,,Not_Assessed,Not_Assessed,Not_Evaluated,Not_Evaluated,,,Not_Evaluated,Art. 44,Art. 44,N,Not_Evaluated,Not_Assessed,Not_Assessed,Not_Discussed,Not_Discussed,Not_Assessed,Not_Assessed,Not_Considered,,0,,,,"noyb complained about telenor.com’s use of Google Analytics, and the Norwegian DPA’s preliminary conclusion found it breached GDPR transfer rules by transferring personal data outside the EEA. The case is cross-border; a draft decision will be shared with other DPAs under EDPB coordination after parties have three weeks to comment. The DPA advises exploring alternatives to Google Analytics and notes GA4 may not resolve the identified issues.",,,,,,,,,,,,,,,,,,0,0,0,0,0,0,0,0,0,0,0,0,0,0,0,0,0,0,0,0,0,0,0,0,0,0,0,1,0,0,0,0,0,0,0,0,0,0,0,0,0,0,0,0,0,,,1.0,,0,,,1.0,0
Norway_57,NO,Datatilsynet,13-12-2021,COMPLAINT,N,,N,,DISCUSSED_NO_PRIOR_FOUND,1,EAS / Elektro & Automasjon Systemer AS,Controller,S.11 - Non-financial corporations,,BUSINESS,N,,N,None_Mentioned,Legitimate_Interest,,,Not_Assessed,Not_Discussed,1,Single incident on 06-10-2020,Not_Assessed,Not_Assessed,Inadequate,Not_Evaluated,N,,Not_Evaluated,"Art. 5(1), Art. 5(2), Art. 6(1)(f), Art. 24",Art. 6(1)(f),N,Y,Y,Y,Cooperative,During_Investigation,N,N,Mitigating_Factor,"Fine, Compliance_Order",200000,NOK,N,Y,"The Norwegian DPA fined EAS / Elektro & Automasjon Systemer AS for conducting a credit check on an individual without a valid legitimate interest and ordered improved internal routines under Article 24. It found negligence by the general manager, highlighted the sensitivity of credit data, and assessed GDPR Article 83(2) factors, noting cooperation and lack of prior violations. The fine was reduced to NOK 200,000 considering COVID-19 impacts while ensuring deterrence.",18400.0,,,,,,,,,1.0,,,,,,,,0,0,0,0,0,0,0,0,0,0,0,0,0,0,0,0,0,0,0,0,1,0,0,0,0,0,0,0,0,0,0,0,0,0,0,0,1,0,1,0,0,0,0,0,0,0.0,0.0,,0.0,0,0.0,1.0,0.0,0
Norway_58,NO,Privacy Board,22-06-2021,COMPLAINT,N,,Y,Unsuccessful,NOT_DISCUSSED,1,Microsoft Corporation,Controller,S.11 - Non-financial corporations,,BUSINESS,N,,N,None_Mentioned,Not_Specified,,,Not_Assessed,Not_Discussed,1,,Not_Assessed,Not_Assessed,Not_Evaluated,Not_Evaluated,Y,Access,Not_Evaluated,"Art. 15(1), Art. 4(1), Art. 55",,Y,Not_Evaluated,Not_Assessed,Not_Assessed,Not_Discussed,Not_Discussed,Not_Assessed,Not_Assessed,Not_Considered,,0,,N,,"Appeal against the DPA’s rejection of a complaint seeking identities behind IP addresses used to access A’s Hotmail account. The Board held that Article 15 GDPR gives access only to the data subject’s own personal data and not to third parties’ identities, noting such data would be for ISPs and police via criminal procedure, not Microsoft. It concluded A had no right to further access under Article 15.",,,,,,,,,,,,,,,,,,0,0,0,0,0,0,0,0,0,0,0,0,0,0,0,0,0,0,0,0,0,0,0,0,0,0,0,0,0,1,0,0,0,0,0,0,0,0,0,0,0,0,0,0,0,0.0,0.0,,1.0,1,0.0,,0.0,1
Norway_59,NO,The Norwegian Data Protection Authority,18-10-2021,BREACH_NOTIFICATION,N,,N,,NOT_DISCUSSED,1,Østre Toten municipality,Controller,S.1313 - Local government,"Code: 8411, Description: General public administration activities, Level: 4",PUBLIC_AUTHORITY,Y,"Health, Racial_Ethnic, Political, Religious, Trade_Union, Sexual",N,"Children, Employees",Not_Specified,Y,None_Specified,Not_Assessed,Not_Discussed,,06.01.2021 to 09.01.2021 (earlier access likely),Not_Assessed,Not_Assessed,Inadequate,Not_Evaluated,N,,Not_Evaluated,"Art. 5(1)(f), Art. 24, Art. 32","Art. 32, Art. 24, Art. 5(1)(f)",N,Not_Evaluated,Y,Not_Assessed,Cooperative,During_Investigation,Not_Assessed,N,Mitigating_Factor,"Fine, Compliance_Order",4000000,NOK,N,Y,"A ransomware attack on Østre Toten municipality led to exfiltration and publication of large volumes of personal data, including special categories and children’s data, due to inadequate security measures (no 2FA, poor logging, unprotected backups). The Norwegian DPA found violations of Art. 32, Art. 24, and Art. 5(1)(f), imposed a NOK 4,000,000 fine, and ordered implementation of a management system with risk analyses. The DPA considered the municipality’s cooperation and remedial efforts as mitigating factors but emphasized the severity and scope of the breach.",368000.0,,,1.0,,,,1.0,1.0,,,,,,,,,0,0,0,1,0,0,1,1,1,1,1,1,0,1,0,0,0,0,0,0,0,0,0,0,0,0,0,1,0,0,0,0,0,0,0,0,1,0,1,0,0,0,0,0,0,1.0,0.0,1.0,0.0,0,0.0,1.0,0.0,0
Norway_60,NO,The Data Inspectorate,21-06-2022,BREACH_NOTIFICATION,N,,N,,DISCUSSED_NO_PRIOR_FOUND,1,The Norwegian Labor and Welfare Administration (NAV),Controller,S.13 - General government,"Code: 8430, Description: Compulsory social security activities, Level: 4",PUBLIC_AUTHORITY,,,N,None_Mentioned,Public_Task,,,Not_Assessed,Y,535900-1800000,2001 to 17.02.2021,Not_Assessed,Not_Assessed,Not_Evaluated,Not_Evaluated,N,,Not_Evaluated,"Art. 5(1)(a), Art. 5(1)(f), Art. 6(1), Art. 6(3)","Art. 5(1)(a), Art. 5(1)(f), Art. 6(1), Art. 6(3)",N,Y,Y,Not_Assessed,Cooperative,During_Investigation,N,Not_Assessed,Mitigating_Factor,Fine,5000000,NOK,N,Y,"NAV unlawfully published jobseekers’ CVs to employers without a valid legal basis since 2001, affecting up to 1.8 million individuals. The DPA found breaches of GDPR Articles 6(1), 6(3) and the principles of lawfulness and confidentiality in Article 5(1)(a),(f), noting negligence and a power imbalance. A fine of 5,000,000 NOK was imposed, with NAV’s remedial actions considered mitigating.",460000.0,,,,,,,,1.0,1.0,,,,,,,,0,0,0,0,0,0,0,0,0,0,0,0,0,0,0,0,0,0,0,0,0,1,0,0,0,0,0,0,0,0,0,0,0,0,0,0,0,0,1,0,0,0,0,0,0,,0.0,,0.0,0,0.0,1.0,0.0,0
Norway_61,NO,The Privacy Board,08-11-2022,COMPLAINT,N,,Y,Unsuccessful,NOT_DISCUSSED,1,The child protection service in X,Controller,S.1313 - Local government,,PUBLIC_AUTHORITY,,,N,Children,Public_Task,N,,Not_Assessed,Not_Discussed,10,,Not_Assessed,Not_Assessed,Not_Evaluated,Not_Evaluated,Y,Access,Not_Evaluated,"Art. 57(1)(a), Art. 57(1)(f), Art. 6(1)(e), Art. 9(1), Art. 9(2)(b)",,N,N,Not_Assessed,Not_Assessed,Not_Discussed,Not_Discussed,Not_Assessed,Not_Assessed,Not_Considered,,0,,N,,"A appealed the Norwegian DPA’s decision to close her complaint about alleged unlawful access and entries in her son’s child welfare record by the municipality of X. The Privacy Board found the matter outside the DPA’s competence under Article 57(1)(a), noting the State Administrator had already reviewed access logs and found no breach. The Board upheld the DPA’s rejection and took no further action.",,,,,,,,,,,,,,,,,,0,0,0,0,0,0,0,0,0,0,0,1,0,0,0,0,0,0,0,0,0,1,0,0,0,0,0,0,0,1,0,0,0,0,0,0,0,0,0,0,0,0,0,0,0,,0.0,0.0,1.0,0,0.0,,0.0,1
Norway_62,,,,,,,N,,,,,,,,,,,,,,,,,,,,,,,,,,,,,N,,,,,,,,,,0,EUR,,,,0.0,,,,,,,,,,,,,,,,,0,0,0,0,0,0,0,0,0,0,0,0,0,0,0,0,0,0,0,0,0,0,0,0,0,0,0,0,0,0,0,0,0,0,0,0,0,0,0,0,0,0,0,0,0,,,,,0,,,,0
Norway_63,NO,Norwegian Data Protection Authority,25-08-2022,COMPLAINT,N,,N,,DISCUSSED_NO_PRIOR_FOUND,1,Recover AS,Controller,S.11 - Non-financial corporations,,BUSINESS,N,,N,None_Mentioned,Legitimate_Interest,,,Not_Assessed,Not_Discussed,1,Single incident on 27-05-2021,Not_Assessed,Not_Assessed,Inadequate,Not_Evaluated,N,,Not_Evaluated,"Art. 5(1)(a), Art. 5(2), Art. 6(1)(f), Art. 24","Art. 5(1)(a), Art. 6(1)(f), Art. 24",N,Y,Y,Not_Assessed,Cooperative,,N,N,,"Fine, Compliance_Order",200000,NOK,N,Y,"The DPA found Recover AS conducted an unlawful credit assessment of a non-customer, lacking a legal basis under Art. 6(1)(f), breaching Art. 5(1)(a) and Art. 24. It established negligence by a project manager, identified inadequate internal routines, and systematically applied Art. 83(2) factors. A NOK 200,000 fine and an order to improve internal controls were imposed.",18400.0,,,,,,,1.0,1.0,1.0,,,,,,,,0,0,0,0,0,0,0,0,0,0,0,0,0,0,0,0,0,0,0,0,1,0,0,0,0,0,0,0,0,0,0,0,0,0,0,0,1,0,1,0,0,0,0,0,0,0.0,0.0,,0.0,0,0.0,1.0,0.0,0
Norway_64,NO,Norwegian Data Protection Authority,,COMPLAINT,N,,N,,NOT_DISCUSSED,1,Shinigami Eyes,,,,,,,,None_Mentioned,Not_Specified,,,Not_Assessed,Not_Discussed,,,Not_Assessed,Not_Assessed,Not_Evaluated,Not_Evaluated,N,,Violated,"Art. 6, Art. 14","Art. 6, Art. 14",N,Y,Not_Assessed,Not_Assessed,Uncooperative,Not_Discussed,Not_Assessed,,Not_Considered,Processing_Ban_Permanent,0,,,,"The Norwegian DPA banned the “Shinigami Eyes” browser extension’s processing of personal data for lacking a legal basis and failing to inform affected persons and users. The tool labels individuals online as pro- or anti-trans; legitimate interests was assessed and rejected due to risks to free expression and undisclosed labeling. The developer did not engage; the DPA will notify Google and Mozilla, and the developers have three weeks to appeal.",,,,,,,,,,1.0,,,,,1.0,,,0,0,0,0,0,0,0,0,0,0,0,0,0,0,0,0,0,0,0,0,0,0,0,0,0,0,0,0,0,0,0,0,0,0,0,0,0,0,0,0,0,1,0,0,0,,,,0.0,0,,,0.0,0
Norway_65,NO,Datatilsynet,01-02-2022,COMPLAINT,N,,N,,DISCUSSED_NO_PRIOR_FOUND,1,Investigator1 Gruppen AS,Controller,S.11 - Non-financial corporations,"Code: 8030, Description: Investigation activities, Level: 4",BUSINESS,N,,N,None_Mentioned,Legitimate_Interest,,,Not_Assessed,Not_Discussed,1,Single incident on 18 June 2021,Not_Assessed,Not_Assessed,Inadequate,Not_Evaluated,N,,Not_Evaluated,"Art. 5(1)(a), Art. 6(1)(f), Art. 24, Art. 32","Art. 5(1)(a), Art. 6(1), Art. 24",N,Y,Y,Y,Cooperative,During_Investigation,Not_Assessed,Not_Assessed,Mitigating_Factor,"Fine, Compliance_Order",50000,NOK,Y,Y,"A private investigation company performed a credit check on an individual without a valid legal basis; the DPA rejected legitimate interest under Art. 6(1)(f) and found a breach of the lawfulness principle in Art. 5(1)(a). It also found inadequate internal control under Art. 24 and ordered suitable routines, establishing negligence by top management; only one data subject was affected and the data were deleted during the investigation. The decision systematically applies Art. 83(2) factors and references EDPB/WP guidelines on fines.",4600.0,,,,,,,1.0,1.0,1.0,,,,,,,,0,0,0,0,0,0,0,0,0,0,0,0,0,0,0,0,0,0,0,0,1,0,0,0,0,0,0,0,0,0,0,0,0,0,0,0,1,0,1,0,0,0,0,0,0,0.0,0.0,,0.0,0,1.0,1.0,0.0,0
Norway_66,EE,Estonian Data Protection Inspectorate,28-02-2022,COMPLAINT,,,N,,NOT_DISCUSSED,1,,,,,,,,,None_Mentioned,Not_Specified,,,Not_Assessed,Not_Discussed,,,Not_Assessed,Not_Assessed,Not_Evaluated,Not_Evaluated,N,,Not_Evaluated,,,Y,Not_Evaluated,Not_Assessed,Not_Assessed,Cooperative,Not_Discussed,Not_Assessed,Not_Assessed,Not_Considered,,0,,N,,"The Estonian Data Protection Inspectorate terminated a supervision proceeding triggered by a Lithuanian citizen’s complaint alleging a GDPR breach linked to an authentication/signing app and a website notice about updating Android components. The entity stated it did not process the complainant’s data in the case, provided no QR codes, did not use the number 1394, and only advised users to update Google Chrome and Android System WebView after Google’s faulty update. The DPA found no GDPR violation and closed the case without sanctions.",,,,,,,,,,,,,,,,,,0,0,0,0,0,0,0,0,0,0,0,0,0,0,0,0,0,0,0,0,0,0,0,0,0,0,0,0,0,0,0,0,0,0,0,0,0,0,0,0,0,0,0,0,0,,,,0.0,1,0.0,,,0
Norway_67,NO,Datatilsynet,08-03-2023,BREACH_NOTIFICATION,N,,N,,DISCUSSED_NO_PRIOR_FOUND,1,"Argon Medical Devices, Inc.",Controller,S.11 - Non-financial corporations,,BUSINESS,N,,,Employees,Not_Specified,,,Not_Assessed,Not_Discussed,20,67 days,,Not_Assessed,Inadequate,Not_Evaluated,N,,Not_Evaluated,Art. 33(1),Art. 33(1),N,Not_Evaluated,Y,Not_Assessed,Cooperative,During_Investigation,N,N,Mitigating_Factor,Fine,2500000,NOK,Y,Y,"The Norwegian DPA fined Argon NOK 2.5 million for notifying a personal data breach 67 days after becoming aware, far beyond the 72-hour Article 33(1) deadline. The breach involved unauthorized access to a spreadsheet with salary and benefits data of 20 European employees (one in Norway); no special-category data and no proven damage were found, but procedures to ensure prompt awareness and notification were inadequate. The DPA assessed Article 83(2) factors systematically, found negligence, and emphasized that initial notification should occur within 72 hours with phased updates if needed.",230000.0,,,,,,,,,,1.0,,,,,,,0,0,0,0,0,0,0,0,0,0,0,0,0,1,0,0,0,0,0,0,0,0,0,0,0,0,0,0,0,0,0,0,0,0,0,0,0,0,1,0,0,0,0,0,0,0.0,,,0.0,0,1.0,1.0,0.0,0
Norway_68,NO,Norwegian Data Protection Authority (Datatilsynet),05-05-2022,BREACH_NOTIFICATION,N,,N,,NOT_DISCUSSED,1,Lillestrøm municipality,Controller,S.1313 - Local government,"Code: 8411, Description: General public administration activities, Level: 4",PUBLIC_AUTHORITY,Y,Health,N,Students,Not_Specified,N,,Not_Assessed,Not_Discussed,,,Not_Assessed,Not_Assessed,Inadequate,Not_Evaluated,N,,Not_Evaluated,"Art. 9(1), Art. 32(1)(b)",Art. 32(1)(b),N,Not_Evaluated,Not_Assessed,Not_Assessed,Cooperative,Before_Investigation,Not_Assessed,Not_Assessed,Mitigating_Factor,Fine,300000,NOK,,N,"The Norwegian DPA fined Lillestrøm municipality NOK 300,000 for breaching GDPR Art. 32(1)(b) after publishing a document where 10 of 21 attachments contained special-category data about students. The leak was detected by a journalist; four IPs accessed the document before it was removed and data subjects were notified. The fee was reduced from NOK 500,000 to NOK 300,000 considering the municipality’s routines and the human error explanation.",27600.0,,,1.0,,,,,,,,,,,,,,0,0,0,1,0,0,0,0,0,0,0,0,0,0,0,0,1,0,0,0,0,0,0,0,0,0,0,0,0,0,0,0,0,0,0,0,0,0,1,0,0,0,0,0,0,1.0,0.0,0.0,0.0,0,,0.0,0.0,0
Norway_69,NO,Norwegian Data Protection Authority,14-07-2023,EX_OFFICIO_INVESTIGATION,Y,Concerned_Authority,N,,PRIOR_INFRINGER_PRESENT,2,Meta Platforms Ireland Limited,Controller,S.11 - Non-financial corporations,"Code: 7310, Description: Advertising, Level: 4",BUSINESS,,,,"Elderly, Other_Vulnerable","Contract, Legitimate_Interest",,,Not_Assessed,Not_Discussed,,Ongoing since 31-12-2022,Not_Assessed,Not_Assessed,Not_Evaluated,Violated,Y,Objection,Violated,"Art. 6(1), Art. 21, Art. 12, Art. 13, Art. 5(1)(c)","Art. 6(1), Art. 21(2), Art. 12(1), Art. 12(2), Art. 13(2)(b), Art. 5(1)(c)",N,Y,Not_Assessed,Not_Assessed,Cooperative,Not_Discussed,Y,Not_Assessed,Neutral,"Compliance_Order, Processing_Ban_Temporary",,,N,,"The Norwegian DPA imposed urgent provisional measures banning Meta from processing personal data of data subjects in Norway for behavioural advertising based on Article 6(1)(b) or 6(1)(f). It found ongoing non-compliance with the Irish DPC’s decisions and the CJEU’s Bundeskartellamt ruling, violations of Article 6(1), improper handling of objections under Article 21, and transparency and data minimisation breaches. A temporary processing ban (4 August–3 November 2023) was ordered under Article 66(1), with compliance confirmation required by 4 August 2023.",,1.0,1.0,,,,,,1.0,1.0,,,,1.0,,,,0,0,0,0,0,0,0,0,0,0,0,0,1,0,1,0,0,0,1,0,1,0,0,0,0,0,0,0,0,0,0,0,1,0,0,0,1,0,0,0,0,0,1,0,0,,,,1.0,0,0.0,,1.0,0
Norway_70,NO,Datatilsynet,26-04-2022,COMPLAINT,Y,Lead_Authority,N,,NOT_DISCUSSED,1,Mowi ASA,Controller,S.11 - Non-financial corporations,,BUSINESS,N,,N,None_Mentioned,Legitimate_Interest,Y,Standard_Contractual_Clauses,Not_Assessed,Not_Discussed,,over 5 months,,Not_Assessed,Not_Evaluated,Not_Evaluated,Y,Access,Violated,"Art. 12(2), Art. 12(3), Art. 14, Art. 15, Art. 5(1)(a)","Art. 14, Art. 12(2)",N,N,Not_Assessed,Not_Assessed,Cooperative,During_Investigation,N,Not_Assessed,Mitigating_Factor,"Reprimand, Compliance_Order",0,,N,,"Datatilsynet, acting as lead authority in a cross-border case, found Mowi ASA violated Article 14 by failing to inform shareholders when data were obtained from custodian banks, and noted a minor breach of Article 12(2) due to a delayed access response caused by spam filtering. It rejected reliance on Article 14(5)(a) and (c), highlighted misleading transparency in the privacy policy, and noted international transfers to the UK via SCCs. The DPA issued a reprimand and a compliance order to update transparency documentation and routines.",,,,,,,,,,,,,,1.0,1.0,,,0,0,0,0,0,0,0,0,0,0,0,0,0,0,0,0,0,0,0,0,1,0,0,0,0,0,0,0,1,1,0,0,0,0,0,0,1,0,0,0,0,0,0,1,0,0.0,0.0,1.0,1.0,0,0.0,,1.0,0
Norway_71,NO,Datatilsynet,10-03-2025,EX_OFFICIO_INVESTIGATION,Y,Lead_Authority,N,,DISCUSSED_NO_PRIOR_FOUND,1,Telenor ASA,Controller,S.11 - Non-financial corporations,"Code: 7010, Description: Activities of head offices, Level: 4",BUSINESS,Y,"Health, Criminal",,Employees,Not_Specified,,,Not_Assessed,Y,,10 October 2020 to 28 January 2022,,Not_Assessed,Inadequate,Not_Evaluated,,,Not_Evaluated,"Art. 24(1), Art. 24(2), Art. 30, Art. 37(7), Art. 38(1), Art. 38(2), Art. 38(3), Art. 39(1)","Art. 24(1), Art. 24(2), Art. 38(3), Art. 38(2), Art. 37(7)",Y,Not_Evaluated,Y,Not_Assessed,Cooperative,During_Investigation,N,Not_Assessed,Mitigating_Factor,"Fine, Reprimand, Compliance_Order",4000000,NOK,Y,Y,"Datatilsynet investigated Telenor ASA’s DPO setup and internal controls after anonymous tips, treating it as a cross-border case with Norway as LSA. It found breaches of Articles 24(1)-(2), 38(3), 38(2) and a partial breach of 37(7), issuing compliance orders, a reprimand for lack of direct reporting to top management, and a NOK 4,000,000 fine. The DPA cited inadequate organisational measures, unclear roles/records, insufficient DPO resourcing and reporting, while noting no proven damage and some remedial steps.",368000.0,,,,,,,1.0,,,,,,,,,,0,1,0,1,0,0,0,0,0,0,0,0,0,1,0,0,0,0,0,0,0,0,0,0,0,0,0,0,0,0,0,0,0,0,0,0,1,0,1,0,0,0,0,1,0,1.0,,,,1,1.0,1.0,1.0,0
Norway_72,NO,The Norwegian Data Protection Authority,26-04-2023,COMPLAINT,N,,N,,NOT_DISCUSSED,1,Statistics Norway,Controller,S.13 - General government,"Code: 8411, Description: General public administration activities, Level: 4",PUBLIC_AUTHORITY,,,N,None_Mentioned,Public_Task,N,,Not_Assessed,Not_Discussed,,2022-2023,Not_Assessed,Required_And_Conducted,Adequate,Violated,N,,Not_Evaluated,"Art. 5(1)(b), Art. 5(1)(c), Art. 6(1)(c), Art. 6(1)(e), Art. 6(3)",Art. 6(3),N,Y,Not_Assessed,Not_Assessed,Cooperative,During_Investigation,N,Not_Assessed,Mitigating_Factor,Processing_Ban_Temporary,0,EUR,N,,The DPA banned Statistics Norway from processing near-real-time grocery receipt/bank data from four chains for consumption and diet statistics due to lack of sufficient supplementary legal basis under Article 6(3) GDPR. It found the planned large-scale linkage to individuals a very significant privacy intrusion and criticized inadequate purpose definition and data minimization. No fine was imposed; the corrective measure was a processing ban under Article 58(2)(f).,0.0,,,,,,,,,1.0,,,,,,,,0,0,0,0,0,0,0,0,0,0,0,0,0,0,0,0,0,0,0,0,0,1,0,0,0,0,0,0,0,0,0,0,0,0,0,0,0,0,0,0,0,0,1,0,0,,0.0,0.0,0.0,0,0.0,,0.0,0
Norway_74,NO,Norwegian Data Protection Authority,27-11-2023,EX_OFFICIO_INVESTIGATION,N,,N,,PRIOR_INFRINGER_PRESENT,1,Norwegian Labor and Welfare Agency (NAV),Controller,S.13 - General government,"Code: 8430, Description: Compulsory social security activities, Level: 4",PUBLIC_AUTHORITY,Y,"Health, Religious, Racial_Ethnic, Criminal",N,Other_Vulnerable,Not_Specified,,,Y,Not_Discussed,3200000,"Many years, probably since establishment of NAV",Not_Assessed,Not_Assessed,Inadequate,Not_Evaluated,N,,Not_Evaluated,"Art. 5(1)(f), Art. 5(2), Art. 24(1), Art. 24(2), Art. 32(1), Art. 32(2), Art. 32(4), Art. 32(1)(d)","Art. 5(1)(f), Art. 5(2), Art. 24(1), Art. 24(2), Art. 32(1), Art. 32(2), Art. 32(4), Art. 32(1)(d)",N,Not_Evaluated,N,Not_Assessed,Cooperative,During_Investigation,Y,Not_Assessed,Mitigating_Factor,"Fine, Compliance_Order",20000000,NOK,N,Y,"The Norwegian DPA inspected NAV’s internal access control, logging, and governance, finding systemic failures in confidentiality and security under GDPR Articles 5, 24, and 32 affecting millions of data subjects. It notified orders to implement organizational and technical measures and an infringement fine of NOK 20 million, noting prior similar findings in 2007, 2010, and 2011 and characterizing the infringements as intentional. The reasoning relied on detailed Art. 83(2) factors, citing extensive, long-standing risks and highly sensitive data.",1840000.0,,,1.0,,,,1.0,1.0,,,,,,,,,0,1,0,1,0,0,0,1,1,0,0,0,0,0,1,0,0,0,0,0,0,0,0,0,0,0,0,0,0,0,0,0,0,0,0,0,1,0,1,0,0,0,0,0,0,1.0,0.0,,0.0,0,0.0,1.0,0.0,0
Norway_75,NO,Datatilsynet,05-09-2023,EX_OFFICIO_INVESTIGATION,N,,N,,NOT_DISCUSSED,1,Fast Candy AS,Controller,S.11 - Non-financial corporations,"Code: 4729, Description: Other retail sale of food in specialized stores, Level: 4",BUSINESS,N,,N,"Children, Employees",Legitimate_Interest,N,,Not_Assessed,Not_Discussed,27,since November 2022,Not_Assessed,Not_Assessed,Not_Evaluated,Not_Evaluated,N,,Violated,"Art. 5(1)(a), Art. 5(1)(b), Art. 5(1)(c), Art. 6(1), Art. 12, Art. 13, Art. 24","Art. 6(1), Art. 12, Art. 13, Art. 24",Y,Y,Not_Assessed,Not_Assessed,Cooperative,Not_Discussed,Not_Assessed,Not_Assessed,Not_Considered,Compliance_Order,0,,N,,"The Norwegian DPA inspected Fast Candy AS after tips about employee-targeting camera and audio surveillance affecting mainly under-18 workers. It found lawful monitoring of the customer area for theft/safety, but ordered cessation of surveillance behind the till and in the back room, removal of all audio and remote access, improved employee information and signage, reduced retention, and establishment of internal controls. The DPA cited violations of GDPR Articles 6(1), 12, 13, and 24.",,,1.0,,,,,1.0,,1.0,,,,1.0,,,,0,0,0,0,0,0,0,0,0,0,0,1,0,1,0,0,0,0,0,0,1,0,0,0,0,0,0,0,0,0,0,0,0,0,0,0,1,0,0,0,0,0,0,0,0,0.0,0.0,0.0,0.0,1,0.0,,0.0,0
Norway_76,NO,The Norwegian Data Protection Authority,30-08-2024,COMPLAINT,N,,N,,NOT_DISCUSSED,1,Stavanger Arbeiderparti,Controller,S.15 - Non-profit institutions serving households (NPISH),"Code: 9492, Description: Activities of political organizations, Level: 4",NON_PROFIT,N,,N,None_Mentioned,Legitimate_Interest,,,N,Not_Discussed,,One-off on 20-08-2023,Not_Assessed,Not_Assessed,Not_Evaluated,Not_Evaluated,N,,Violated,"Art. 5(1)(b), Art. 5(2), Art. 6(1)(f), Art. 14, Art. 26, Art. 28(3)","Art. 6(1)(f), Art. 14",N,Y,Not_Assessed,Not_Assessed,Cooperative,Before_Investigation,Not_Assessed,Not_Assessed,Mitigating_Factor,Reprimand,0,,N,,"The Norwegian DPA reprimanded Stavanger Arbeiderparti for sending targeted political emails to parents using addresses obtained from the municipality under access to information rules. It found inadequate balancing for legitimate interests under Art. 6(1)(f) and a breach of transparency duties under Art. 14; the municipal disclosure was lawful, only email addresses were processed, and deletion occurred promptly. Considering low risk and mitigating factors, the DPA issued a reprimand without a fine.",,,,,,,,,,1.0,,,,,1.0,,,0,0,0,0,0,0,0,0,0,0,0,0,0,0,0,0,0,0,0,0,1,0,0,0,0,0,0,0,0,0,0,0,0,0,0,0,0,0,0,0,0,0,0,1,0,0.0,0.0,,0.0,0,0.0,,0.0,0
Norway_77,NO,Datatilsynet,14-07-2023,EX_OFFICIO_INVESTIGATION,Y,Concerned_Authority,N,,PRIOR_INFRINGER_PRESENT,2,Meta Platforms Ireland Limited,Controller,S.11 - Non-financial corporations,,BUSINESS,,,,,"Contract, Legitimate_Interest",,,Not_Assessed,Not_Discussed,,ongoing since 2018,Not_Assessed,Not_Assessed,Not_Evaluated,Not_Evaluated,N,,Not_Evaluated,"Art. 6(1), Art. 21, Art. 66(1), Art. 61(8)",Art. 6(1),N,Y,Not_Assessed,Not_Assessed,Not_Discussed,Not_Discussed,Y,Not_Assessed,Not_Considered,"Fine, Compliance_Order, Processing_Ban_Temporary",1000000,NOK,N,N,"Datatilsynet issued a three-month temporary ban on Meta’s behavioral advertising in Norway based on GDPR Article 6(1)(b) and (f), invoking Article 66 emergency powers. The Oslo District Court rejected Meta’s request for a temporary injunction, noting ongoing cross‑border proceedings led by the DPC and finding no sufficient grounds for interim relief. A daily coercive fine of NOK 1,000,000 was imposed for non-compliance starting 14 August 2023.",92000.0,,,,,,,,,1.0,,,,,,,,0,0,0,0,0,0,0,0,0,0,0,0,0,0,0,0,0,0,1,0,1,0,0,0,0,0,0,0,0,0,0,0,0,0,0,0,1,0,1,0,0,0,1,0,0,,,,0.0,0,0.0,0.0,1.0,0
Norway_78,NO,Norwegian Data Protection Authority,04-09-2024,BREACH_NOTIFICATION,N,,N,,NOT_DISCUSSED,1,The University of Agder,Controller,,"Code: 8530, Description: Higher education, Level: 4",,Y,Health,N,"Employees, Students",Not_Specified,,,Not_Assessed,Not_Discussed,14000,6 years,Not_Assessed,Not_Assessed,Inadequate,Not_Evaluated,N,,Not_Evaluated,"Art. 5(1)(f), Art. 5(2), Art. 24, Art. 32, Art. 33, Art. 34","Art. 24, Art. 32",N,Not_Evaluated,Y,Not_Assessed,Cooperative,During_Investigation,Not_Assessed,Not_Assessed,Mitigating_Factor,Fine,150000,NOK,N,Y,"UiA stored documents with personal and health data in open Microsoft Teams folders without access control since 2018, lacked adequate logging, and had insufficient internal routines and training. The DPA found negligence and violations of Articles 24 and 32, noting exposure of employees, students, and refugees’ data, but acknowledged prompt notification and remediation. A NOK 150,000 administrative fine was imposed.",13800.0,,,1.0,,,,1.0,,,,,,,,,,0,0,0,1,0,0,0,0,0,0,0,0,0,1,0,0,1,0,0,0,0,0,0,0,0,0,0,0,0,0,0,0,0,0,0,0,0,0,1,0,0,0,0,0,0,1.0,0.0,,0.0,0,0.0,1.0,0.0,0
Norway_79,NO,Norwegian Privacy Board,28-03-2023,COMPLAINT,N,,Y,Successful,NOT_DISCUSSED,1,NAV,Controller,S.13 - General government,"Code: 8430, Description: Social security administration, Level: 4",PUBLIC_AUTHORITY,,,N,None_Mentioned,"Legal_Obligation, Public_Task",N,,Not_Assessed,Not_Discussed,1,,Not_Assessed,Not_Assessed,Not_Evaluated,Not_Evaluated,Y,Erasure,Not_Evaluated,"Art. 17, Art. 21(1), Art. 6(1)(e), Art. 6(3), Art. 5(1)(b), Art. 57(1)(f)",,N,N,Not_Assessed,Not_Assessed,Not_Discussed,Not_Discussed,Not_Assessed,Not_Assessed,Not_Considered,,0,,N,,"The Privacy Board overturned the DPA’s rejection for lateness, holding the delay excusable and confirming the DPA’s competence to handle Article 17 erasure requests. It then decided the merits, finding NAV’s continued storage lawful due to legal obligation and archival purposes in the public interest under GDPR Article 17(3)(b),(d) and Article 6(1)(e). A’s erasure request was therefore denied.",,,,,,,,,,,,,,,,,,0,0,0,0,0,0,0,0,0,0,0,0,0,0,0,0,0,0,0,1,0,1,0,0,0,0,0,0,0,0,0,1,0,0,0,0,0,0,0,0,0,0,0,0,0,,0.0,0.0,1.0,0,0.0,,0.0,1
Norway_80,NO,Norwegian Privacy Board,25-04-2023,COMPLAINT,N,,Y,Unsuccessful,NOT_DISCUSSED,1,Getaround Norway AS (formerly Nabobil.no AS),Controller,S.11 - Non-financial corporations,,BUSINESS,N,,N,None_Mentioned,Legitimate_Interest,,,Not_Assessed,Not_Discussed,1,,Not_Assessed,Not_Assessed,Not_Evaluated,Compliant,N,,Compliant,"Art. 6(1)(f), Art. 5(1)(c), Art. 4(7)",,Y,N,Not_Assessed,Not_Assessed,Not_Discussed,Before_Investigation,Not_Assessed,Not_Assessed,Mitigating_Factor,,0,,N,,"The Norwegian Privacy Board upheld the DPA’s decision that Getaround/Nabobil could lawfully conduct a credit assessment of a prospective renter under GDPR Article 6(1)(f). It found the processing necessary to mitigate financial risks such as deductibles, tolls, and other charges, and noted data minimization by limiting visibility of credit information. The appeal was rejected.",,,,,,,,,,,,,,,,,,0,0,0,0,0,0,0,0,0,0,0,0,0,0,0,0,0,0,0,0,1,0,0,0,0,0,0,0,0,0,0,0,0,0,0,0,0,0,0,0,0,0,0,0,0,0.0,0.0,,0.0,1,0.0,,0.0,1
Norway_81,NO,The Privacy Board,07-09-2020,COMPLAINT,N,,Y,Unsuccessful,NOT_DISCUSSED,3,OpenX,Processor,S.11 - Non-financial corporations,"Code: 7310, Description: Advertising, Level: 4",BUSINESS,Y,Sexual,Y,None_Mentioned,Consent,,,Not_Assessed,Not_Discussed,,,Not_Assessed,Not_Assessed,Not_Evaluated,Not_Evaluated,N,,Not_Evaluated,"Art. 58(1), Art. 57(1)(a), Art. 57(1)(f), Art. 95, Art. 64(2), Art. 4(1)",,N,Not_Evaluated,Not_Assessed,Not_Assessed,Not_Discussed,Not_Discussed,Not_Assessed,Not_Assessed,Not_Considered,Compliance_Order,0,,N,,"OpenX appealed a Norwegian Data Protection Authority order to provide information, arguing that only the National Communications Authority had competence under the Electronic Communications Act for cookie-like technologies. The Privacy Board held that while ePrivacy rules cover storage/access on devices, GDPR still applies to subsequent processing and the DPA has authority under Articles 57 and 58 to demand information. The Board rejected the appeal and ordered OpenX to provide the requested report.",,,,,,,,,,,,,,,,,,0,0,0,0,0,0,0,0,0,1,0,0,0,0,0,0,0,1,0,0,0,0,0,0,0,0,0,0,0,0,0,0,0,0,0,0,1,0,0,0,0,0,0,0,0,1.0,1.0,,0.0,0,0.0,,0.0,1
Norway_82,NO,Personvernnemnda,22-06-2021,COMPLAINT,N,,Y,Successful,NOT_DISCUSSED,1,X AS,Controller,S.11 - Non-financial corporations,,BUSINESS,N,,N,Employees,Legitimate_Interest,N,,Not_Assessed,Not_Discussed,,Five weeks (18 February to 25 March 2019),Not_Assessed,Not_Assessed,Inadequate,Not_Evaluated,Y,Objection,Violated,"Art. 5(2), Art. 6, Art. 13, Art. 21, Art. 24","Art. 6, Art. 13, Art. 21, Art. 24",N,Y,N,,Not_Discussed,During_Investigation,N,,Not_Considered,"Fine, Compliance_Order",250000,NOK,N,Y,"The case concerns X AS’s unlawful automatic forwarding and monitoring of an employee’s email for five weeks without a valid legal basis, failure to assess her objection, and lack of information. The DPA imposed a fine and an order to improve routines; on appeal, the Privacy Board upheld liability but reduced the fine from NOK 400,000 to NOK 250,000 due to excessive case processing time. The Board emphasized the seriousness of continuous email monitoring, including private emails, and considered Art. 83(2) factors.",23000.0,1.0,1.0,,,,,1.0,,1.0,,,,,,,,0,0,0,0,0,0,0,0,0,0,0,0,0,1,0,0,0,0,0,0,1,0,0,0,0,0,0,0,0,0,0,0,1,0,0,0,1,0,1,0,0,0,0,0,0,0.0,0.0,0.0,1.0,0,0.0,1.0,0.0,1
Norway_83,NO,The Norwegian Privacy Board,28-02-2023,COMPLAINT,N,,Y,Unsuccessful,NOT_DISCUSSED,1,Child Protection Service in X municipality,Controller,S.1313 - Local government,"Code: 8411, Description: General public administration activities, Level: 4",PUBLIC_AUTHORITY,Y,Racial_Ethnic,N,Children,"Legal_Obligation, Public_Task",N,,Not_Assessed,Not_Discussed,,Not specified,Not_Assessed,Not_Assessed,Not_Evaluated,Not_Evaluated,Y,Erasure,Not_Evaluated,"Art. 17, Art. 5(1)(b), Art. 21(1), Art. 89(1)",,Y,N,Not_Assessed,Not_Assessed,Cooperative,Not_Discussed,N,Not_Assessed,Not_Considered,,0,,N,,"A appealed the Norwegian DPA’s refusal to order deletion of a note in his son’s child welfare record stating the father’s ethnic minority background. The Board held that archiving obligations and public-interest archival purposes under national law and GDPR Article 17(3)(b),(d) prevented deletion, and that the information was necessary to understand the case context. The DPA’s decision was upheld and the appeal was rejected.",,,,,,,,,,,,,,,,,,0,0,0,0,0,0,0,1,0,0,0,1,0,0,0,0,0,0,0,1,0,1,0,0,0,0,0,0,0,0,0,1,0,0,0,0,0,0,0,0,0,0,0,0,0,1.0,0.0,0.0,1.0,1,0.0,,0.0,1
