node,node_type,country,country_group,total_decisions,total_fines_eur,avg_fine_eur,breach_cases,year,quarter,fine_eur,breach_case,severity_measures,n_principles_violated,cross_border
Information Commissioner's Office,dpa,GB,NON_EEA,36.0,25003500.0,781359.375,16.0,,,,,,,
NOT_DISCUSSED,dpa,UNCLEAR,NON_EEA,4.0,0.0,0.0,0.0,,,,,,,
The Information Commissioner's Office,dpa,GB,NON_EEA,1.0,0.0,0.0,1.0,,,,,,,
The Information Commissioner,dpa,GB,NON_EEA,3.0,0.0,0.0,1.0,,,,,,,
UNCLEAR,dpa,UNCLEAR,NON_EEA,1.0,0.0,0.0,0.0,,,,,,,
Swedish Data Protection Authority,dpa,SE,EU,2.0,4000000.0,2000000.0,0.0,,,,,,,
Datainspektionen,dpa,SE,EU,7.0,85300000.0,17060000.0,1.0,,,,,,,
The Data Inspectorate,dpa,SE,EU,2.0,670000.0,335000.0,1.0,,,,,,,
Integritetsskyddsmyndigheten (IMY),dpa,SE,EU,16.0,106500000.0,7607142.857142857,0.0,,,,,,,
Integritetsskyddsmyndigheten,dpa,SE,EU,7.0,35350000.0,5050000.0,1.0,,,,,,,
Swedish Authority for Privacy Protection,dpa,SE,EU,4.0,0.0,0.0,0.0,,,,,,,
Integrity Protection Authority,dpa,SE,EU,3.0,300000.0,150000.0,1.0,,,,,,,
The Swedish Privacy Protection Agency (IMY),dpa,SE,EU,1.0,0.0,0.0,0.0,,,,,,,
Swedish Authority for Privacy Protection (IMY),dpa,SE,EU,7.0,0.0,0.0,0.0,,,,,,,
Spanish Agency for Data Protection,dpa,ES,EU,269.0,27582500.0,107324.9027237354,17.0,,,,,,,
Agencia Española de Protección de Datos,dpa,ES,EU,23.0,4842800.0,210556.52173913043,3.0,,,,,,,
Spanish Data Protection Agency,dpa,ES,EU,282.0,27526580.0,100461.9708029197,28.0,,,,,,,
Spanish Data Protection Agency (AEPD),dpa,ES,EU,3.0,0.0,0.0,0.0,,,,,,,
Spanish Agency for Data Protection (AEPD),dpa,ES,EU,1.0,0.0,0.0,0.0,,,,,,,
Agencia Española de Protección de Datos (AEPD),dpa,ES,EU,1.0,0.0,,0.0,,,,,,,
Spanish Agency of Data Protection,dpa,ES,EU,1.0,6000.0,6000.0,0.0,,,,,,,
Catalan Data Protection Authority,dpa,ES,EU,7.0,3000.0,428.57142857142856,2.0,,,,,,,
Catalan Data Protection Authority (APDCAT),dpa,ES,EU,1.0,0.0,0.0,0.0,,,,,,,
Catalan Data Protection Agency (APDCAT),dpa,ES,EU,1.0,0.0,0.0,0.0,,,,,,,
Basque Agency for the Protection of Data,dpa,ES,EU,1.0,0.0,0.0,0.0,,,,,,,
Agència de Protecció de Dades de Catalunya,dpa,ES,EU,1.0,0.0,,0.0,,,,,,,
Basque Agency for Data Protection,dpa,ES,EU,1.0,0.0,,0.0,,,,,,,
Information Commissioner,dpa,SI,EU,40.0,6255.0,208.5,1.0,,,,,,,
Council for Transparency and Protection of Data of Andalusia,dpa,ES,EU,1.0,0.0,0.0,0.0,,,,,,,
Transparency and Data Protection Council of Andalusia,dpa,ES,EU,1.0,0.0,0.0,0.0,,,,,,,
Information Commissioner of the Republic of Slovenia,dpa,SI,EU,13.0,0.0,0.0,0.0,,,,,,,
Informacijski pooblaščenec,dpa,SI,EU,1.0,0.0,,0.0,,,,,,,
Information Commissioner (IP),dpa,SI,EU,3.0,0.0,0.0,0.0,,,,,,,
Information Commissioner (Slovenia),dpa,SI,EU,8.0,0.0,0.0,0.0,,,,,,,
Informacijski pooblaščenec (Information Commissioner),dpa,SI,EU,2.0,0.0,0.0,0.0,,,,,,,
Informacijski pooblaščenec (IP),dpa,SI,EU,1.0,0.0,0.0,0.0,,,,,,,
Information Commissioner of Slovenia,dpa,SI,EU,1.0,500.0,500.0,0.0,,,,,,,
Office for the Protection of Personal Data of the Slovak Republic,dpa,SK,EU,1.0,0.0,0.0,0.0,,,,,,,
National Supervisory Authority for Personal Data Processing,dpa,RO,EU,10.0,124000.0,13777.777777777777,3.0,,,,,,,
The National Supervisory Authority for the Processing of Personal Data,dpa,RO,EU,7.0,28000.0,4666.666666666667,0.0,,,,,,,
National Supervisory Authority,dpa,RO,EU,33.0,181700.0,7268.0,4.0,,,,,,,
National Supervisory Authority for the Processing of Personal Data,dpa,RO,EU,6.0,35000.0,7000.0,0.0,,,,,,,
A.N.S.P.D.C.P.,dpa,RO,EU,18.0,58650.0,3910.0,3.0,,,,,,,
The National Supervisory Authority,dpa,RO,EU,5.0,18000.0,4500.0,0.0,,,,,,,
Autoritatea Națională de Supraveghere a Prelucrării Datelor cu Caracter Personal (ANSPDCP),dpa,RO,EU,4.0,10500.0,2625.0,0.0,,,,,,,
Autoritatea Națională de Supraveghere a Prelucrării Datelor cu Caracter Personal,dpa,RO,EU,3.0,20000.0,10000.0,0.0,,,,,,,
The National Supervisory Authority for Personal Data Processing,dpa,RO,EU,10.0,93000.0,11625.0,2.0,,,,,,,
A.N.S.P.D.C.P,dpa,RO,EU,9.0,63500.0,7937.5,3.0,,,,,,,
National DPA,dpa,RO,EU,1.0,1500.0,1500.0,1.0,,,,,,,
National Authority,dpa,RO,EU,1.0,2000.0,2000.0,0.0,,,,,,,
Romanian Supervisory Authority,dpa,RO,EU,1.0,5000.0,5000.0,0.0,,,,,,,
National Commission for Data Protection (CNPD),dpa,PT,EU,1.0,0.0,,0.0,,,,,,,
Comissão Nacional de Proteção de Dados,dpa,PT,EU,6.0,679000.0,113166.66666666667,0.0,,,,,,,
President of the Office for Personal Data Protection,dpa,PL,EU,11.0,601343.1599999999,60134.31599999999,3.0,,,,,,,
Comissão Nacional de Proteção de Dados (CNPD),dpa,PT,EU,1.0,2000.0,2000.0,0.0,,,,,,,
President of the Office for the Protection of Personal Data,dpa,PL,EU,1.0,1168.0,1168.0,1.0,,,,,,,
President of the Personal Data Protection Office,dpa,PL,EU,7.0,854412.0,142402.0,3.0,,,,,,,
President of the Personal Data Protection Office (UODO),dpa,PL,EU,3.0,1491246.0,497082.0,1.0,,,,,,,
United Kingdom_18,decision,,,,,,,2025.0,Q2,2310000.0,True,True,1.0,False
United Kingdom_20,decision,,,,,,,,,0.0,True,True,2.0,False
United Kingdom_16,decision,,,,,,,2020.0,Q4,18400000.0,True,True,2.0,False
United Kingdom_17,decision,,,,,,,2020.0,Q4,1250000.0,True,True,1.0,False
United Kingdom_21,decision,,,,,,,2025.0,Q2,18000.0,True,True,2.0,False
United Kingdom_19,decision,,,,,,,2021.0,Q2,90000.0,False,True,1.0,False
United Kingdom_26,decision,,,,,,,2021.0,Q2,0.0,False,False,0.0,False
United Kingdom_25,decision,,,,,,,,,0.0,True,True,1.0,False
United Kingdom_23,decision,,,,,,,2021.0,Q4,500000.0,True,True,1.0,False
United Kingdom_24,decision,,,,,,,,,0.0,True,True,3.0,False
United Kingdom_29,decision,,,,,,,2024.0,Q2,130000.0,False,True,2.0,False
United Kingdom_27,decision,,,,,,,,,0.0,False,False,0.0,False
United Kingdom_28,decision,,,,,,,2025.0,Q2,60000.0,True,True,2.0,False
United Kingdom_22,decision,,,,,,,,,200000.0,False,False,0.0,False
United Kingdom_30,decision,,,,,,,,,0.0,False,True,0.0,False
United Kingdom_32,decision,,,,,,,,,0.0,True,False,1.0,False
United Kingdom_31,decision,,,,,,,,,0.0,False,False,2.0,False
United Kingdom_36,decision,,,,,,,,,0.0,False,False,0.0,False
United Kingdom_34,decision,,,,,,,2021.0,Q4,10000.0,True,True,1.0,False
United Kingdom_37,decision,,,,,,,,,0.0,True,True,1.0,False
United Kingdom_35,decision,,,,,,,,,0.0,False,True,0.0,False
United Kingdom_39,decision,,,,,,,,,0.0,True,True,1.0,False
United Kingdom_45,decision,,,,,,,,,0.0,False,True,0.0,False
United Kingdom_40,decision,,,,,,,,,145000.0,False,False,0.0,False
United Kingdom_43,decision,,,,,,,,,0.0,False,False,0.0,False
United Kingdom_44,decision,,,,,,,2022.0,Q4,1350000.0,False,True,1.0,False
United Kingdom_41,decision,,,,,,,2021.0,Q3,25000.0,True,True,1.0,False
United Kingdom_46,decision,,,,,,,,,0.0,False,False,0.0,False
United Kingdom_48,decision,,,,,,,,,0.0,True,True,1.0,False
United Kingdom_53,decision,,,,,,,,,0.0,False,False,0.0,False
United Kingdom_52,decision,,,,,,,,,75000.0,False,False,0.0,False
United Kingdom_51,decision,,,,,,,,,0.0,False,False,0.0,False
United Kingdom_47,decision,,,,,,,,,0.0,False,True,0.0,False
United Kingdom_49,decision,,,,,,,,,0.0,False,True,0.0,False
United Kingdom_50,decision,,,,,,,,,0.0,False,True,1.0,False
United Kingdom_54,decision,,,,,,,,,0.0,False,False,0.0,False
United Kingdom_55,decision,,,,,,,,,0.0,True,True,1.0,False
United Kingdom_59,decision,,,,,,,2022.0,Q1,50000.0,False,True,1.0,False
United Kingdom_56,decision,,,,,,,,,85000.0,False,False,0.0,False
United Kingdom_60,decision,,,,,,,2022.0,Q1,98000.0,True,True,1.0,False
United Kingdom_57,decision,,,,,,,2024.0,Q1,7500.0,True,True,1.0,False
United Kingdom_63,decision,,,,,,,,,0.0,False,False,0.0,False
United Kingdom_62,decision,,,,,,,2021.0,Q3,200000.0,False,True,0.0,False
Sweden_2,decision,,,,,,,2020.0,Q4,4000000.0,False,True,2.0,False
Sweden_3,decision,,,,,,,2020.0,Q4,3500000.0,False,True,2.0,False
Sweden_4,decision,,,,,,,2020.0,Q4,2500000.0,False,True,2.0,False
Sweden_1,decision,,,,,,,2020.0,Q1,75000000.0,False,True,4.0,False
Sweden_5,decision,,,,,,,,,0.0,False,True,1.0,False
Sweden_7,decision,,,,,,,2020.0,Q4,4000000.0,True,True,1.0,False
Sweden_6,decision,,,,,,,,,0.0,False,False,1.0,False
Sweden_9,decision,,,,,,,2020.0,Q4,550000.0,True,True,1.0,False
Sweden_10,decision,,,,,,,,,120000.0,False,True,4.0,False
Sweden_11,decision,,,,,,,,,300000.0,False,False,0.0,False
Sweden_12,decision,,,,,,,2023.0,Q1,0.0,False,True,2.0,False
Sweden_14,decision,,,,,,,2024.0,Q4,200000.0,False,True,2.0,False
Sweden_15,decision,,,,,,,2025.0,Q2,0.0,False,True,1.0,False
Sweden_18,decision,,,,,,,2021.0,Q2,350000.0,False,True,3.0,False
Sweden_13,decision,,,,,,,,,0.0,False,False,0.0,False
Sweden_16,decision,,,,,,,2024.0,Q4,0.0,False,True,1.0,False
Sweden_20,decision,,,,,,,2022.0,Q1,7500000.0,False,True,2.0,False
Sweden_21,decision,,,,,,,,,0.0,False,False,0.0,False
Sweden_22,decision,,,,,,,2023.0,Q2,58000000.0,False,True,2.0,False
Sweden_23,decision,,,,,,,2022.0,Q1,300000.0,True,True,1.0,False
Sweden_26,decision,,,,,,,2021.0,Q1,0.0,False,True,0.0,False
Sweden_24,decision,,,,,,,2023.0,Q2,13000000.0,False,True,1.0,False
Sweden_27,decision,,,,,,,2021.0,Q1,0.0,False,False,0.0,False
Sweden_30,decision,,,,,,,2023.0,Q1,0.0,False,True,2.0,False
Sweden_31,decision,,,,,,,2021.0,Q1,0.0,False,True,3.0,False
Sweden_33,decision,,,,,,,2023.0,Q2,0.0,False,False,1.0,False
Sweden_29,decision,,,,,,,,,0.0,False,True,6.0,False
Sweden_32,decision,,,,,,,,,0.0,False,False,0.0,False
Sweden_36,decision,,,,,,,2023.0,Q2,300000.0,False,True,1.0,False
Sweden_34,decision,,,,,,,2023.0,Q2,0.0,False,True,1.0,False
Sweden_35,decision,,,,,,,2023.0,Q2,12000000.0,False,True,2.0,False
Sweden_37,decision,,,,,,,2023.0,Q3,35000000.0,True,True,1.0,False
Sweden_38,decision,,,,,,,2022.0,Q4,0.0,False,True,1.0,False
Sweden_40,decision,,,,,,,,,0.0,False,False,0.0,False
Sweden_41,decision,,,,,,,2022.0,Q1,0.0,False,True,1.0,False
Sweden_39,decision,,,,,,,,,500000.0,False,False,0.0,False
Sweden_44,decision,,,,,,,,,0.0,False,False,0.0,False
Sweden_42,decision,,,,,,,,,15000000.0,False,False,1.0,False
Sweden_43,decision,,,,,,,,,0.0,False,False,0.0,False
Sweden_45,decision,,,,,,,,,0.0,False,False,0.0,False
Sweden_47,decision,,,,,,,2022.0,Q1,0.0,False,True,0.0,False
Sweden_48,decision,,,,,,,2022.0,Q3,0.0,False,True,1.0,False
Sweden_49,decision,,,,,,,,,0.0,False,False,0.0,False
Sweden_50,decision,,,,,,,,,0.0,False,False,0.0,False
Spain_1,decision,,,,,,,,,0.0,False,False,0.0,False
Sweden_54,decision,,,,,,,,,0.0,False,False,0.0,False
Sweden_57,decision,,,,,,,2023.0,Q2,0.0,False,False,0.0,False
Sweden_52,decision,,,,,,,2022.0,Q3,0.0,False,True,1.0,False
Sweden_51,decision,,,,,,,,,0.0,False,False,0.0,False
Sweden_53,decision,,,,,,,,,0.0,False,False,0.0,False
Spain_3,decision,,,,,,,,,0.0,False,True,1.0,False
Spain_2,decision,,,,,,,,,0.0,False,True,1.0,False
Spain_4,decision,,,,,,,,,21000.0,True,True,1.0,False
Spain_6,decision,,,,,,,,,0.0,False,False,0.0,False
Spain_5,decision,,,,,,,,,0.0,False,False,0.0,False
Spain_7,decision,,,,,,,,,0.0,False,False,0.0,False
Spain_8,decision,,,,,,,,,0.0,False,False,0.0,False
Spain_9,decision,,,,,,,,,0.0,False,False,0.0,False
Spain_10,decision,,,,,,,,,0.0,False,True,0.0,False
Spain_12,decision,,,,,,,,,0.0,False,False,0.0,False
Spain_11,decision,,,,,,,,,0.0,True,True,1.0,False
Spain_15,decision,,,,,,,,,0.0,False,False,0.0,False
Spain_13,decision,,,,,,,,,0.0,False,False,0.0,False
Spain_16,decision,,,,,,,,,0.0,False,False,0.0,False
Spain_14,decision,,,,,,,,,0.0,False,False,0.0,False
Spain_17,decision,,,,,,,,,0.0,False,False,0.0,False
Spain_18,decision,,,,,,,,,0.0,False,False,0.0,False
Spain_19,decision,,,,,,,,,0.0,False,False,0.0,False
Spain_20,decision,,,,,,,,,0.0,False,False,0.0,False
Spain_21,decision,,,,,,,,,0.0,False,False,0.0,False
Spain_22,decision,,,,,,,,,0.0,True,False,0.0,False
Spain_25,decision,,,,,,,,,0.0,True,False,0.0,False
Spain_24,decision,,,,,,,,,0.0,False,False,0.0,False
Spain_26,decision,,,,,,,,,0.0,True,False,0.0,False
Spain_27,decision,,,,,,,,,0.0,True,False,0.0,False
Spain_28,decision,,,,,,,,,0.0,False,False,0.0,False
Spain_30,decision,,,,,,,,,0.0,True,True,0.0,False
Spain_32,decision,,,,,,,,,0.0,False,False,0.0,False
Spain_29,decision,,,,,,,,,0.0,True,False,0.0,False
Spain_31,decision,,,,,,,,,0.0,False,False,0.0,False
Spain_33,decision,,,,,,,,,0.0,False,False,0.0,False
Spain_35,decision,,,,,,,,,0.0,False,False,0.0,False
Spain_34,decision,,,,,,,,,0.0,False,True,0.0,False
Spain_36,decision,,,,,,,,,24000.0,False,True,1.0,False
Spain_38,decision,,,,,,,,,0.0,False,False,0.0,False
Spain_40,decision,,,,,,,,,1500.0,False,True,1.0,False
Spain_41,decision,,,,,,,,,1500.0,True,True,1.0,False
Spain_37,decision,,,,,,,,,0.0,False,False,0.0,False
Spain_42,decision,,,,,,,,,12000.0,False,True,1.0,False
Spain_43,decision,,,,,,,,,0.0,False,False,0.0,False
Spain_45,decision,,,,,,,,,3000.0,False,True,0.0,False
Spain_47,decision,,,,,,,,,5000.0,True,True,1.0,False
Spain_48,decision,,,,,,,,,0.0,False,False,0.0,False
Spain_51,decision,,,,,,,,,0.0,False,False,0.0,False
Spain_49,decision,,,,,,,2022.0,Q3,24000.0,False,True,1.0,False
Spain_46,decision,,,,,,,,,0.0,False,False,0.0,False
Spain_52,decision,,,,,,,,,0.0,False,False,0.0,False
Spain_50,decision,,,,,,,,,5000.0,False,True,1.0,False
Spain_53,decision,,,,,,,,,300.0,False,True,1.0,False
Spain_56,decision,,,,,,,,,0.0,False,False,0.0,False
Spain_55,decision,,,,,,,,,2000.0,False,True,1.0,False
Spain_54,decision,,,,,,,,,56000.0,True,True,1.0,False
Spain_57,decision,,,,,,,,,200000.0,False,True,1.0,False
Spain_58,decision,,,,,,,,,5000.0,True,True,1.0,False
Spain_59,decision,,,,,,,,,80000.0,True,True,1.0,False
Spain_61,decision,,,,,,,,,10000.0,False,False,0.0,False
Spain_60,decision,,,,,,,,,10000.0,False,False,1.0,False
Spain_62,decision,,,,,,,,,70000.0,False,True,1.0,False
Spain_63,decision,,,,,,,,,10000.0,False,True,1.0,False
Spain_64,decision,,,,,,,,,70000.0,False,True,2.0,False
Spain_65,decision,,,,,,,,,48000.0,False,False,0.0,False
Spain_66,decision,,,,,,,,,0.0,False,False,0.0,False
Spain_67,decision,,,,,,,,,17000.0,False,True,2.0,False
Spain_69,decision,,,,,,,,,60000.0,False,True,1.0,False
Spain_71,decision,,,,,,,,,0.0,True,True,1.0,False
Spain_70,decision,,,,,,,,,0.0,False,False,0.0,False
Spain_68,decision,,,,,,,,,24000.0,False,True,1.0,False
Spain_73,decision,,,,,,,,,0.0,False,True,1.0,False
Spain_74,decision,,,,,,,,,48000.0,False,True,1.0,False
Spain_72,decision,,,,,,,,,0.0,False,False,0.0,False
Spain_77,decision,,,,,,,,,0.0,False,False,0.0,False
Spain_75,decision,,,,,,,,,48000.0,True,True,1.0,False
Spain_81,decision,,,,,,,,,0.0,False,True,1.0,False
Spain_78,decision,,,,,,,2024.0,Q1,600000.0,False,True,3.0,False
Spain_76,decision,,,,,,,,,16000.0,False,False,1.0,False
Spain_82,decision,,,,,,,,,70000.0,False,True,2.0,False
Spain_80,decision,,,,,,,,,14000.0,False,True,3.0,False
Spain_83,decision,,,,,,,,,0.0,False,True,1.0,False
Spain_85,decision,,,,,,,,,1000.0,False,True,1.0,False
Spain_84,decision,,,,,,,,,0.0,False,False,0.0,False
Spain_87,decision,,,,,,,,,0.0,False,False,0.0,False
Spain_86,decision,,,,,,,,,1200.0,False,True,1.0,False
Spain_88,decision,,,,,,,2024.0,Q1,30000.0,False,True,1.0,False
Spain_91,decision,,,,,,,,,5000.0,False,True,1.0,False
Spain_93,decision,,,,,,,,,24000.0,False,True,1.0,False
Spain_89,decision,,,,,,,2024.0,Q1,15000.0,False,True,1.0,False
Spain_90,decision,,,,,,,2024.0,Q1,300000.0,False,True,1.0,False
Spain_94,decision,,,,,,,,,0.0,False,False,0.0,False
Spain_95,decision,,,,,,,,,0.0,False,False,0.0,False
Spain_92,decision,,,,,,,,,0.0,False,False,2.0,False
Spain_96,decision,,,,,,,,,0.0,False,True,1.0,False
Spain_98,decision,,,,,,,,,0.0,False,True,1.0,False
Spain_99,decision,,,,,,,,,0.0,False,False,0.0,False
Spain_100,decision,,,,,,,,,6000.0,False,True,1.0,False
Spain_97,decision,,,,,,,,,365000.0,False,True,3.0,False
Spain_103,decision,,,,,,,,,24000.0,False,True,1.0,False
Spain_102,decision,,,,,,,,,0.0,False,False,0.0,False
Spain_101,decision,,,,,,,,,56000.0,False,True,1.0,False
Spain_107,decision,,,,,,,,,30000.0,False,True,1.0,False
Spain_105,decision,,,,,,,,,0.0,False,True,2.0,False
Spain_106,decision,,,,,,,,,2000.0,False,False,0.0,False
Spain_104,decision,,,,,,,,,56000.0,False,False,0.0,False
Spain_108,decision,,,,,,,,,0.0,True,True,1.0,False
Spain_110,decision,,,,,,,,,10000.0,False,True,1.0,False
Spain_111,decision,,,,,,,,,0.0,False,False,0.0,False
Spain_109,decision,,,,,,,,,3000.0,False,True,0.0,False
Spain_112,decision,,,,,,,,,8000.0,False,True,0.0,False
Spain_116,decision,,,,,,,,,3000.0,False,True,1.0,False
Spain_117,decision,,,,,,,,,0.0,False,False,1.0,False
Spain_115,decision,,,,,,,2024.0,Q1,3500000.0,True,True,1.0,False
Spain_114,decision,,,,,,,,,50000.0,False,True,1.0,False
Spain_119,decision,,,,,,,,,0.0,False,False,0.0,False
Spain_113,decision,,,,,,,,,70000.0,False,False,2.0,False
Spain_118,decision,,,,,,,,,5000.0,False,True,1.0,False
Spain_121,decision,,,,,,,,,10000.0,False,True,1.0,False
Spain_120,decision,,,,,,,,,70000.0,False,True,1.0,False
Spain_122,decision,,,,,,,,,7000.0,False,True,1.0,False
Spain_124,decision,,,,,,,,,300.0,False,True,1.0,False
Spain_126,decision,,,,,,,,,80000.0,False,True,1.0,False
Spain_125,decision,,,,,,,,,50000.0,False,True,1.0,False
Spain_127,decision,,,,,,,,,5000.0,False,True,1.0,False
Spain_123,decision,,,,,,,,,2000.0,False,True,0.0,False
Spain_130,decision,,,,,,,,,0.0,False,False,0.0,False
Spain_129,decision,,,,,,,,,4000.0,False,True,1.0,False
Spain_128,decision,,,,,,,,,0.0,False,False,0.0,False
Spain_133,decision,,,,,,,,,0.0,False,False,0.0,False
Spain_131,decision,,,,,,,,,3000.0,False,True,1.0,False
Spain_132,decision,,,,,,,,,20000.0,False,False,0.0,False
Spain_134,decision,,,,,,,,,72000.0,False,True,2.0,False
Spain_137,decision,,,,,,,,,300.0,False,True,0.0,False
Spain_135,decision,,,,,,,,,600.0,False,True,1.0,False
Spain_136,decision,,,,,,,,,8000.0,False,False,0.0,False
Spain_138,decision,,,,,,,,,1500.0,False,True,2.0,False
Spain_139,decision,,,,,,,,,1200.0,True,True,1.0,False
Spain_141,decision,,,,,,,,,0.0,False,False,0.0,False
Spain_140,decision,,,,,,,2024.0,Q1,250000.0,False,True,3.0,False
Spain_142,decision,,,,,,,,,200000.0,False,True,1.0,False
Spain_143,decision,,,,,,,,,300.0,False,False,0.0,False
Spain_144,decision,,,,,,,,,0.0,False,False,0.0,False
Spain_146,decision,,,,,,,,,10000.0,False,True,1.0,False
Spain_147,decision,,,,,,,,,10000.0,False,True,1.0,False
Spain_149,decision,,,,,,,,,12000.0,False,True,2.0,False
Spain_151,decision,,,,,,,2024.0,Q1,200000.0,False,True,1.0,False
Spain_150,decision,,,,,,,2024.0,Q1,220000.0,False,True,3.0,False
Spain_152,decision,,,,,,,2024.0,Q1,1200000.0,False,True,2.0,False
Spain_154,decision,,,,,,,2024.0,Q1,3500000.0,True,True,1.0,False
Spain_153,decision,,,,,,,,,120000.0,False,True,5.0,False
Spain_155,decision,,,,,,,,,1600000.0,False,True,1.0,False
Spain_156,decision,,,,,,,,,4000000.0,False,True,0.0,False
Spain_158,decision,,,,,,,,,10000.0,False,False,0.0,False
Spain_157,decision,,,,,,,,,120000.0,False,True,5.0,False
Spain_160,decision,,,,,,,,,1200000.0,False,True,1.0,False
Spain_159,decision,,,,,,,,,42000.0,False,True,1.0,False
Spain_162,decision,,,,,,,,,0.0,False,False,0.0,False
Spain_161,decision,,,,,,,,,200000.0,True,True,1.0,False
Spain_164,decision,,,,,,,,,0.0,False,False,0.0,False
Spain_165,decision,,,,,,,,,200000.0,False,True,1.0,False
Spain_163,decision,,,,,,,,,70000.0,False,True,1.0,False
Spain_168,decision,,,,,,,,,0.0,True,False,1.0,False
Spain_169,decision,,,,,,,,,3000.0,False,False,1.0,False
Spain_166,decision,,,,,,,,,180000.0,False,True,3.0,False
Spain_174,decision,,,,,,,,,70000.0,True,True,1.0,False
Spain_173,decision,,,,,,,,,48000.0,False,True,0.0,False
Spain_171,decision,,,,,,,,,120000.0,False,False,0.0,False
Spain_172,decision,,,,,,,,,180000.0,False,True,1.0,False
Spain_179,decision,,,,,,,,,20000.0,False,True,0.0,False
Spain_178,decision,,,,,,,,,100000.0,False,True,1.0,False
Spain_177,decision,,,,,,,2024.0,Q3,270000.0,True,True,1.0,False
Spain_175,decision,,,,,,,,,72000.0,False,True,1.0,False
Spain_176,decision,,,,,,,,,360000.0,False,False,0.0,False
Spain_181,decision,,,,,,,,,120000.0,False,True,1.0,False
Spain_187,decision,,,,,,,,,0.0,False,False,0.0,False
Spain_180,decision,,,,,,,2024.0,Q4,42000.0,False,True,1.0,False
Spain_182,decision,,,,,,,2024.0,Q1,3000000.0,True,True,1.0,False
Spain_186,decision,,,,,,,2023.0,Q4,0.0,False,False,0.0,False
Spain_185,decision,,,,,,,,,60000.0,False,True,1.0,False
Spain_188,decision,,,,,,,,,500000.0,False,True,1.0,False
Spain_189,decision,,,,,,,,,7500.0,False,True,2.0,False
Spain_183,decision,,,,,,,,,0.0,False,True,2.0,False
Spain_190,decision,,,,,,,,,500.0,False,True,0.0,False
Spain_191,decision,,,,,,,,,12000.0,False,True,1.0,False
Spain_194,decision,,,,,,,,,2000.0,False,True,1.0,False
Spain_192,decision,,,,,,,2024.0,Q1,200000.0,False,True,1.0,False
Spain_193,decision,,,,,,,,,100000.0,False,True,3.0,False
Spain_196,decision,,,,,,,,,0.0,False,False,1.0,False
Spain_195,decision,,,,,,,,,10000.0,False,True,1.0,False
Spain_200,decision,,,,,,,,,2000.0,False,True,1.0,False
Spain_199,decision,,,,,,,2024.0,Q1,600.0,False,True,1.0,False
Spain_197,decision,,,,,,,,,0.0,False,True,1.0,False
Spain_198,decision,,,,,,,,,15000.0,False,False,2.0,False
Spain_202,decision,,,,,,,,,0.0,False,False,0.0,False
Spain_201,decision,,,,,,,,,3000.0,False,True,2.0,False
Spain_203,decision,,,,,,,,,4000.0,False,True,1.0,False
Spain_206,decision,,,,,,,2024.0,Q1,5000.0,False,True,1.0,False
Spain_205,decision,,,,,,,,,60000.0,True,True,1.0,False
Spain_204,decision,,,,,,,,,12000.0,False,True,1.0,False
Spain_208,decision,,,,,,,,,56000.0,False,True,1.0,False
Spain_207,decision,,,,,,,,,96000.0,False,True,4.0,False
Spain_209,decision,,,,,,,,,1200.0,False,True,1.0,False
Spain_210,decision,,,,,,,,,200000.0,False,True,1.0,False
Spain_212,decision,,,,,,,,,30000.0,False,True,1.0,False
Spain_211,decision,,,,,,,,,24000.0,False,False,1.0,False
Spain_214,decision,,,,,,,,,0.0,False,False,1.0,False
Spain_215,decision,,,,,,,2024.0,Q4,180000.0,False,True,1.0,False
Spain_219,decision,,,,,,,,,0.0,False,False,0.0,False
Spain_216,decision,,,,,,,,,1200.0,False,True,1.0,False
Spain_217,decision,,,,,,,,,150000.0,False,True,3.0,False
Spain_220,decision,,,,,,,,,500.0,False,True,1.0,False
Spain_218,decision,,,,,,,,,200000.0,False,False,0.0,False
Spain_221,decision,,,,,,,,,4000.0,False,False,0.0,False
Spain_222,decision,,,,,,,2024.0,Q2,120000.0,False,True,1.0,False
Spain_224,decision,,,,,,,,,10000.0,False,False,0.0,False
Spain_225,decision,,,,,,,,,100000.0,False,True,1.0,False
Spain_228,decision,,,,,,,,,1000.0,False,True,1.0,False
Spain_227,decision,,,,,,,,,30000.0,False,True,1.0,False
Spain_226,decision,,,,,,,,,96000.0,False,False,0.0,False
Spain_230,decision,,,,,,,,,600.0,False,True,1.0,False
Spain_231,decision,,,,,,,,,18000.0,True,True,2.0,False
Spain_232,decision,,,,,,,,,10000.0,False,True,1.0,False
Spain_233,decision,,,,,,,,,120000.0,False,False,0.0,False
Spain_235,decision,,,,,,,,,600.0,True,True,1.0,False
Spain_237,decision,,,,,,,,,42000.0,True,True,1.0,False
Spain_240,decision,,,,,,,,,0.0,False,False,0.0,False
Spain_238,decision,,,,,,,,,0.0,False,True,4.0,False
Spain_239,decision,,,,,,,,,12000.0,False,True,1.0,False
Spain_236,decision,,,,,,,,,180000.0,False,True,0.0,False
Spain_241,decision,,,,,,,,,4000.0,False,False,0.0,False
Spain_243,decision,,,,,,,,,900.0,False,True,1.0,False
Spain_242,decision,,,,,,,,,240000.0,False,False,0.0,False
Spain_244,decision,,,,,,,,,0.0,False,False,0.0,False
Spain_245,decision,,,,,,,,,0.0,False,True,1.0,False
Spain_247,decision,,,,,,,,,6000.0,False,True,1.0,False
Spain_246,decision,,,,,,,,,0.0,False,True,2.0,False
Spain_250,decision,,,,,,,,,0.0,False,True,1.0,False
Spain_248,decision,,,,,,,,,48000.0,False,False,0.0,False
Spain_249,decision,,,,,,,,,70000.0,False,False,0.0,False
Spain_252,decision,,,,,,,,,0.0,False,True,0.0,False
Spain_251,decision,,,,,,,,,75000.0,False,False,0.0,False
Spain_253,decision,,,,,,,,,0.0,False,False,0.0,False
Spain_254,decision,,,,,,,,,0.0,False,True,1.0,False
Spain_255,decision,,,,,,,,,75000.0,False,True,1.0,False
Spain_259,decision,,,,,,,,,4000.0,False,True,1.0,False
Spain_258,decision,,,,,,,,,0.0,False,False,0.0,False
Spain_260,decision,,,,,,,,,0.0,False,False,0.0,False
Spain_256,decision,,,,,,,,,24000.0,False,True,2.0,False
Spain_261,decision,,,,,,,,,24000.0,False,False,0.0,False
Spain_262,decision,,,,,,,,,0.0,True,True,1.0,False
Spain_263,decision,,,,,,,,,1000.0,False,False,0.0,False
Spain_264,decision,,,,,,,,,100000.0,False,True,2.0,False
Spain_265,decision,,,,,,,2020.0,Q3,1200.0,False,True,1.0,False
Spain_266,decision,,,,,,,,,10000.0,False,True,1.0,False
Spain_267,decision,,,,,,,,,3000.0,False,True,1.0,False
Spain_269,decision,,,,,,,,,0.0,False,False,0.0,False
Spain_270,decision,,,,,,,,,0.0,False,False,0.0,False
Spain_268,decision,,,,,,,,,1500000.0,False,True,2.0,False
Spain_272,decision,,,,,,,,,0.0,False,True,1.0,False
Spain_271,decision,,,,,,,,,500.0,False,False,0.0,False
Spain_273,decision,,,,,,,,,0.0,True,True,2.0,False
Spain_274,decision,,,,,,,,,0.0,False,False,0.0,False
Spain_275,decision,,,,,,,2021.0,Q4,16000.0,False,True,1.0,False
Spain_276,decision,,,,,,,,,1500.0,False,True,1.0,False
Spain_278,decision,,,,,,,,,0.0,False,False,0.0,False
Spain_280,decision,,,,,,,,,0.0,False,False,0.0,False
Spain_281,decision,,,,,,,,,6000.0,False,False,0.0,False
Spain_279,decision,,,,,,,,,3000.0,True,True,1.0,False
Spain_282,decision,,,,,,,,,5000.0,False,True,1.0,False
Spain_277,decision,,,,,,,,,0.0,False,False,4.0,False
Spain_288,decision,,,,,,,,,0.0,False,True,1.0,False
Spain_289,decision,,,,,,,,,0.0,False,True,1.0,False
Spain_283,decision,,,,,,,,,8150000.0,False,True,3.0,False
Spain_287,decision,,,,,,,,,0.0,True,True,1.0,False
Spain_285,decision,,,,,,,,,1000.0,False,False,0.0,False
Spain_296,decision,,,,,,,,,3000.0,False,True,1.0,False
Spain_290,decision,,,,,,,,,18000.0,False,True,1.0,False
Spain_297,decision,,,,,,,,,0.0,False,True,2.0,False
Spain_291,decision,,,,,,,,,0.0,False,True,1.0,False
Spain_292,decision,,,,,,,,,60000.0,False,True,1.0,False
Spain_294,decision,,,,,,,,,0.0,False,True,1.0,False
Spain_293,decision,,,,,,,2021.0,Q1,5000000.0,False,True,2.0,False
Spain_295,decision,,,,,,,,,0.0,False,False,0.0,False
Spain_298,decision,,,,,,,,,0.0,False,False,0.0,False
Spain_300,decision,,,,,,,,,60000.0,False,True,1.0,False
Spain_299,decision,,,,,,,,,30000.0,False,True,1.0,False
Spain_303,decision,,,,,,,,,90000.0,False,True,1.0,False
Spain_301,decision,,,,,,,,,132000.0,False,False,0.0,False
Spain_302,decision,,,,,,,2020.0,Q1,0.0,False,True,1.0,False
Spain_304,decision,,,,,,,,,0.0,False,True,1.0,False
Spain_305,decision,,,,,,,,,0.0,False,False,0.0,False
Spain_309,decision,,,,,,,,,0.0,True,True,3.0,False
Spain_306,decision,,,,,,,,,3000.0,False,True,0.0,False
Spain_312,decision,,,,,,,,,1800.0,False,True,0.0,False
Spain_307,decision,,,,,,,,,3000.0,False,True,1.0,False
Spain_308,decision,,,,,,,,,44000.0,False,False,0.0,False
Spain_311,decision,,,,,,,,,35000.0,False,False,0.0,False
Spain_313,decision,,,,,,,,,0.0,False,True,0.0,False
Spain_314,decision,,,,,,,,,24000.0,True,True,1.0,False
Spain_315,decision,,,,,,,,,4000.0,False,True,1.0,False
Spain_320,decision,,,,,,,,,0.0,False,True,1.0,False
Spain_318,decision,,,,,,,2021.0,Q3,40000.0,True,True,1.0,False
Spain_317,decision,,,,,,,,,0.0,False,True,2.0,False
Spain_316,decision,,,,,,,,,33000.0,False,False,0.0,False
Spain_319,decision,,,,,,,,,0.0,False,True,1.0,False
Spain_321,decision,,,,,,,,,55000.0,False,True,1.0,False
Spain_323,decision,,,,,,,,,2000.0,False,True,1.0,False
Spain_325,decision,,,,,,,,,0.0,False,True,1.0,False
Spain_322,decision,,,,,,,,,3000.0,False,True,0.0,False
Spain_327,decision,,,,,,,,,0.0,False,False,0.0,False
Spain_324,decision,,,,,,,,,9000.0,False,True,2.0,False
Spain_326,decision,,,,,,,,,2520000.0,False,True,5.0,False
Spain_328,decision,,,,,,,,,6000.0,False,True,1.0,False
Spain_329,decision,,,,,,,,,0.0,False,False,0.0,False
Spain_332,decision,,,,,,,,,0.0,False,False,1.0,False
Spain_330,decision,,,,,,,,,0.0,False,False,0.0,False
Spain_331,decision,,,,,,,,,0.0,False,False,0.0,False
Spain_334,decision,,,,,,,,,50000.0,False,False,0.0,False
Spain_335,decision,,,,,,,,,1800.0,False,True,2.0,False
Spain_333,decision,,,,,,,,,0.0,False,False,0.0,False
Spain_336,decision,,,,,,,,,0.0,False,True,1.0,False
Spain_340,decision,,,,,,,,,9000.0,False,True,1.0,False
Spain_337,decision,,,,,,,,,3000.0,False,True,1.0,False
Spain_341,decision,,,,,,,,,20000.0,False,False,0.0,False
Spain_338,decision,,,,,,,,,45000.0,False,False,0.0,False
Spain_342,decision,,,,,,,,,25000.0,False,True,2.0,False
Spain_343,decision,,,,,,,,,5000.0,False,True,1.0,False
Spain_344,decision,,,,,,,,,0.0,False,True,1.0,False
Spain_345,decision,,,,,,,,,0.0,False,False,0.0,False
Spain_346,decision,,,,,,,,,600.0,False,False,0.0,False
Spain_347,decision,,,,,,,,,3000.0,False,False,0.0,False
Spain_349,decision,,,,,,,,,0.0,True,True,1.0,False
Spain_350,decision,,,,,,,,,3000.0,False,True,0.0,False
Spain_348,decision,,,,,,,,,4200.0,False,False,1.0,False
Spain_351,decision,,,,,,,,,15000.0,False,True,3.0,False
Spain_352,decision,,,,,,,,,45000.0,False,True,1.0,False
Spain_353,decision,,,,,,,2020.0,Q4,0.0,False,True,1.0,False
Spain_354,decision,,,,,,,,,3000.0,False,True,1.0,False
Spain_355,decision,,,,,,,,,3000.0,False,False,0.0,False
Spain_357,decision,,,,,,,,,2000.0,False,False,0.0,False
Spain_356,decision,,,,,,,,,1200.0,False,True,1.0,False
Spain_358,decision,,,,,,,,,20000.0,False,False,0.0,False
Spain_360,decision,,,,,,,,,1600.0,False,True,0.0,False
Spain_359,decision,,,,,,,,,600000.0,True,True,1.0,False
Spain_362,decision,,,,,,,,,75000.0,False,True,1.0,False
Spain_361,decision,,,,,,,,,45000.0,False,True,1.0,False
Spain_364,decision,,,,,,,,,3000.0,False,True,2.0,False
Spain_363,decision,,,,,,,,,25000.0,False,False,0.0,False
Spain_367,decision,,,,,,,,,12000.0,False,True,1.0,False
Spain_366,decision,,,,,,,,,0.0,True,True,1.0,False
Spain_368,decision,,,,,,,,,1800.0,False,False,0.0,False
Spain_370,decision,,,,,,,,,2000.0,False,True,0.0,False
Spain_369,decision,,,,,,,,,96000.0,False,False,1.0,False
Spain_371,decision,,,,,,,,,56000.0,False,True,1.0,False
Spain_372,decision,,,,,,,,,0.0,False,True,1.0,False
Spain_373,decision,,,,,,,,,1600.0,False,True,1.0,False
Spain_375,decision,,,,,,,,,30000.0,False,True,1.0,False
Spain_374,decision,,,,,,,,,0.0,False,False,1.0,False
Spain_376,decision,,,,,,,,,40000.0,False,True,1.0,False
Spain_378,decision,,,,,,,,,200000.0,False,True,2.0,False
Spain_377,decision,,,,,,,,,1600.0,False,True,1.0,False
Spain_379,decision,,,,,,,,,0.0,False,False,0.0,False
Spain_381,decision,,,,,,,,,0.0,False,True,1.0,False
Spain_380,decision,,,,,,,,,45000.0,False,True,1.0,False
Spain_382,decision,,,,,,,,,3000.0,False,True,2.0,False
Spain_383,decision,,,,,,,,,2000.0,False,True,1.0,False
Spain_384,decision,,,,,,,,,0.0,False,True,1.0,False
Spain_387,decision,,,,,,,,,20000.0,False,True,2.0,False
Spain_389,decision,,,,,,,,,48000.0,True,True,1.0,False
Spain_388,decision,,,,,,,,,5000.0,False,True,1.0,False
Spain_385,decision,,,,,,,,,6000.0,False,False,0.0,False
Spain_386,decision,,,,,,,,,50000.0,False,False,0.0,False
Spain_391,decision,,,,,,,,,1200.0,False,True,1.0,False
Spain_390,decision,,,,,,,,,40000.0,False,True,1.0,False
Spain_392,decision,,,,,,,,,36000.0,False,True,1.0,False
Spain_393,decision,,,,,,,,,100000.0,False,True,1.0,False
Spain_394,decision,,,,,,,,,0.0,False,True,1.0,False
Spain_396,decision,,,,,,,,,1500.0,False,True,1.0,False
Spain_397,decision,,,,,,,,,2100000.0,False,True,1.0,False
Spain_395,decision,,,,,,,,,80000.0,False,False,0.0,False
Spain_398,decision,,,,,,,,,60000.0,False,True,1.0,False
Spain_406,decision,,,,,,,2021.0,Q4,0.0,False,True,0.0,False
Spain_401,decision,,,,,,,,,7800.0,False,True,5.0,False
Spain_400,decision,,,,,,,,,50000.0,False,False,0.0,False
Spain_402,decision,,,,,,,,,120000.0,False,True,1.0,False
Spain_399,decision,,,,,,,,,12000.0,False,True,4.0,False
Spain_405,decision,,,,,,,,,15000.0,False,True,2.0,False
Spain_403,decision,,,,,,,,,75000.0,False,False,0.0,False
Spain_404,decision,,,,,,,2021.0,Q4,1500000.0,False,True,3.0,False
Spain_408,decision,,,,,,,,,5000.0,False,True,1.0,False
Spain_410,decision,,,,,,,,,3000.0,False,True,1.0,False
Spain_409,decision,,,,,,,,,0.0,False,False,0.0,False
Spain_411,decision,,,,,,,,,4000.0,False,True,2.0,False
Spain_417,decision,,,,,,,,,0.0,True,True,1.0,False
Spain_412,decision,,,,,,,,,1800.0,False,True,1.0,False
Spain_415,decision,,,,,,,,,50000.0,False,True,1.0,False
Spain_414,decision,,,,,,,,,0.0,False,False,0.0,False
Spain_418,decision,,,,,,,2020.0,Q4,0.0,False,True,0.0,False
Spain_416,decision,,,,,,,,,5000.0,False,False,0.0,False
Spain_419,decision,,,,,,,,,12000.0,False,False,0.0,False
Spain_421,decision,,,,,,,,,20000.0,False,False,0.0,False
Spain_420,decision,,,,,,,2021.0,Q4,50000.0,False,True,1.0,False
Spain_422,decision,,,,,,,,,15000.0,False,True,1.0,False
Spain_423,decision,,,,,,,,,40000.0,False,False,0.0,False
Spain_424,decision,,,,,,,,,900.0,False,True,1.0,False
Spain_426,decision,,,,,,,,,170000.0,False,True,2.0,False
Spain_425,decision,,,,,,,,,2000000.0,False,True,1.0,False
Spain_427,decision,,,,,,,,,900.0,False,False,0.0,False
Spain_428,decision,,,,,,,,,2000.0,False,True,1.0,False
Spain_429,decision,,,,,,,,,0.0,True,True,1.0,False
Spain_430,decision,,,,,,,,,0.0,False,True,1.0,False
Spain_431,decision,,,,,,,,,2000.0,False,True,1.0,False
Spain_432,decision,,,,,,,,,2000.0,False,True,1.0,False
Spain_435,decision,,,,,,,,,1500.0,False,False,0.0,False
Spain_433,decision,,,,,,,,,1000.0,False,True,0.0,False
Spain_436,decision,,,,,,,,,50000.0,False,True,1.0,False
Spain_434,decision,,,,,,,,,3000.0,False,True,1.0,False
Spain_438,decision,,,,,,,,,75000.0,False,True,1.0,False
Spain_440,decision,,,,,,,,,9000.0,False,True,2.0,False
Spain_437,decision,,,,,,,,,0.0,False,False,0.0,False
Spain_441,decision,,,,,,,,,70000.0,False,True,1.0,False
Spain_439,decision,,,,,,,,,1200.0,False,True,1.0,False
Spain_443,decision,,,,,,,,,0.0,False,True,2.0,False
Spain_442,decision,,,,,,,,,50000.0,False,True,2.0,False
Spain_446,decision,,,,,,,,,0.0,False,True,0.0,False
Spain_444,decision,,,,,,,,,3000.0,True,True,1.0,False
Spain_445,decision,,,,,,,2019.0,Q4,6000.0,False,True,1.0,False
Spain_449,decision,,,,,,,,,30000.0,False,True,0.0,False
Spain_451,decision,,,,,,,,,36000.0,False,False,0.0,False
Spain_452,decision,,,,,,,,,2000.0,False,True,1.0,False
Spain_450,decision,,,,,,,,,0.0,False,False,0.0,False
Spain_453,decision,,,,,,,,,36000.0,False,True,1.0,False
Spain_455,decision,,,,,,,,,30000.0,False,True,1.0,False
Spain_454,decision,,,,,,,,,30000.0,False,True,0.0,False
Spain_457,decision,,,,,,,,,0.0,False,True,1.0,False
Spain_456,decision,,,,,,,,,0.0,False,False,0.0,False
Spain_459,decision,,,,,,,,,2400.0,False,True,1.0,False
Spain_458,decision,,,,,,,,,100000.0,False,False,0.0,False
Spain_461,decision,,,,,,,2020.0,Q4,6000.0,True,True,1.0,False
Spain_466,decision,,,,,,,,,0.0,False,True,1.0,False
Spain_467,decision,,,,,,,,,0.0,False,True,0.0,False
Spain_463,decision,,,,,,,,,0.0,False,False,0.0,False
Spain_462,decision,,,,,,,,,300000.0,False,True,3.0,False
Spain_460,decision,,,,,,,,,6000.0,False,False,0.0,False
Spain_464,decision,,,,,,,,,10000.0,False,True,1.0,False
Spain_465,decision,,,,,,,,,50000.0,False,False,0.0,False
Spain_469,decision,,,,,,,,,0.0,False,True,1.0,False
Spain_471,decision,,,,,,,,,0.0,False,False,0.0,False
Spain_470,decision,,,,,,,,,4800.0,False,True,1.0,False
Spain_468,decision,,,,,,,,,0.0,False,False,1.0,False
Spain_479,decision,,,,,,,,,30000.0,False,True,1.0,False
Spain_472,decision,,,,,,,,,0.0,False,True,1.0,False
Spain_473,decision,,,,,,,,,4000.0,False,True,1.0,False
Spain_476,decision,,,,,,,,,0.0,False,False,0.0,False
Spain_474,decision,,,,,,,2021.0,Q1,3000.0,True,True,1.0,False
Spain_478,decision,,,,,,,,,0.0,False,True,0.0,False
Spain_480,decision,,,,,,,,,0.0,False,False,0.0,False
Spain_482,decision,,,,,,,,,30000.0,False,True,0.0,False
Spain_481,decision,,,,,,,,,42000.0,False,True,1.0,False
Spain_484,decision,,,,,,,,,1500.0,False,True,0.0,False
Spain_485,decision,,,,,,,,,0.0,False,True,1.0,False
Spain_487,decision,,,,,,,,,20000.0,False,False,0.0,False
Spain_483,decision,,,,,,,,,42000.0,False,False,0.0,False
Spain_486,decision,,,,,,,2021.0,Q3,120000.0,False,True,1.0,False
Spain_490,decision,,,,,,,,,6000.0,False,True,0.0,False
Spain_488,decision,,,,,,,,,0.0,False,False,0.0,False
Spain_492,decision,,,,,,,,,6000.0,False,True,1.0,False
Spain_491,decision,,,,,,,,,200000.0,False,True,2.0,False
Spain_493,decision,,,,,,,2022.0,Q2,0.0,False,True,2.0,False
Spain_494,decision,,,,,,,,,20000.0,False,True,1.0,False
Spain_496,decision,,,,,,,,,0.0,False,True,3.0,False
Spain_495,decision,,,,,,,,,70000.0,False,False,1.0,False
Spain_497,decision,,,,,,,,,3600.0,False,True,1.0,False
Spain_498,decision,,,,,,,,,0.0,False,True,1.0,False
Spain_499,decision,,,,,,,,,0.0,True,True,1.0,False
Spain_501,decision,,,,,,,,,3000.0,False,True,0.0,False
Spain_500,decision,,,,,,,,,8000.0,False,True,1.0,False
Spain_503,decision,,,,,,,,,25000.0,False,True,1.0,False
Spain_506,decision,,,,,,,,,2000.0,False,True,1.0,False
Spain_502,decision,,,,,,,,,3000.0,False,True,3.0,False
Spain_504,decision,,,,,,,,,0.0,True,True,1.0,False
Spain_505,decision,,,,,,,,,1500.0,False,False,0.0,False
Spain_509,decision,,,,,,,,,20000.0,False,True,1.0,False
Spain_507,decision,,,,,,,,,3000.0,False,True,1.0,False
Spain_508,decision,,,,,,,,,6000.0,False,True,1.0,False
Spain_510,decision,,,,,,,,,60000.0,False,False,0.0,False
Spain_511,decision,,,,,,,,,3000.0,False,False,0.0,False
Spain_514,decision,,,,,,,,,0.0,False,False,0.0,False
Spain_513,decision,,,,,,,,,50000.0,False,False,0.0,False
Spain_515,decision,,,,,,,2020.0,Q4,0.0,False,True,1.0,False
Spain_516,decision,,,,,,,,,3000.0,False,True,0.0,False
Spain_522,decision,,,,,,,,,25000.0,False,True,0.0,False
Spain_517,decision,,,,,,,,,1500.0,False,False,0.0,False
Spain_518,decision,,,,,,,,,100000.0,False,True,1.0,False
Spain_519,decision,,,,,,,,,75000.0,False,False,0.0,False
Spain_524,decision,,,,,,,,,0.0,False,False,0.0,False
Spain_525,decision,,,,,,,,,0.0,False,False,0.0,False
Spain_521,decision,,,,,,,,,40000.0,False,True,1.0,False
Spain_520,decision,,,,,,,,,54000.0,False,True,2.0,False
Spain_523,decision,,,,,,,,,48000.0,False,False,0.0,False
Spain_526,decision,,,,,,,,,1500.0,False,True,1.0,False
Spain_527,decision,,,,,,,,,5000.0,False,True,1.0,False
Spain_536,decision,,,,,,,,,5000.0,False,True,0.0,False
Spain_532,decision,,,,,,,,,0.0,False,False,0.0,False
Spain_529,decision,,,,,,,,,0.0,False,False,0.0,False
Spain_533,decision,,,,,,,,,120000.0,False,True,1.0,False
Spain_530,decision,,,,,,,2021.0,Q4,60000.0,False,True,1.0,False
Spain_534,decision,,,,,,,,,24000.0,False,True,0.0,False
Spain_535,decision,,,,,,,,,2000.0,False,True,1.0,False
Spain_537,decision,,,,,,,,,0.0,False,False,0.0,False
Spain_539,decision,,,,,,,,,0.0,False,False,1.0,False
Spain_541,decision,,,,,,,,,0.0,False,False,0.0,False
Spain_542,decision,,,,,,,,,90000.0,False,True,2.0,False
Spain_544,decision,,,,,,,,,5000.0,False,True,1.0,False
Spain_543,decision,,,,,,,,,3000.0,False,False,0.0,False
Spain_540,decision,,,,,,,,,0.0,False,False,0.0,False
Spain_545,decision,,,,,,,,,70000.0,False,True,0.0,False
Spain_546,decision,,,,,,,,,75000.0,False,False,0.0,False
Spain_547,decision,,,,,,,,,80000.0,False,True,1.0,False
Spain_549,decision,,,,,,,,,0.0,False,True,1.0,False
Spain_551,decision,,,,,,,,,3000.0,False,False,0.0,False
Spain_550,decision,,,,,,,,,3000.0,False,True,0.0,False
Spain_552,decision,,,,,,,,,60000.0,False,True,2.0,False
Spain_558,decision,,,,,,,,,0.0,False,True,4.0,False
Spain_553,decision,,,,,,,,,1500.0,False,True,0.0,False
Spain_554,decision,,,,,,,,,50000.0,False,False,0.0,False
Spain_555,decision,,,,,,,,,4000.0,False,False,0.0,False
Spain_556,decision,,,,,,,,,16000.0,False,True,1.0,False
Spain_559,decision,,,,,,,,,3000.0,False,True,1.0,False
Spain_557,decision,,,,,,,,,150000.0,False,True,1.0,False
Spain_562,decision,,,,,,,,,8000.0,False,False,0.0,False
Spain_561,decision,,,,,,,,,3000.0,False,False,0.0,False
Spain_563,decision,,,,,,,2021.0,Q1,60000.0,False,True,1.0,False
Spain_560,decision,,,,,,,,,0.0,False,False,2.0,False
Spain_564,decision,,,,,,,,,8000.0,False,True,3.0,False
Spain_565,decision,,,,,,,,,6000.0,False,False,0.0,False
Spain_568,decision,,,,,,,2021.0,Q4,56000.0,False,True,1.0,False
Spain_566,decision,,,,,,,,,75000.0,False,True,1.0,False
Spain_567,decision,,,,,,,,,3000000.0,False,True,0.0,False
Spain_575,decision,,,,,,,,,55000.0,True,True,1.0,False
Spain_572,decision,,,,,,,,,0.0,False,False,0.0,False
Spain_570,decision,,,,,,,,,2000.0,False,True,1.0,False
Spain_569,decision,,,,,,,,,12000.0,False,False,0.0,False
Spain_571,decision,,,,,,,,,0.0,False,True,1.0,False
Spain_573,decision,,,,,,,2022.0,Q3,0.0,True,True,2.0,False
Spain_574,decision,,,,,,,,,1800.0,False,False,1.0,False
Spain_578,decision,,,,,,,,,0.0,False,False,0.0,False
Spain_576,decision,,,,,,,,,480.0,False,False,0.0,False
Spain_581,decision,,,,,,,,,10000.0,False,True,1.0,False
Spain_577,decision,,,,,,,,,80000.0,False,False,0.0,False
Spain_582,decision,,,,,,,2024.0,Q1,1200.0,False,True,1.0,False
Spain_580,decision,,,,,,,,,0.0,False,False,1.0,False
Spain_579,decision,,,,,,,,,0.0,False,False,0.0,False
Spain_583,decision,,,,,,,,,70000.0,False,True,1.0,False
Spain_584,decision,,,,,,,,,0.0,False,False,0.0,False
Spain_590,decision,,,,,,,,,0.0,False,False,0.0,False
Spain_585,decision,,,,,,,,,0.0,False,False,1.0,False
Spain_587,decision,,,,,,,,,0.0,False,True,0.0,False
Spain_588,decision,,,,,,,,,0.0,False,False,0.0,False
Spain_589,decision,,,,,,,,,0.0,False,False,0.0,False
Spain_591,decision,,,,,,,,,0.0,False,False,0.0,False
Spain_592,decision,,,,,,,,,0.0,False,False,1.0,False
Spain_593,decision,,,,,,,,,0.0,False,False,0.0,False
Spain_595,decision,,,,,,,,,0.0,False,False,1.0,False
Spain_596,decision,,,,,,,,,0.0,False,False,0.0,False
Spain_597,decision,,,,,,,,,0.0,False,False,0.0,False
Spain_594,decision,,,,,,,,,0.0,False,False,0.0,False
Spain_598,decision,,,,,,,,,0.0,False,False,0.0,False
Spain_599,decision,,,,,,,,,0.0,False,False,0.0,False
Spain_600,decision,,,,,,,,,0.0,False,False,2.0,False
Spain_605,decision,,,,,,,,,0.0,False,False,0.0,False
Spain_603,decision,,,,,,,,,0.0,False,False,0.0,False
Spain_601,decision,,,,,,,,,0.0,False,False,0.0,False
Spain_602,decision,,,,,,,,,0.0,False,False,0.0,False
Spain_604,decision,,,,,,,,,0.0,False,False,0.0,False
Spain_606,decision,,,,,,,,,0.0,False,False,1.0,False
Spain_607,decision,,,,,,,,,0.0,False,True,2.0,False
Spain_611,decision,,,,,,,,,0.0,False,False,0.0,False
Spain_612,decision,,,,,,,,,0.0,False,False,0.0,False
Spain_610,decision,,,,,,,,,0.0,False,False,0.0,False
Spain_615,decision,,,,,,,,,0.0,False,False,0.0,False
Spain_614,decision,,,,,,,,,0.0,False,False,1.0,False
Spain_613,decision,,,,,,,,,0.0,False,False,0.0,False
Spain_616,decision,,,,,,,,,600.0,False,True,1.0,False
Spain_617,decision,,,,,,,2022.0,Q4,0.0,False,False,0.0,False
Spain_619,decision,,,,,,,2021.0,Q4,0.0,False,False,0.0,False
Spain_621,decision,,,,,,,,,0.0,False,True,1.0,False
Spain_620,decision,,,,,,,,,0.0,False,True,2.0,False
Spain_624,decision,,,,,,,,,0.0,False,True,3.0,False
Spain_630,decision,,,,,,,2022.0,Q1,0.0,False,False,0.0,False
Spain_625,decision,,,,,,,,,0.0,True,True,1.0,False
Spain_618,decision,,,,,,,,,0.0,False,True,3.0,False
Spain_631,decision,,,,,,,,,0.0,False,False,0.0,False
Slovenia_1,decision,,,,,,,,,0.0,False,False,2.0,False
Slovenia_3,decision,,,,,,,2021.0,Q1,0.0,True,False,2.0,False
Spain_627,decision,,,,,,,,,0.0,True,True,1.0,False
Spain_626,decision,,,,,,,,,3000.0,False,True,1.0,False
Spain_628,decision,,,,,,,,,0.0,False,True,1.0,False
Spain_629,decision,,,,,,,,,0.0,False,True,1.0,False
Slovenia_4,decision,,,,,,,,,0.0,False,False,0.0,False
Slovenia_5,decision,,,,,,,,,0.0,False,True,0.0,False
Slovenia_8,decision,,,,,,,,,0.0,False,False,0.0,False
Slovenia_6,decision,,,,,,,,,0.0,False,False,0.0,False
Slovenia_9,decision,,,,,,,,,0.0,False,False,0.0,False
Slovenia_7,decision,,,,,,,,,0.0,False,False,0.0,False
Slovenia_10,decision,,,,,,,,,0.0,False,False,0.0,False
Slovenia_12,decision,,,,,,,,,0.0,False,False,0.0,False
Slovenia_11,decision,,,,,,,,,0.0,False,False,0.0,False
Slovenia_14,decision,,,,,,,2021.0,Q2,0.0,False,False,0.0,False
Slovenia_18,decision,,,,,,,2020.0,Q1,0.0,False,False,0.0,False
Slovenia_13,decision,,,,,,,,,0.0,False,False,0.0,False
Slovenia_16,decision,,,,,,,,,0.0,False,False,0.0,False
Slovenia_15,decision,,,,,,,2021.0,Q2,0.0,False,False,0.0,False
Slovenia_17,decision,,,,,,,,,0.0,False,False,0.0,False
Slovenia_19,decision,,,,,,,,,0.0,False,False,0.0,False
Slovenia_21,decision,,,,,,,2020.0,Q1,0.0,False,False,0.0,False
Slovenia_20,decision,,,,,,,,,0.0,False,False,0.0,False
Slovenia_24,decision,,,,,,,,,0.0,False,False,0.0,False
Slovenia_23,decision,,,,,,,,,0.0,False,False,0.0,False
Slovenia_25,decision,,,,,,,,,0.0,False,False,0.0,False
Slovenia_22,decision,,,,,,,,,0.0,False,False,0.0,False
Slovenia_26,decision,,,,,,,,,0.0,False,False,0.0,False
Slovenia_34,decision,,,,,,,2020.0,Q3,0.0,False,False,3.0,False
Slovenia_27,decision,,,,,,,,,0.0,False,False,0.0,False
Slovenia_28,decision,,,,,,,,,0.0,False,False,0.0,False
Slovenia_29,decision,,,,,,,2020.0,Q2,0.0,False,False,0.0,False
Slovenia_30,decision,,,,,,,2020.0,Q2,0.0,False,False,0.0,False
Slovenia_31,decision,,,,,,,2020.0,Q2,0.0,False,False,0.0,False
Slovenia_32,decision,,,,,,,,,0.0,False,False,0.0,False
Slovenia_33,decision,,,,,,,,,0.0,False,False,0.0,False
Slovenia_35,decision,,,,,,,,,0.0,False,True,0.0,False
Slovenia_36,decision,,,,,,,,,0.0,False,False,0.0,False
Slovenia_37,decision,,,,,,,,,0.0,False,False,0.0,False
Slovenia_38,decision,,,,,,,,,0.0,False,False,0.0,False
Slovenia_41,decision,,,,,,,,,0.0,False,False,0.0,False
Slovenia_39,decision,,,,,,,,,0.0,False,False,0.0,False
Slovenia_42,decision,,,,,,,,,0.0,False,False,0.0,False
Slovenia_43,decision,,,,,,,,,0.0,False,True,2.0,False
Slovenia_44,decision,,,,,,,,,0.0,False,False,0.0,False
Slovenia_45,decision,,,,,,,,,0.0,False,False,0.0,False
Slovenia_46,decision,,,,,,,2021.0,Q2,0.0,False,False,0.0,False
Slovenia_47,decision,,,,,,,2021.0,Q2,0.0,False,False,0.0,False
Slovenia_50,decision,,,,,,,2021.0,Q1,0.0,False,True,2.0,False
Slovenia_48,decision,,,,,,,,,0.0,False,False,0.0,False
Slovenia_51,decision,,,,,,,,,0.0,False,False,0.0,False
Slovenia_55,decision,,,,,,,,,0.0,False,False,0.0,False
Slovenia_56,decision,,,,,,,,,0.0,False,False,0.0,False
Slovenia_53,decision,,,,,,,,,0.0,False,False,0.0,False
Slovenia_54,decision,,,,,,,,,0.0,False,True,3.0,False
Slovenia_57,decision,,,,,,,,,0.0,False,False,0.0,False
Slovenia_58,decision,,,,,,,,,500.0,False,False,1.0,False
Slovenia_61,decision,,,,,,,,,6255.0,False,False,0.0,False
Slovenia_62,decision,,,,,,,,,0.0,False,False,0.0,False
Slovenia_63,decision,,,,,,,,,0.0,False,False,0.0,False
Slovenia_65,decision,,,,,,,2022.0,Q1,0.0,False,False,1.0,False
Slovenia_64,decision,,,,,,,2021.0,Q2,0.0,False,True,2.0,False
Slovenia_66,decision,,,,,,,,,0.0,False,False,2.0,False
Slovenia_67,decision,,,,,,,,,0.0,False,False,0.0,False
Slovenia_68,decision,,,,,,,,,0.0,False,False,0.0,False
Slovenia_69,decision,,,,,,,,,0.0,False,False,0.0,False
Slovenia_72,decision,,,,,,,,,0.0,False,False,0.0,False
Slovenia_73,decision,,,,,,,,,0.0,False,False,0.0,False
Slovenia_74,decision,,,,,,,,,0.0,False,False,0.0,False
Slovenia_75,decision,,,,,,,,,0.0,False,False,0.0,False
Slovenia_76,decision,,,,,,,,,0.0,False,False,0.0,False
Slovakia_1,decision,,,,,,,,,0.0,False,True,0.0,False
Slovenia_77,decision,,,,,,,,,0.0,False,False,0.0,False
Romania_1,decision,,,,,,,2023.0,Q1,500.0,False,True,1.0,False
Slovenia_78,decision,,,,,,,,,0.0,False,False,0.0,False
Romania_2,decision,,,,,,,,,0.0,False,False,0.0,False
Romania_4,decision,,,,,,,,,3000.0,False,False,0.0,False
Romania_3,decision,,,,,,,,,3000.0,False,True,0.0,False
Romania_6,decision,,,,,,,,,0.0,False,False,0.0,False
Romania_9,decision,,,,,,,,,0.0,False,False,0.0,False
Romania_11,decision,,,,,,,,,2000.0,False,True,1.0,False
Romania_10,decision,,,,,,,,,17000.0,False,True,1.0,False
Romania_13,decision,,,,,,,,,0.0,False,False,2.0,False
Romania_14,decision,,,,,,,,,10000.0,False,False,1.0,False
Romania_15,decision,,,,,,,,,1000.0,False,True,0.0,False
Romania_17,decision,,,,,,,,,70000.0,True,True,1.0,False
Romania_20,decision,,,,,,,,,1000.0,False,True,0.0,False
Romania_19,decision,,,,,,,,,10000.0,False,True,1.0,False
Romania_18,decision,,,,,,,,,0.0,False,True,4.0,False
Romania_24,decision,,,,,,,,,3000.0,False,True,0.0,False
Romania_26,decision,,,,,,,,,2000.0,False,True,1.0,False
Romania_25,decision,,,,,,,,,0.0,False,False,1.0,False
Romania_28,decision,,,,,,,2021.0,Q3,3000.0,True,True,1.0,False
Romania_29,decision,,,,,,,,,1000.0,True,True,1.0,False
Romania_30,decision,,,,,,,,,10000.0,False,True,1.0,False
Romania_34,decision,,,,,,,,,25000.0,True,True,4.0,False
Romania_33,decision,,,,,,,,,2000.0,False,True,0.0,False
Romania_36,decision,,,,,,,2020.0,Q2,5000.0,False,True,1.0,False
Romania_32,decision,,,,,,,,,500.0,False,True,1.0,False
Romania_31,decision,,,,,,,,,0.0,False,True,3.0,False
Romania_38,decision,,,,,,,,,5000.0,False,True,0.0,False
Romania_43,decision,,,,,,,,,2000.0,False,False,0.0,False
Romania_42,decision,,,,,,,,,0.0,False,True,0.0,False
Romania_41,decision,,,,,,,,,0.0,False,False,4.0,False
Romania_45,decision,,,,,,,2022.0,Q4,1000.0,False,True,0.0,False
Romania_48,decision,,,,,,,2023.0,Q2,1500.0,True,True,1.0,False
Romania_49,decision,,,,,,,,,3000.0,False,True,1.0,False
Romania_47,decision,,,,,,,,,2000.0,False,True,0.0,False
Romania_50,decision,,,,,,,,,200.0,False,True,3.0,False
Romania_46,decision,,,,,,,,,12000.0,False,False,2.0,False
Romania_52,decision,,,,,,,2025.0,Q3,4000.0,False,True,1.0,False
Romania_51,decision,,,,,,,,,500.0,False,True,0.0,False
Romania_53,decision,,,,,,,2025.0,Q2,5000.0,True,True,1.0,False
Romania_54,decision,,,,,,,,,5000.0,False,False,0.0,False
Romania_57,decision,,,,,,,,,18000.0,False,True,0.0,False
Romania_56,decision,,,,,,,,,7000.0,False,False,4.0,False
Romania_58,decision,,,,,,,,,2000.0,False,True,3.0,False
Romania_59,decision,,,,,,,,,100000.0,False,False,0.0,False
Romania_60,decision,,,,,,,,,1000.0,False,False,0.0,False
Romania_61,decision,,,,,,,,,2000.0,False,False,0.0,False
Romania_62,decision,,,,,,,,,1000.0,False,False,0.0,False
Romania_63,decision,,,,,,,,,7000.0,False,True,0.0,False
Romania_65,decision,,,,,,,,,2000.0,False,True,0.0,False
Romania_67,decision,,,,,,,,,2000.0,False,True,3.0,False
Romania_70,decision,,,,,,,,,0.0,False,True,4.0,False
Romania_72,decision,,,,,,,,,10000.0,True,True,1.0,False
Romania_71,decision,,,,,,,,,4000.0,False,True,0.0,False
Romania_74,decision,,,,,,,2020.0,Q2,3000.0,False,True,1.0,False
Romania_73,decision,,,,,,,,,4000.0,False,True,0.0,False
Romania_79,decision,,,,,,,,,0.0,False,True,1.0,False
Romania_77,decision,,,,,,,,,5000.0,False,True,0.0,False
Romania_76,decision,,,,,,,,,2000.0,False,True,4.0,False
Romania_78,decision,,,,,,,,,2000.0,False,True,2.0,False
Romania_81,decision,,,,,,,,,1000.0,False,False,0.0,False
Romania_84,decision,,,,,,,,,2000.0,False,True,0.0,False
Romania_87,decision,,,,,,,,,1500.0,True,True,1.0,False
Romania_92,decision,,,,,,,,,0.0,False,False,0.0,False
Romania_91,decision,,,,,,,,,0.0,False,True,2.0,False
Romania_93,decision,,,,,,,,,20000.0,False,False,0.0,False
Romania_94,decision,,,,,,,2024.0,Q2,4000.0,True,True,1.0,False
Romania_100,decision,,,,,,,2021.0,Q4,2000.0,False,True,0.0,False
Romania_99,decision,,,,,,,,,1000.0,False,False,0.0,False
Romania_102,decision,,,,,,,2023.0,Q4,1000.0,False,True,2.0,False
Romania_101,decision,,,,,,,,,0.0,False,True,1.0,False
Romania_103,decision,,,,,,,,,1000.0,False,True,2.0,False
Romania_107,decision,,,,,,,,,2000.0,False,True,0.0,False
Romania_108,decision,,,,,,,,,6000.0,False,True,3.0,False
Romania_110,decision,,,,,,,,,10000.0,False,False,0.0,False
Romania_113,decision,,,,,,,,,1500.0,False,False,0.0,False
Romania_116,decision,,,,,,,2021.0,Q2,2000.0,True,True,1.0,False
Romania_114,decision,,,,,,,,,0.0,False,False,0.0,False
Romania_117,decision,,,,,,,,,3000.0,False,True,1.0,False
Romania_121,decision,,,,,,,,,5000.0,True,True,1.0,False
Romania_120,decision,,,,,,,,,0.0,False,True,0.0,False
Romania_122,decision,,,,,,,,,0.0,False,False,0.0,False
Romania_123,decision,,,,,,,,,3000.0,False,True,0.0,False
Romania_124,decision,,,,,,,,,2500.0,False,False,0.0,False
Romania_127,decision,,,,,,,,,3000.0,False,False,0.0,False
Romania_131,decision,,,,,,,,,2000.0,True,True,1.0,False
Romania_129,decision,,,,,,,,,5000.0,False,True,3.0,False
Romania_132,decision,,,,,,,,,2000.0,False,True,3.0,False
Romania_134,decision,,,,,,,2022.0,Q4,150.0,True,True,2.0,False
Romania_135,decision,,,,,,,,,0.0,False,True,0.0,False
Romania_136,decision,,,,,,,2025.0,Q1,25000.0,True,True,1.0,False
Romania_139,decision,,,,,,,,,0.0,False,True,1.0,False
Romania_140,decision,,,,,,,,,40000.0,False,True,4.0,False
Romania_148,decision,,,,,,,,,5000.0,False,True,1.0,False
Romania_153,decision,,,,,,,,,2000.0,False,False,0.0,False
Romania_150,decision,,,,,,,,,5000.0,False,True,3.0,False
Romania_156,decision,,,,,,,,,5000.0,False,False,0.0,False
Romania_151,decision,,,,,,,,,2000.0,False,True,0.0,False
Romania_155,decision,,,,,,,,,12000.0,False,False,2.0,False
Romania_161,decision,,,,,,,,,5000.0,False,False,0.0,False
Romania_163,decision,,,,,,,,,2000.0,False,True,0.0,False
Romania_164,decision,,,,,,,,,15000.0,False,True,0.0,False
Romania_166,decision,,,,,,,,,15000.0,False,False,0.0,False
Romania_171,decision,,,,,,,,,15000.0,True,True,1.0,False
Romania_174,decision,,,,,,,2020.0,Q4,0.0,False,True,1.0,False
Romania_175,decision,,,,,,,2020.0,Q4,0.0,False,True,1.0,False
Romania_172,decision,,,,,,,,,0.0,False,True,2.0,False
Romania_176,decision,,,,,,,,,20000.0,True,True,1.0,False
Portugal_11,decision,,,,,,,,,0.0,False,False,2.0,False
Portugal_1,decision,,,,,,,2018.0,Q4,400000.0,False,True,2.0,False
Romania_177,decision,,,,,,,,,10000.0,False,False,0.0,False
Portugal_3,decision,,,,,,,,,2000.0,False,False,0.0,False
Portugal_5,decision,,,,,,,,,107000.0,False,True,1.0,False
Portugal_10,decision,,,,,,,2022.0,Q3,170000.0,False,True,3.0,False
Poland_1,decision,,,,,,,,,460000.0,True,True,2.0,False
Portugal_4,decision,,,,,,,,,2000.0,False,False,0.0,False
Poland_4,decision,,,,,,,2020.0,Q3,1168.0,True,True,0.0,False
Poland_5,decision,,,,,,,2020.0,Q3,23256.0,False,True,0.0,False
Portugal_12,decision,,,,,,,2024.0,Q1,0.0,False,True,2.0,False
Portugal_13,decision,,,,,,,2024.0,Q3,0.0,False,True,0.0,False
Poland_8,decision,,,,,,,,,5000.0,False,True,0.0,False
Poland_3,decision,,,,,,,2020.0,Q3,3505.16,False,True,1.0,False
Poland_2,decision,,,,,,,,,0.0,False,False,0.0,False
Poland_7,decision,,,,,,,,,3000.0,False,True,0.0,False
Poland_9,decision,,,,,,,2021.0,Q4,18192.0,False,True,0.0,False
Poland_10,decision,,,,,,,,,0.0,False,True,1.0,False
Poland_6,decision,,,,,,,,,85588.0,True,True,2.0,False
Poland_13,decision,,,,,,,2021.0,Q1,5000.0,False,True,1.0,False
Poland_12,decision,,,,,,,2021.0,Q2,5000.0,False,True,1.0,False
Poland_14,decision,,,,,,,2022.0,Q3,60000.0,True,True,1.0,False
Poland_15,decision,,,,,,,2020.0,Q4,0.0,True,True,2.0,False
Poland_16,decision,,,,,,,2022.0,Q2,15994.0,True,True,1.0,False
Poland_19,decision,,,,,,,2020.0,Q2,0.0,False,True,1.0,False
Poland_18,decision,,,,,,,2022.0,Q4,45697.0,False,True,1.0,False
Poland_17,decision,,,,,,,,,0.0,False,False,1.0,False
Poland_20,decision,,,,,,,2020.0,Q3,100000.0,False,True,1.0,False
Poland_21,decision,,,,,,,,,576220.0,False,True,1.0,False
Poland_24,decision,,,,,,,,,100000.0,True,True,2.0,False
Poland_22,decision,,,,,,,,,1440549.0,True,True,2.0,False
