nodeId,decision_id,type,year,fine_eur,breach_case
decision_United Kingdom_18,United Kingdom_18,Decision,2025.0,2310000.0,1
decision_United Kingdom_20,United Kingdom_20,Decision,,0.0,1
decision_United Kingdom_10,United Kingdom_10,Decision,,,0
decision_United Kingdom_7,United Kingdom_7,Decision,,,0
decision_United Kingdom_16,United Kingdom_16,Decision,2020.0,18400000.0,1
decision_United Kingdom_17,United Kingdom_17,Decision,2020.0,1250000.0,1
decision_United Kingdom_21,United Kingdom_21,Decision,2025.0,18000.0,1
decision_United Kingdom_19,United Kingdom_19,Decision,2021.0,90000.0,0
decision_United Kingdom_26,United Kingdom_26,Decision,2021.0,0.0,0
decision_United Kingdom_25,United Kingdom_25,Decision,,0.0,1
decision_United Kingdom_23,United Kingdom_23,Decision,2021.0,500000.0,1
decision_United Kingdom_24,United Kingdom_24,Decision,,0.0,1
decision_United Kingdom_29,United Kingdom_29,Decision,2024.0,130000.0,0
decision_United Kingdom_27,United Kingdom_27,Decision,,,0
decision_United Kingdom_28,United Kingdom_28,Decision,2025.0,60000.0,1
decision_United Kingdom_22,United Kingdom_22,Decision,,200000.0,0
decision_United Kingdom_30,United Kingdom_30,Decision,,0.0,0
decision_United Kingdom_32,United Kingdom_32,Decision,,0.0,1
decision_United Kingdom_33,United Kingdom_33,Decision,,,0
decision_United Kingdom_31,United Kingdom_31,Decision,,0.0,0
decision_United Kingdom_36,United Kingdom_36,Decision,,,0
decision_United Kingdom_34,United Kingdom_34,Decision,2021.0,10000.0,1
decision_United Kingdom_37,United Kingdom_37,Decision,,0.0,1
decision_United Kingdom_35,United Kingdom_35,Decision,,0.0,0
decision_United Kingdom_39,United Kingdom_39,Decision,,0.0,1
decision_United Kingdom_45,United Kingdom_45,Decision,,0.0,0
decision_United Kingdom_40,United Kingdom_40,Decision,,145000.0,0
decision_United Kingdom_43,United Kingdom_43,Decision,,0.0,0
decision_United Kingdom_44,United Kingdom_44,Decision,2022.0,1350000.0,0
decision_United Kingdom_41,United Kingdom_41,Decision,2021.0,25000.0,1
decision_United Kingdom_46,United Kingdom_46,Decision,,0.0,0
decision_United Kingdom_48,United Kingdom_48,Decision,,0.0,1
decision_United Kingdom_53,United Kingdom_53,Decision,,,0
decision_United Kingdom_52,United Kingdom_52,Decision,,75000.0,0
decision_United Kingdom_51,United Kingdom_51,Decision,,,0
decision_United Kingdom_47,United Kingdom_47,Decision,,,0
decision_United Kingdom_49,United Kingdom_49,Decision,,0.0,0
decision_United Kingdom_50,United Kingdom_50,Decision,,0.0,0
decision_United Kingdom_38,United Kingdom_38,Decision,,,0
decision_United Kingdom_54,United Kingdom_54,Decision,,0.0,0
decision_United Kingdom_55,United Kingdom_55,Decision,,0.0,1
decision_United Kingdom_59,United Kingdom_59,Decision,2022.0,50000.0,0
decision_United Kingdom_56,United Kingdom_56,Decision,,85000.0,0
decision_United Kingdom_61,United Kingdom_61,Decision,,,0
decision_United Kingdom_60,United Kingdom_60,Decision,2022.0,98000.0,1
decision_United Kingdom_57,United Kingdom_57,Decision,2024.0,7500.0,1
decision_United Kingdom_63,United Kingdom_63,Decision,,,0
decision_United Kingdom_62,United Kingdom_62,Decision,2021.0,200000.0,0
decision_Sweden_2,Sweden_2,Decision,2020.0,4000000.0,0
decision_Sweden_3,Sweden_3,Decision,2020.0,3500000.0,0
decision_Sweden_4,Sweden_4,Decision,2020.0,2500000.0,0
decision_Sweden_1,Sweden_1,Decision,2020.0,75000000.0,0
decision_United Kingdom_58,United Kingdom_58,Decision,,,0
decision_Sweden_5,Sweden_5,Decision,,,0
decision_Sweden_7,Sweden_7,Decision,2020.0,4000000.0,1
decision_Sweden_6,Sweden_6,Decision,,,0
decision_Sweden_8,Sweden_8,Decision,,,0
decision_Sweden_9,Sweden_9,Decision,2020.0,550000.0,1
decision_Sweden_10,Sweden_10,Decision,,120000.0,0
decision_Sweden_11,Sweden_11,Decision,,300000.0,0
decision_Sweden_12,Sweden_12,Decision,2023.0,0.0,0
decision_Sweden_14,Sweden_14,Decision,2024.0,200000.0,0
decision_Sweden_15,Sweden_15,Decision,2025.0,0.0,0
decision_Sweden_18,Sweden_18,Decision,2021.0,350000.0,0
decision_Sweden_13,Sweden_13,Decision,,0.0,0
decision_Sweden_16,Sweden_16,Decision,2024.0,0.0,0
decision_Sweden_20,Sweden_20,Decision,2022.0,7500000.0,0
decision_Sweden_21,Sweden_21,Decision,,0.0,0
decision_Sweden_22,Sweden_22,Decision,2023.0,58000000.0,0
decision_Sweden_23,Sweden_23,Decision,2022.0,300000.0,1
decision_Sweden_26,Sweden_26,Decision,2021.0,0.0,0
decision_Sweden_24,Sweden_24,Decision,2023.0,13000000.0,0
decision_Sweden_27,Sweden_27,Decision,2021.0,0.0,0
decision_Sweden_30,Sweden_30,Decision,2023.0,0.0,0
decision_Sweden_31,Sweden_31,Decision,2021.0,0.0,0
decision_Sweden_33,Sweden_33,Decision,2023.0,0.0,0
decision_Sweden_29,Sweden_29,Decision,,0.0,0
decision_Sweden_32,Sweden_32,Decision,,,0
decision_Sweden_36,Sweden_36,Decision,2023.0,300000.0,0
decision_Sweden_34,Sweden_34,Decision,2023.0,0.0,0
decision_Sweden_35,Sweden_35,Decision,2023.0,12000000.0,0
decision_Sweden_37,Sweden_37,Decision,2023.0,35000000.0,1
decision_Sweden_38,Sweden_38,Decision,2022.0,0.0,0
decision_Sweden_40,Sweden_40,Decision,,0.0,0
decision_Sweden_41,Sweden_41,Decision,2022.0,0.0,0
decision_Sweden_39,Sweden_39,Decision,,500000.0,0
decision_Sweden_44,Sweden_44,Decision,,0.0,0
decision_Sweden_42,Sweden_42,Decision,,15000000.0,0
decision_Sweden_43,Sweden_43,Decision,,,0
decision_Sweden_46,Sweden_46,Decision,,,0
decision_Sweden_45,Sweden_45,Decision,,,0
decision_Sweden_47,Sweden_47,Decision,2022.0,0.0,0
decision_Sweden_48,Sweden_48,Decision,2022.0,0.0,0
decision_Sweden_49,Sweden_49,Decision,,,0
decision_Sweden_50,Sweden_50,Decision,,,0
decision_Spain_1,Spain_1,Decision,,0.0,0
decision_Sweden_54,Sweden_54,Decision,,0.0,0
decision_Sweden_57,Sweden_57,Decision,2023.0,0.0,0
decision_Sweden_52,Sweden_52,Decision,2022.0,0.0,0
decision_Sweden_51,Sweden_51,Decision,,,0
decision_Sweden_53,Sweden_53,Decision,,,0
decision_Spain_3,Spain_3,Decision,,0.0,0
decision_Spain_2,Spain_2,Decision,,0.0,0
decision_Spain_4,Spain_4,Decision,,21000.0,1
decision_Spain_6,Spain_6,Decision,,0.0,0
decision_Spain_5,Spain_5,Decision,,0.0,0
decision_Spain_7,Spain_7,Decision,,0.0,0
decision_Spain_8,Spain_8,Decision,,0.0,0
decision_Spain_9,Spain_9,Decision,,0.0,0
decision_Spain_10,Spain_10,Decision,,0.0,0
decision_Spain_12,Spain_12,Decision,,0.0,0
decision_Spain_11,Spain_11,Decision,,0.0,1
decision_Spain_15,Spain_15,Decision,,0.0,0
decision_Spain_13,Spain_13,Decision,,0.0,0
decision_Spain_16,Spain_16,Decision,,0.0,0
decision_Spain_14,Spain_14,Decision,,0.0,0
decision_Spain_17,Spain_17,Decision,,0.0,0
decision_Spain_18,Spain_18,Decision,,0.0,0
decision_Spain_19,Spain_19,Decision,,0.0,0
decision_Spain_20,Spain_20,Decision,,0.0,0
decision_Spain_21,Spain_21,Decision,,0.0,0
decision_Spain_22,Spain_22,Decision,,0.0,1
decision_Spain_23,Spain_23,Decision,,,0
decision_Spain_25,Spain_25,Decision,,0.0,1
decision_Spain_24,Spain_24,Decision,,0.0,0
decision_Spain_26,Spain_26,Decision,,0.0,1
decision_Spain_27,Spain_27,Decision,,0.0,1
decision_Spain_28,Spain_28,Decision,,0.0,0
decision_Spain_30,Spain_30,Decision,,0.0,1
decision_Spain_32,Spain_32,Decision,,0.0,0
decision_Spain_29,Spain_29,Decision,,0.0,1
decision_Spain_31,Spain_31,Decision,,0.0,0
decision_Spain_33,Spain_33,Decision,,0.0,0
decision_Spain_35,Spain_35,Decision,,0.0,0
decision_Spain_34,Spain_34,Decision,,0.0,0
decision_Spain_36,Spain_36,Decision,,24000.0,0
decision_Spain_38,Spain_38,Decision,,,0
decision_Spain_40,Spain_40,Decision,,1500.0,0
decision_Spain_41,Spain_41,Decision,,1500.0,1
decision_Spain_37,Spain_37,Decision,,0.0,0
decision_Spain_42,Spain_42,Decision,,12000.0,0
decision_Spain_43,Spain_43,Decision,,0.0,0
decision_Spain_45,Spain_45,Decision,,3000.0,0
decision_Spain_47,Spain_47,Decision,,5000.0,1
decision_Spain_48,Spain_48,Decision,,0.0,0
decision_Spain_51,Spain_51,Decision,,0.0,0
decision_Spain_49,Spain_49,Decision,2022.0,24000.0,0
decision_Spain_46,Spain_46,Decision,,0.0,0
decision_Spain_52,Spain_52,Decision,,0.0,0
decision_Spain_50,Spain_50,Decision,,5000.0,0
decision_Spain_53,Spain_53,Decision,,300.0,0
decision_Spain_56,Spain_56,Decision,,0.0,0
decision_Spain_55,Spain_55,Decision,,2000.0,0
decision_Spain_54,Spain_54,Decision,,56000.0,1
decision_Spain_57,Spain_57,Decision,,200000.0,0
decision_Spain_58,Spain_58,Decision,,5000.0,1
decision_Spain_59,Spain_59,Decision,,80000.0,1
decision_Spain_61,Spain_61,Decision,,10000.0,0
decision_Spain_60,Spain_60,Decision,,10000.0,0
decision_Spain_62,Spain_62,Decision,,70000.0,0
decision_Spain_63,Spain_63,Decision,,10000.0,0
decision_Spain_64,Spain_64,Decision,,70000.0,0
decision_Spain_65,Spain_65,Decision,,48000.0,0
decision_Spain_66,Spain_66,Decision,,0.0,0
decision_Spain_67,Spain_67,Decision,,17000.0,0
decision_Spain_69,Spain_69,Decision,,60000.0,0
decision_Spain_71,Spain_71,Decision,,0.0,1
decision_Spain_70,Spain_70,Decision,,0.0,0
decision_Spain_68,Spain_68,Decision,,24000.0,0
decision_Spain_73,Spain_73,Decision,,0.0,0
decision_Spain_74,Spain_74,Decision,,48000.0,0
decision_Spain_72,Spain_72,Decision,,0.0,0
decision_Spain_77,Spain_77,Decision,,0.0,0
decision_Spain_79,Spain_79,Decision,,,0
decision_Spain_75,Spain_75,Decision,,48000.0,1
decision_Spain_81,Spain_81,Decision,,0.0,0
decision_Spain_78,Spain_78,Decision,2024.0,600000.0,0
decision_Spain_76,Spain_76,Decision,,16000.0,0
decision_Spain_82,Spain_82,Decision,,70000.0,0
decision_Spain_80,Spain_80,Decision,,14000.0,0
decision_Spain_83,Spain_83,Decision,,0.0,0
decision_Spain_85,Spain_85,Decision,,1000.0,0
decision_Spain_84,Spain_84,Decision,,0.0,0
decision_Spain_87,Spain_87,Decision,,0.0,0
decision_Spain_86,Spain_86,Decision,,1200.0,0
decision_Spain_88,Spain_88,Decision,2024.0,30000.0,0
decision_Spain_91,Spain_91,Decision,,5000.0,0
decision_Spain_93,Spain_93,Decision,,24000.0,0
decision_Spain_89,Spain_89,Decision,2024.0,15000.0,0
decision_Spain_90,Spain_90,Decision,2024.0,300000.0,0
decision_Spain_94,Spain_94,Decision,,0.0,0
decision_Spain_95,Spain_95,Decision,,0.0,0
decision_Spain_92,Spain_92,Decision,,0.0,0
decision_Spain_96,Spain_96,Decision,,0.0,0
decision_Spain_98,Spain_98,Decision,,0.0,0
decision_Spain_99,Spain_99,Decision,,0.0,0
decision_Spain_100,Spain_100,Decision,,6000.0,0
decision_Spain_97,Spain_97,Decision,,365000.0,0
decision_Spain_103,Spain_103,Decision,,24000.0,0
decision_Spain_102,Spain_102,Decision,,0.0,0
decision_Spain_101,Spain_101,Decision,,56000.0,0
decision_Spain_107,Spain_107,Decision,,30000.0,0
decision_Spain_105,Spain_105,Decision,,0.0,0
decision_Spain_106,Spain_106,Decision,,2000.0,0
decision_Spain_104,Spain_104,Decision,,56000.0,0
decision_Spain_108,Spain_108,Decision,,0.0,1
decision_Spain_110,Spain_110,Decision,,10000.0,0
decision_Spain_111,Spain_111,Decision,,0.0,0
decision_Spain_109,Spain_109,Decision,,3000.0,0
decision_Spain_112,Spain_112,Decision,,8000.0,0
decision_Spain_116,Spain_116,Decision,,3000.0,0
decision_Spain_117,Spain_117,Decision,,0.0,0
decision_Spain_115,Spain_115,Decision,2024.0,3500000.0,1
decision_Spain_114,Spain_114,Decision,,50000.0,0
decision_Spain_119,Spain_119,Decision,,0.0,0
decision_Spain_113,Spain_113,Decision,,70000.0,0
decision_Spain_118,Spain_118,Decision,,5000.0,0
decision_Spain_121,Spain_121,Decision,,10000.0,0
decision_Spain_120,Spain_120,Decision,,70000.0,0
decision_Spain_122,Spain_122,Decision,,7000.0,0
decision_Spain_124,Spain_124,Decision,,300.0,0
decision_Spain_126,Spain_126,Decision,,80000.0,0
decision_Spain_125,Spain_125,Decision,,50000.0,0
decision_Spain_127,Spain_127,Decision,,5000.0,0
decision_Spain_123,Spain_123,Decision,,2000.0,0
decision_Spain_130,Spain_130,Decision,,0.0,0
decision_Spain_129,Spain_129,Decision,,4000.0,0
decision_Spain_128,Spain_128,Decision,,0.0,0
decision_Spain_133,Spain_133,Decision,,0.0,0
decision_Spain_131,Spain_131,Decision,,3000.0,0
decision_Spain_132,Spain_132,Decision,,20000.0,0
decision_Spain_134,Spain_134,Decision,,72000.0,0
decision_Spain_137,Spain_137,Decision,,300.0,0
decision_Spain_135,Spain_135,Decision,,600.0,0
decision_Spain_136,Spain_136,Decision,,8000.0,0
decision_Spain_138,Spain_138,Decision,,1500.0,0
decision_Spain_139,Spain_139,Decision,,1200.0,1
decision_Spain_141,Spain_141,Decision,,0.0,0
decision_Spain_140,Spain_140,Decision,2024.0,250000.0,0
decision_Spain_142,Spain_142,Decision,,200000.0,0
decision_Spain_143,Spain_143,Decision,,300.0,0
decision_Spain_144,Spain_144,Decision,,0.0,0
decision_Spain_146,Spain_146,Decision,,10000.0,0
decision_Spain_147,Spain_147,Decision,,10000.0,0
decision_Spain_149,Spain_149,Decision,,12000.0,0
decision_Spain_151,Spain_151,Decision,2024.0,200000.0,0
decision_Spain_150,Spain_150,Decision,2024.0,220000.0,0
decision_Spain_152,Spain_152,Decision,2024.0,1200000.0,0
decision_Spain_154,Spain_154,Decision,2024.0,3500000.0,1
decision_Spain_153,Spain_153,Decision,,120000.0,0
decision_Spain_155,Spain_155,Decision,,1600000.0,0
decision_Spain_156,Spain_156,Decision,,4000000.0,0
decision_Spain_158,Spain_158,Decision,,10000.0,0
decision_Spain_157,Spain_157,Decision,,120000.0,0
decision_Spain_160,Spain_160,Decision,,1200000.0,0
decision_Spain_159,Spain_159,Decision,,42000.0,0
decision_Spain_162,Spain_162,Decision,,0.0,0
decision_Spain_161,Spain_161,Decision,,200000.0,1
decision_Spain_164,Spain_164,Decision,,0.0,0
decision_Spain_165,Spain_165,Decision,,200000.0,0
decision_Spain_167,Spain_167,Decision,,,0
decision_Spain_163,Spain_163,Decision,,70000.0,0
decision_Spain_168,Spain_168,Decision,,0.0,1
decision_Spain_169,Spain_169,Decision,,3000.0,0
decision_Spain_166,Spain_166,Decision,,180000.0,0
decision_Spain_174,Spain_174,Decision,,70000.0,1
decision_Spain_173,Spain_173,Decision,,48000.0,0
decision_Spain_171,Spain_171,Decision,,120000.0,0
decision_Spain_172,Spain_172,Decision,,180000.0,0
decision_Spain_170,Spain_170,Decision,,,0
decision_Spain_179,Spain_179,Decision,,20000.0,0
decision_Spain_178,Spain_178,Decision,,100000.0,0
decision_Spain_177,Spain_177,Decision,2024.0,270000.0,1
decision_Spain_175,Spain_175,Decision,,72000.0,0
decision_Spain_176,Spain_176,Decision,,360000.0,0
decision_Spain_181,Spain_181,Decision,,120000.0,0
decision_Spain_187,Spain_187,Decision,,0.0,0
decision_Spain_180,Spain_180,Decision,2024.0,42000.0,0
decision_Spain_182,Spain_182,Decision,2024.0,3000000.0,1
decision_Spain_186,Spain_186,Decision,2023.0,0.0,0
decision_Spain_185,Spain_185,Decision,,60000.0,0
decision_Spain_188,Spain_188,Decision,,500000.0,0
decision_Spain_189,Spain_189,Decision,,7500.0,0
decision_Spain_183,Spain_183,Decision,,,0
decision_Spain_190,Spain_190,Decision,,500.0,0
decision_Spain_191,Spain_191,Decision,,12000.0,0
decision_Spain_194,Spain_194,Decision,,2000.0,0
decision_Spain_192,Spain_192,Decision,2024.0,200000.0,0
decision_Spain_193,Spain_193,Decision,,100000.0,0
decision_Spain_196,Spain_196,Decision,,0.0,0
decision_Spain_195,Spain_195,Decision,,10000.0,0
decision_Spain_200,Spain_200,Decision,,2000.0,0
decision_Spain_199,Spain_199,Decision,2024.0,600.0,0
decision_Spain_197,Spain_197,Decision,,,0
decision_Spain_198,Spain_198,Decision,,15000.0,0
decision_Spain_202,Spain_202,Decision,,0.0,0
decision_Spain_201,Spain_201,Decision,,3000.0,0
decision_Spain_203,Spain_203,Decision,,4000.0,0
decision_Spain_206,Spain_206,Decision,2024.0,5000.0,0
decision_Spain_205,Spain_205,Decision,,60000.0,1
decision_Spain_204,Spain_204,Decision,,12000.0,0
decision_Spain_208,Spain_208,Decision,,56000.0,0
decision_Spain_207,Spain_207,Decision,,96000.0,0
decision_Spain_209,Spain_209,Decision,,1200.0,0
decision_Spain_210,Spain_210,Decision,,200000.0,0
decision_Spain_212,Spain_212,Decision,,30000.0,0
decision_Spain_211,Spain_211,Decision,,24000.0,0
decision_Spain_214,Spain_214,Decision,,0.0,0
decision_Spain_215,Spain_215,Decision,2024.0,180000.0,0
decision_Spain_219,Spain_219,Decision,,,0
decision_Spain_216,Spain_216,Decision,,1200.0,0
decision_Spain_217,Spain_217,Decision,,150000.0,0
decision_Spain_220,Spain_220,Decision,,500.0,0
decision_Spain_218,Spain_218,Decision,,200000.0,0
decision_Spain_221,Spain_221,Decision,,4000.0,0
decision_Spain_222,Spain_222,Decision,2024.0,120000.0,0
decision_Spain_224,Spain_224,Decision,,10000.0,0
decision_Spain_225,Spain_225,Decision,,100000.0,0
decision_Spain_228,Spain_228,Decision,,1000.0,0
decision_Spain_227,Spain_227,Decision,,30000.0,0
decision_Spain_226,Spain_226,Decision,,96000.0,0
decision_Spain_230,Spain_230,Decision,,600.0,0
decision_Spain_231,Spain_231,Decision,,18000.0,1
decision_Spain_232,Spain_232,Decision,,10000.0,0
decision_Spain_233,Spain_233,Decision,,120000.0,0
decision_Spain_235,Spain_235,Decision,,600.0,1
decision_Spain_237,Spain_237,Decision,,42000.0,1
decision_Spain_240,Spain_240,Decision,,0.0,0
decision_Spain_238,Spain_238,Decision,,0.0,0
decision_Spain_239,Spain_239,Decision,,12000.0,0
decision_Spain_236,Spain_236,Decision,,180000.0,0
decision_Spain_241,Spain_241,Decision,,4000.0,0
decision_Spain_243,Spain_243,Decision,,900.0,0
decision_Spain_242,Spain_242,Decision,,240000.0,0
decision_Spain_244,Spain_244,Decision,,0.0,0
decision_Spain_245,Spain_245,Decision,,0.0,0
decision_Spain_247,Spain_247,Decision,,6000.0,0
decision_Spain_246,Spain_246,Decision,,0.0,0
decision_Spain_250,Spain_250,Decision,,0.0,0
decision_Spain_248,Spain_248,Decision,,48000.0,0
decision_Spain_249,Spain_249,Decision,,70000.0,0
decision_Spain_252,Spain_252,Decision,,0.0,0
decision_Spain_251,Spain_251,Decision,,75000.0,0
decision_Spain_253,Spain_253,Decision,,0.0,0
decision_Spain_254,Spain_254,Decision,,0.0,0
decision_Spain_255,Spain_255,Decision,,75000.0,0
decision_Spain_259,Spain_259,Decision,,4000.0,0
decision_Spain_258,Spain_258,Decision,,0.0,0
decision_Spain_260,Spain_260,Decision,,,0
decision_Spain_256,Spain_256,Decision,,24000.0,0
decision_Spain_261,Spain_261,Decision,,24000.0,0
decision_Spain_262,Spain_262,Decision,,0.0,1
decision_Spain_257,Spain_257,Decision,,,0
decision_Spain_263,Spain_263,Decision,,1000.0,0
decision_Spain_264,Spain_264,Decision,,100000.0,0
decision_Spain_265,Spain_265,Decision,2020.0,1200.0,0
decision_Spain_266,Spain_266,Decision,,10000.0,0
decision_Spain_267,Spain_267,Decision,,3000.0,0
decision_Spain_269,Spain_269,Decision,,0.0,0
decision_Spain_270,Spain_270,Decision,,,0
decision_Spain_268,Spain_268,Decision,,1500000.0,0
decision_Spain_272,Spain_272,Decision,,0.0,0
decision_Spain_271,Spain_271,Decision,,500.0,0
decision_Spain_273,Spain_273,Decision,,0.0,1
decision_Spain_274,Spain_274,Decision,,0.0,0
decision_Spain_275,Spain_275,Decision,2021.0,16000.0,0
decision_Spain_276,Spain_276,Decision,,1500.0,0
decision_Spain_278,Spain_278,Decision,,,0
decision_Spain_280,Spain_280,Decision,,0.0,0
decision_Spain_281,Spain_281,Decision,,6000.0,0
decision_Spain_279,Spain_279,Decision,,3000.0,1
decision_Spain_282,Spain_282,Decision,,5000.0,0
decision_Spain_277,Spain_277,Decision,,0.0,0
decision_Spain_288,Spain_288,Decision,,0.0,0
decision_Spain_284,Spain_284,Decision,,,0
decision_Spain_286,Spain_286,Decision,,,0
decision_Spain_289,Spain_289,Decision,,0.0,0
decision_Spain_283,Spain_283,Decision,,8150000.0,0
decision_Spain_287,Spain_287,Decision,,0.0,1
decision_Spain_285,Spain_285,Decision,,1000.0,0
decision_Spain_296,Spain_296,Decision,,3000.0,0
decision_Spain_290,Spain_290,Decision,,18000.0,0
decision_Spain_297,Spain_297,Decision,,0.0,0
decision_Spain_291,Spain_291,Decision,,0.0,0
decision_Spain_292,Spain_292,Decision,,60000.0,0
decision_Spain_294,Spain_294,Decision,,0.0,0
decision_Spain_293,Spain_293,Decision,2021.0,5000000.0,0
decision_Spain_295,Spain_295,Decision,,0.0,0
decision_Spain_298,Spain_298,Decision,,0.0,0
decision_Spain_300,Spain_300,Decision,,60000.0,0
decision_Spain_299,Spain_299,Decision,,30000.0,0
decision_Spain_303,Spain_303,Decision,,90000.0,0
decision_Spain_301,Spain_301,Decision,,132000.0,0
decision_Spain_302,Spain_302,Decision,2020.0,0.0,0
decision_Spain_304,Spain_304,Decision,,0.0,0
decision_Spain_305,Spain_305,Decision,,0.0,0
decision_Spain_309,Spain_309,Decision,,0.0,1
decision_Spain_306,Spain_306,Decision,,3000.0,0
decision_Spain_312,Spain_312,Decision,,1800.0,0
decision_Spain_307,Spain_307,Decision,,3000.0,0
decision_Spain_308,Spain_308,Decision,,44000.0,0
decision_Spain_311,Spain_311,Decision,,35000.0,0
decision_Spain_310,Spain_310,Decision,,,0
decision_Spain_313,Spain_313,Decision,,0.0,0
decision_Spain_314,Spain_314,Decision,,24000.0,1
decision_Spain_315,Spain_315,Decision,,4000.0,0
decision_Spain_320,Spain_320,Decision,,0.0,0
decision_Spain_318,Spain_318,Decision,2021.0,40000.0,1
decision_Spain_317,Spain_317,Decision,,0.0,0
decision_Spain_316,Spain_316,Decision,,33000.0,0
decision_Spain_319,Spain_319,Decision,,0.0,0
decision_Spain_321,Spain_321,Decision,,55000.0,0
decision_Spain_323,Spain_323,Decision,,2000.0,0
decision_Spain_325,Spain_325,Decision,,0.0,0
decision_Spain_322,Spain_322,Decision,,3000.0,0
decision_Spain_327,Spain_327,Decision,,0.0,0
decision_Spain_324,Spain_324,Decision,,9000.0,0
decision_Spain_326,Spain_326,Decision,,2520000.0,0
decision_Spain_328,Spain_328,Decision,,6000.0,0
decision_Spain_329,Spain_329,Decision,,0.0,0
decision_Spain_332,Spain_332,Decision,,0.0,0
decision_Spain_330,Spain_330,Decision,,0.0,0
decision_Spain_331,Spain_331,Decision,,0.0,0
decision_Spain_334,Spain_334,Decision,,50000.0,0
decision_Spain_335,Spain_335,Decision,,1800.0,0
decision_Spain_333,Spain_333,Decision,,0.0,0
decision_Spain_336,Spain_336,Decision,,0.0,0
decision_Spain_340,Spain_340,Decision,,9000.0,0
decision_Spain_337,Spain_337,Decision,,3000.0,0
decision_Spain_341,Spain_341,Decision,,20000.0,0
decision_Spain_338,Spain_338,Decision,,45000.0,0
decision_Spain_342,Spain_342,Decision,,25000.0,0
decision_Spain_343,Spain_343,Decision,,5000.0,0
decision_Spain_344,Spain_344,Decision,,0.0,0
decision_Spain_345,Spain_345,Decision,,,0
decision_Spain_346,Spain_346,Decision,,600.0,0
decision_Spain_347,Spain_347,Decision,,3000.0,0
decision_Spain_349,Spain_349,Decision,,0.0,1
decision_Spain_350,Spain_350,Decision,,3000.0,0
decision_Spain_348,Spain_348,Decision,,4200.0,0
decision_Spain_351,Spain_351,Decision,,15000.0,0
decision_Spain_352,Spain_352,Decision,,45000.0,0
decision_Spain_353,Spain_353,Decision,2020.0,0.0,0
decision_Spain_354,Spain_354,Decision,,3000.0,0
decision_Spain_355,Spain_355,Decision,,3000.0,0
decision_Spain_357,Spain_357,Decision,,2000.0,0
decision_Spain_356,Spain_356,Decision,,1200.0,0
decision_Spain_358,Spain_358,Decision,,20000.0,0
decision_Spain_360,Spain_360,Decision,,1600.0,0
decision_Spain_359,Spain_359,Decision,,600000.0,1
decision_Spain_362,Spain_362,Decision,,75000.0,0
decision_Spain_361,Spain_361,Decision,,45000.0,0
decision_Spain_365,Spain_365,Decision,,,0
decision_Spain_364,Spain_364,Decision,,3000.0,0
decision_Spain_363,Spain_363,Decision,,25000.0,0
decision_Spain_367,Spain_367,Decision,,12000.0,0
decision_Spain_366,Spain_366,Decision,,0.0,1
decision_Spain_368,Spain_368,Decision,,1800.0,0
decision_Spain_370,Spain_370,Decision,,2000.0,0
decision_Spain_369,Spain_369,Decision,,96000.0,0
decision_Spain_371,Spain_371,Decision,,56000.0,0
decision_Spain_372,Spain_372,Decision,,0.0,0
decision_Spain_373,Spain_373,Decision,,1600.0,0
decision_Spain_375,Spain_375,Decision,,30000.0,0
decision_Spain_374,Spain_374,Decision,,0.0,0
decision_Spain_376,Spain_376,Decision,,40000.0,0
decision_Spain_378,Spain_378,Decision,,200000.0,0
decision_Spain_377,Spain_377,Decision,,1600.0,0
decision_Spain_379,Spain_379,Decision,,0.0,0
decision_Spain_381,Spain_381,Decision,,0.0,0
decision_Spain_380,Spain_380,Decision,,45000.0,0
decision_Spain_382,Spain_382,Decision,,3000.0,0
decision_Spain_383,Spain_383,Decision,,2000.0,0
decision_Spain_384,Spain_384,Decision,,0.0,0
decision_Spain_387,Spain_387,Decision,,20000.0,0
decision_Spain_389,Spain_389,Decision,,48000.0,1
decision_Spain_388,Spain_388,Decision,,5000.0,0
decision_Spain_385,Spain_385,Decision,,6000.0,0
decision_Spain_386,Spain_386,Decision,,50000.0,0
decision_Spain_391,Spain_391,Decision,,1200.0,0
decision_Spain_390,Spain_390,Decision,,40000.0,0
decision_Spain_392,Spain_392,Decision,,36000.0,0
decision_Spain_393,Spain_393,Decision,,100000.0,0
decision_Spain_394,Spain_394,Decision,,0.0,0
decision_Spain_396,Spain_396,Decision,,1500.0,0
decision_Spain_397,Spain_397,Decision,,2100000.0,0
decision_Spain_395,Spain_395,Decision,,80000.0,0
decision_Spain_398,Spain_398,Decision,,60000.0,0
decision_Spain_406,Spain_406,Decision,2021.0,,0
decision_Spain_401,Spain_401,Decision,,7800.0,0
decision_Spain_400,Spain_400,Decision,,50000.0,0
decision_Spain_402,Spain_402,Decision,,120000.0,0
decision_Spain_399,Spain_399,Decision,,12000.0,0
decision_Spain_405,Spain_405,Decision,,15000.0,0
decision_Spain_403,Spain_403,Decision,,75000.0,0
decision_Spain_404,Spain_404,Decision,2021.0,1500000.0,0
decision_Spain_408,Spain_408,Decision,,5000.0,0
decision_Spain_410,Spain_410,Decision,,3000.0,0
decision_Spain_409,Spain_409,Decision,,,0
decision_Spain_411,Spain_411,Decision,,4000.0,0
decision_Spain_417,Spain_417,Decision,,0.0,1
decision_Spain_412,Spain_412,Decision,,1800.0,0
decision_Spain_415,Spain_415,Decision,,50000.0,0
decision_Spain_414,Spain_414,Decision,,0.0,0
decision_Spain_418,Spain_418,Decision,2020.0,0.0,0
decision_Spain_416,Spain_416,Decision,,5000.0,0
decision_Spain_419,Spain_419,Decision,,12000.0,0
decision_Spain_421,Spain_421,Decision,,20000.0,0
decision_Spain_420,Spain_420,Decision,2021.0,50000.0,0
decision_Spain_422,Spain_422,Decision,,15000.0,0
decision_Spain_423,Spain_423,Decision,,40000.0,0
decision_Spain_424,Spain_424,Decision,,900.0,0
decision_Spain_426,Spain_426,Decision,,170000.0,0
decision_Spain_425,Spain_425,Decision,,2000000.0,0
decision_Spain_427,Spain_427,Decision,,900.0,0
decision_Spain_428,Spain_428,Decision,,2000.0,0
decision_Spain_429,Spain_429,Decision,,0.0,1
decision_Spain_430,Spain_430,Decision,,0.0,0
decision_Spain_431,Spain_431,Decision,,2000.0,0
decision_Spain_432,Spain_432,Decision,,2000.0,0
decision_Spain_435,Spain_435,Decision,,1500.0,0
decision_Spain_433,Spain_433,Decision,,1000.0,0
decision_Spain_436,Spain_436,Decision,,50000.0,0
decision_Spain_434,Spain_434,Decision,,3000.0,0
decision_Spain_438,Spain_438,Decision,,75000.0,0
decision_Spain_440,Spain_440,Decision,,9000.0,0
decision_Spain_437,Spain_437,Decision,,0.0,0
decision_Spain_441,Spain_441,Decision,,70000.0,0
decision_Spain_439,Spain_439,Decision,,1200.0,0
decision_Spain_443,Spain_443,Decision,,0.0,0
decision_Spain_442,Spain_442,Decision,,50000.0,0
decision_Spain_446,Spain_446,Decision,,0.0,0
decision_Spain_444,Spain_444,Decision,,3000.0,1
decision_Spain_447,Spain_447,Decision,,,0
decision_Spain_445,Spain_445,Decision,2019.0,6000.0,0
decision_Spain_448,Spain_448,Decision,,,0
decision_Spain_449,Spain_449,Decision,,30000.0,0
decision_Spain_451,Spain_451,Decision,,36000.0,0
decision_Spain_452,Spain_452,Decision,,2000.0,0
decision_Spain_450,Spain_450,Decision,,,0
decision_Spain_453,Spain_453,Decision,,36000.0,0
decision_Spain_455,Spain_455,Decision,,30000.0,0
decision_Spain_454,Spain_454,Decision,,30000.0,0
decision_Spain_457,Spain_457,Decision,,0.0,0
decision_Spain_456,Spain_456,Decision,,,0
decision_Spain_459,Spain_459,Decision,,2400.0,0
decision_Spain_458,Spain_458,Decision,,100000.0,0
decision_Spain_461,Spain_461,Decision,2020.0,6000.0,1
decision_Spain_466,Spain_466,Decision,,0.0,0
decision_Spain_467,Spain_467,Decision,,0.0,0
decision_Spain_463,Spain_463,Decision,,0.0,0
decision_Spain_462,Spain_462,Decision,,300000.0,0
decision_Spain_460,Spain_460,Decision,,6000.0,0
decision_Spain_464,Spain_464,Decision,,10000.0,0
decision_Spain_465,Spain_465,Decision,,50000.0,0
decision_Spain_469,Spain_469,Decision,,0.0,0
decision_Spain_471,Spain_471,Decision,,0.0,0
decision_Spain_470,Spain_470,Decision,,4800.0,0
decision_Spain_468,Spain_468,Decision,,,0
decision_Spain_479,Spain_479,Decision,,30000.0,0
decision_Spain_472,Spain_472,Decision,,0.0,0
decision_Spain_473,Spain_473,Decision,,4000.0,0
decision_Spain_476,Spain_476,Decision,,0.0,0
decision_Spain_474,Spain_474,Decision,2021.0,3000.0,1
decision_Spain_475,Spain_475,Decision,,,0
decision_Spain_477,Spain_477,Decision,,,0
decision_Spain_478,Spain_478,Decision,,0.0,0
decision_Spain_480,Spain_480,Decision,,0.0,0
decision_Spain_482,Spain_482,Decision,,30000.0,0
decision_Spain_481,Spain_481,Decision,,42000.0,0
decision_Spain_484,Spain_484,Decision,,1500.0,0
decision_Spain_485,Spain_485,Decision,,0.0,0
decision_Spain_487,Spain_487,Decision,,20000.0,0
decision_Spain_483,Spain_483,Decision,,42000.0,0
decision_Spain_486,Spain_486,Decision,2021.0,120000.0,0
decision_Spain_490,Spain_490,Decision,,6000.0,0
decision_Spain_488,Spain_488,Decision,,0.0,0
decision_Spain_489,Spain_489,Decision,,,0
decision_Spain_492,Spain_492,Decision,,6000.0,0
decision_Spain_491,Spain_491,Decision,,200000.0,0
decision_Spain_493,Spain_493,Decision,2022.0,0.0,0
decision_Spain_494,Spain_494,Decision,,20000.0,0
decision_Spain_496,Spain_496,Decision,,0.0,0
decision_Spain_495,Spain_495,Decision,,70000.0,0
decision_Spain_497,Spain_497,Decision,,3600.0,0
decision_Spain_498,Spain_498,Decision,,0.0,0
decision_Spain_499,Spain_499,Decision,,0.0,1
decision_Spain_501,Spain_501,Decision,,3000.0,0
decision_Spain_500,Spain_500,Decision,,8000.0,0
decision_Spain_503,Spain_503,Decision,,25000.0,0
decision_Spain_506,Spain_506,Decision,,2000.0,0
decision_Spain_502,Spain_502,Decision,,3000.0,0
decision_Spain_504,Spain_504,Decision,,0.0,1
decision_Spain_505,Spain_505,Decision,,1500.0,0
decision_Spain_509,Spain_509,Decision,,20000.0,0
decision_Spain_507,Spain_507,Decision,,3000.0,0
decision_Spain_508,Spain_508,Decision,,6000.0,0
decision_Spain_510,Spain_510,Decision,,60000.0,0
decision_Spain_511,Spain_511,Decision,,3000.0,0
decision_Spain_514,Spain_514,Decision,,0.0,0
decision_Spain_512,Spain_512,Decision,,,0
decision_Spain_513,Spain_513,Decision,,50000.0,0
decision_Spain_515,Spain_515,Decision,2020.0,0.0,0
decision_Spain_516,Spain_516,Decision,,3000.0,0
decision_Spain_522,Spain_522,Decision,,25000.0,0
decision_Spain_517,Spain_517,Decision,,1500.0,0
decision_Spain_518,Spain_518,Decision,,100000.0,0
decision_Spain_519,Spain_519,Decision,,75000.0,0
decision_Spain_524,Spain_524,Decision,,0.0,0
decision_Spain_525,Spain_525,Decision,,0.0,0
decision_Spain_521,Spain_521,Decision,,40000.0,0
decision_Spain_520,Spain_520,Decision,,54000.0,0
decision_Spain_523,Spain_523,Decision,,48000.0,0
decision_Spain_531,Spain_531,Decision,,,0
decision_Spain_526,Spain_526,Decision,,1500.0,0
decision_Spain_528,Spain_528,Decision,,,0
decision_Spain_527,Spain_527,Decision,,5000.0,0
decision_Spain_536,Spain_536,Decision,,5000.0,0
decision_Spain_532,Spain_532,Decision,,,0
decision_Spain_529,Spain_529,Decision,,0.0,0
decision_Spain_533,Spain_533,Decision,,120000.0,0
decision_Spain_530,Spain_530,Decision,2021.0,60000.0,0
decision_Spain_534,Spain_534,Decision,,24000.0,0
decision_Spain_535,Spain_535,Decision,,2000.0,0
decision_Spain_537,Spain_537,Decision,,0.0,0
decision_Spain_539,Spain_539,Decision,,0.0,0
decision_Spain_541,Spain_541,Decision,,0.0,0
decision_Spain_542,Spain_542,Decision,,90000.0,0
decision_Spain_544,Spain_544,Decision,,5000.0,0
decision_Spain_543,Spain_543,Decision,,3000.0,0
decision_Spain_540,Spain_540,Decision,,,0
decision_Spain_545,Spain_545,Decision,,70000.0,0
decision_Spain_546,Spain_546,Decision,,75000.0,0
decision_Spain_547,Spain_547,Decision,,80000.0,0
decision_Spain_549,Spain_549,Decision,,,0
decision_Spain_551,Spain_551,Decision,,3000.0,0
decision_Spain_550,Spain_550,Decision,,3000.0,0
decision_Spain_552,Spain_552,Decision,,60000.0,0
decision_Spain_558,Spain_558,Decision,,,0
decision_Spain_553,Spain_553,Decision,,1500.0,0
decision_Spain_554,Spain_554,Decision,,50000.0,0
decision_Spain_555,Spain_555,Decision,,4000.0,0
decision_Spain_556,Spain_556,Decision,,16000.0,0
decision_Spain_559,Spain_559,Decision,,3000.0,0
decision_Spain_557,Spain_557,Decision,,150000.0,0
decision_Spain_562,Spain_562,Decision,,8000.0,0
decision_Spain_561,Spain_561,Decision,,3000.0,0
decision_Spain_563,Spain_563,Decision,2021.0,60000.0,0
decision_Spain_560,Spain_560,Decision,,,0
decision_Spain_564,Spain_564,Decision,,8000.0,0
decision_Spain_565,Spain_565,Decision,,6000.0,0
decision_Spain_568,Spain_568,Decision,2021.0,56000.0,0
decision_Spain_566,Spain_566,Decision,,75000.0,0
decision_Spain_567,Spain_567,Decision,,3000000.0,0
decision_Spain_575,Spain_575,Decision,,55000.0,1
decision_Spain_572,Spain_572,Decision,,0.0,0
decision_Spain_570,Spain_570,Decision,,2000.0,0
decision_Spain_569,Spain_569,Decision,,12000.0,0
decision_Spain_571,Spain_571,Decision,,0.0,0
decision_Spain_573,Spain_573,Decision,2022.0,0.0,1
decision_Spain_574,Spain_574,Decision,,1800.0,0
decision_Spain_578,Spain_578,Decision,,0.0,0
decision_Spain_576,Spain_576,Decision,,480.0,0
decision_Spain_581,Spain_581,Decision,,10000.0,0
decision_Spain_577,Spain_577,Decision,,80000.0,0
decision_Spain_582,Spain_582,Decision,2024.0,1200.0,0
decision_Spain_580,Spain_580,Decision,,0.0,0
decision_Spain_579,Spain_579,Decision,,,0
decision_Spain_583,Spain_583,Decision,,70000.0,0
decision_Spain_584,Spain_584,Decision,,0.0,0
decision_Spain_586,Spain_586,Decision,,,0
decision_Spain_590,Spain_590,Decision,,0.0,0
decision_Spain_585,Spain_585,Decision,,,0
decision_Spain_587,Spain_587,Decision,,0.0,0
decision_Spain_588,Spain_588,Decision,,0.0,0
decision_Spain_589,Spain_589,Decision,,0.0,0
decision_Spain_591,Spain_591,Decision,,0.0,0
decision_Spain_592,Spain_592,Decision,,0.0,0
decision_Spain_593,Spain_593,Decision,,0.0,0
decision_Spain_595,Spain_595,Decision,,0.0,0
decision_Spain_596,Spain_596,Decision,,0.0,0
decision_Spain_597,Spain_597,Decision,,0.0,0
decision_Spain_594,Spain_594,Decision,,0.0,0
decision_Spain_598,Spain_598,Decision,,0.0,0
decision_Spain_599,Spain_599,Decision,,0.0,0
decision_Spain_600,Spain_600,Decision,,0.0,0
decision_Spain_605,Spain_605,Decision,,0.0,0
decision_Spain_603,Spain_603,Decision,,0.0,0
decision_Spain_601,Spain_601,Decision,,,0
decision_Spain_602,Spain_602,Decision,,0.0,0
decision_Spain_608,Spain_608,Decision,,,0
decision_Spain_609,Spain_609,Decision,,,0
decision_Spain_604,Spain_604,Decision,,0.0,0
decision_Spain_606,Spain_606,Decision,,0.0,0
decision_Spain_607,Spain_607,Decision,,0.0,0
decision_Spain_611,Spain_611,Decision,,0.0,0
decision_Spain_612,Spain_612,Decision,,0.0,0
decision_Spain_610,Spain_610,Decision,,0.0,0
decision_Spain_615,Spain_615,Decision,,0.0,0
decision_Spain_614,Spain_614,Decision,,0.0,0
decision_Spain_613,Spain_613,Decision,,0.0,0
decision_Spain_616,Spain_616,Decision,,600.0,0
decision_Spain_617,Spain_617,Decision,2022.0,0.0,0
decision_Spain_619,Spain_619,Decision,2021.0,0.0,0
decision_Spain_621,Spain_621,Decision,,0.0,0
decision_Spain_620,Spain_620,Decision,,0.0,0
decision_Spain_624,Spain_624,Decision,,0.0,0
decision_Spain_630,Spain_630,Decision,2022.0,0.0,0
decision_Spain_625,Spain_625,Decision,,0.0,1
decision_Spain_618,Spain_618,Decision,,,0
decision_Spain_631,Spain_631,Decision,,,0
decision_Spain_623,Spain_623,Decision,,,0
decision_Slovenia_1,Slovenia_1,Decision,,,0
decision_Slovenia_3,Slovenia_3,Decision,2021.0,0.0,1
decision_Spain_627,Spain_627,Decision,,0.0,1
decision_Spain_626,Spain_626,Decision,,3000.0,0
decision_Spain_628,Spain_628,Decision,,0.0,0
decision_Spain_629,Spain_629,Decision,,0.0,0
decision_Slovenia_4,Slovenia_4,Decision,,0.0,0
decision_Slovenia_5,Slovenia_5,Decision,,0.0,0
decision_Slovenia_8,Slovenia_8,Decision,,0.0,0
decision_Slovenia_6,Slovenia_6,Decision,,,0
decision_Slovenia_9,Slovenia_9,Decision,,0.0,0
decision_Slovenia_7,Slovenia_7,Decision,,0.0,0
decision_Slovenia_10,Slovenia_10,Decision,,0.0,0
decision_Slovenia_12,Slovenia_12,Decision,,0.0,0
decision_Slovenia_11,Slovenia_11,Decision,,0.0,0
decision_Slovenia_14,Slovenia_14,Decision,2021.0,0.0,0
decision_Slovenia_18,Slovenia_18,Decision,2020.0,0.0,0
decision_Slovenia_13,Slovenia_13,Decision,,,0
decision_Slovenia_16,Slovenia_16,Decision,,0.0,0
decision_Slovenia_15,Slovenia_15,Decision,2021.0,0.0,0
decision_Slovenia_17,Slovenia_17,Decision,,0.0,0
decision_Slovenia_19,Slovenia_19,Decision,,0.0,0
decision_Slovenia_21,Slovenia_21,Decision,2020.0,0.0,0
decision_Slovenia_20,Slovenia_20,Decision,,0.0,0
decision_Slovenia_24,Slovenia_24,Decision,,0.0,0
decision_Slovenia_23,Slovenia_23,Decision,,,0
decision_Slovenia_25,Slovenia_25,Decision,,0.0,0
decision_Slovenia_22,Slovenia_22,Decision,,,0
decision_Slovenia_26,Slovenia_26,Decision,,0.0,0
decision_Slovenia_34,Slovenia_34,Decision,2020.0,0.0,0
decision_Slovenia_27,Slovenia_27,Decision,,,0
decision_Slovenia_28,Slovenia_28,Decision,,0.0,0
decision_Slovenia_29,Slovenia_29,Decision,2020.0,0.0,0
decision_Slovenia_30,Slovenia_30,Decision,2020.0,0.0,0
decision_Slovenia_31,Slovenia_31,Decision,2020.0,0.0,0
decision_Slovenia_32,Slovenia_32,Decision,,,0
decision_Slovenia_33,Slovenia_33,Decision,,0.0,0
decision_Slovenia_35,Slovenia_35,Decision,,0.0,0
decision_Slovenia_36,Slovenia_36,Decision,,0.0,0
decision_Slovenia_37,Slovenia_37,Decision,,0.0,0
decision_Slovenia_38,Slovenia_38,Decision,,0.0,0
decision_Slovenia_40,Slovenia_40,Decision,,,0
decision_Slovenia_41,Slovenia_41,Decision,,0.0,0
decision_Slovenia_39,Slovenia_39,Decision,,,0
decision_Slovenia_42,Slovenia_42,Decision,,0.0,0
decision_Slovenia_43,Slovenia_43,Decision,,0.0,0
decision_Slovenia_44,Slovenia_44,Decision,,0.0,0
decision_Slovenia_45,Slovenia_45,Decision,,0.0,0
decision_Slovenia_46,Slovenia_46,Decision,2021.0,0.0,0
decision_Slovenia_47,Slovenia_47,Decision,2021.0,0.0,0
decision_Slovenia_50,Slovenia_50,Decision,2021.0,0.0,0
decision_Slovenia_48,Slovenia_48,Decision,,,0
decision_Slovenia_51,Slovenia_51,Decision,,,0
decision_Slovenia_55,Slovenia_55,Decision,,0.0,0
decision_Slovenia_56,Slovenia_56,Decision,,,0
decision_Slovenia_53,Slovenia_53,Decision,,0.0,0
decision_Slovenia_54,Slovenia_54,Decision,,0.0,0
decision_Slovenia_52,Slovenia_52,Decision,,,0
decision_Slovenia_57,Slovenia_57,Decision,,,0
decision_Slovenia_58,Slovenia_58,Decision,,500.0,0
decision_Slovenia_59,Slovenia_59,Decision,,,0
decision_Slovenia_61,Slovenia_61,Decision,,6255.0,0
decision_Slovenia_62,Slovenia_62,Decision,,0.0,0
decision_Slovenia_63,Slovenia_63,Decision,,,0
decision_Slovenia_65,Slovenia_65,Decision,2022.0,0.0,0
decision_Slovenia_64,Slovenia_64,Decision,2021.0,0.0,0
decision_Slovenia_60,Slovenia_60,Decision,,,0
decision_Slovenia_66,Slovenia_66,Decision,,0.0,0
decision_Slovenia_67,Slovenia_67,Decision,,,0
decision_Slovenia_68,Slovenia_68,Decision,,0.0,0
decision_Slovenia_69,Slovenia_69,Decision,,,0
decision_Slovenia_72,Slovenia_72,Decision,,0.0,0
decision_Slovenia_73,Slovenia_73,Decision,,0.0,0
decision_Slovenia_74,Slovenia_74,Decision,,0.0,0
decision_Slovenia_75,Slovenia_75,Decision,,0.0,0
decision_Slovenia_76,Slovenia_76,Decision,,,0
decision_Slovakia_1,Slovakia_1,Decision,,0.0,0
decision_Slovenia_77,Slovenia_77,Decision,,,0
decision_Romania_1,Romania_1,Decision,2023.0,500.0,0
decision_Slovenia_78,Slovenia_78,Decision,,,0
decision_Romania_2,Romania_2,Decision,,,0
decision_Romania_4,Romania_4,Decision,,3000.0,0
decision_Romania_3,Romania_3,Decision,,3000.0,0
decision_Romania_5,Romania_5,Decision,,,0
decision_Romania_6,Romania_6,Decision,,,0
decision_Romania_7,Romania_7,Decision,,,0
decision_Romania_9,Romania_9,Decision,,,0
decision_Romania_11,Romania_11,Decision,,2000.0,0
decision_Romania_10,Romania_10,Decision,,17000.0,0
decision_Romania_13,Romania_13,Decision,,,0
decision_Romania_12,Romania_12,Decision,,,0
decision_Romania_14,Romania_14,Decision,,10000.0,0
decision_Romania_8,Romania_8,Decision,,,0
decision_Romania_15,Romania_15,Decision,,1000.0,0
decision_Romania_16,Romania_16,Decision,,,0
decision_Romania_17,Romania_17,Decision,,70000.0,1
decision_Romania_20,Romania_20,Decision,,1000.0,0
decision_Romania_19,Romania_19,Decision,,10000.0,0
decision_Romania_18,Romania_18,Decision,,,0
decision_Romania_21,Romania_21,Decision,,,0
decision_Romania_24,Romania_24,Decision,,3000.0,0
decision_Romania_22,Romania_22,Decision,,,0
decision_Romania_26,Romania_26,Decision,,2000.0,0
decision_Romania_25,Romania_25,Decision,,,0
decision_Romania_23,Romania_23,Decision,,,0
decision_Romania_28,Romania_28,Decision,2021.0,3000.0,1
decision_Romania_29,Romania_29,Decision,,1000.0,1
decision_Romania_27,Romania_27,Decision,,,0
decision_Romania_30,Romania_30,Decision,,10000.0,0
decision_Romania_34,Romania_34,Decision,,25000.0,1
decision_Romania_33,Romania_33,Decision,,2000.0,0
decision_Romania_36,Romania_36,Decision,2020.0,5000.0,0
decision_Romania_32,Romania_32,Decision,,500.0,0
decision_Romania_31,Romania_31,Decision,,,0
decision_Romania_37,Romania_37,Decision,,,0
decision_Romania_38,Romania_38,Decision,,5000.0,0
decision_Romania_35,Romania_35,Decision,,,0
decision_Romania_43,Romania_43,Decision,,2000.0,0
decision_Romania_40,Romania_40,Decision,,,0
decision_Romania_42,Romania_42,Decision,,,0
decision_Romania_41,Romania_41,Decision,,,0
decision_Romania_45,Romania_45,Decision,2022.0,1000.0,0
decision_Romania_39,Romania_39,Decision,,,0
decision_Romania_48,Romania_48,Decision,2023.0,1500.0,1
decision_Romania_49,Romania_49,Decision,,3000.0,0
decision_Romania_47,Romania_47,Decision,,2000.0,0
decision_Romania_44,Romania_44,Decision,,,0
decision_Romania_50,Romania_50,Decision,,200.0,0
decision_Romania_46,Romania_46,Decision,,12000.0,0
decision_Romania_52,Romania_52,Decision,2025.0,4000.0,0
decision_Romania_51,Romania_51,Decision,,500.0,0
decision_Romania_53,Romania_53,Decision,2025.0,5000.0,1
decision_Romania_54,Romania_54,Decision,,5000.0,0
decision_Romania_57,Romania_57,Decision,,18000.0,0
decision_Romania_56,Romania_56,Decision,,7000.0,0
decision_Romania_58,Romania_58,Decision,,2000.0,0
decision_Romania_59,Romania_59,Decision,,100000.0,0
decision_Romania_60,Romania_60,Decision,,1000.0,0
decision_Romania_61,Romania_61,Decision,,2000.0,0
decision_Romania_55,Romania_55,Decision,,,0
decision_Romania_62,Romania_62,Decision,,1000.0,0
decision_Romania_63,Romania_63,Decision,,7000.0,0
decision_Romania_65,Romania_65,Decision,,2000.0,0
decision_Romania_67,Romania_67,Decision,,2000.0,0
decision_Romania_68,Romania_68,Decision,,,0
decision_Romania_69,Romania_69,Decision,,,0
decision_Romania_70,Romania_70,Decision,,,0
decision_Romania_64,Romania_64,Decision,,,0
decision_Romania_72,Romania_72,Decision,,10000.0,1
decision_Romania_66,Romania_66,Decision,,,0
decision_Romania_71,Romania_71,Decision,,4000.0,0
decision_Romania_74,Romania_74,Decision,2020.0,3000.0,0
decision_Romania_73,Romania_73,Decision,,4000.0,0
decision_Romania_79,Romania_79,Decision,,,0
decision_Romania_77,Romania_77,Decision,,5000.0,0
decision_Romania_76,Romania_76,Decision,,2000.0,0
decision_Romania_78,Romania_78,Decision,,2000.0,0
decision_Romania_80,Romania_80,Decision,,,0
decision_Romania_75,Romania_75,Decision,,,0
decision_Romania_82,Romania_82,Decision,,,0
decision_Romania_81,Romania_81,Decision,,1000.0,0
decision_Romania_84,Romania_84,Decision,,2000.0,0
decision_Romania_87,Romania_87,Decision,,1500.0,1
decision_Romania_86,Romania_86,Decision,,,0
decision_Romania_85,Romania_85,Decision,,,0
decision_Romania_92,Romania_92,Decision,,,0
decision_Romania_83,Romania_83,Decision,,,0
decision_Romania_88,Romania_88,Decision,,,0
decision_Romania_91,Romania_91,Decision,,,0
decision_Romania_89,Romania_89,Decision,,,0
decision_Romania_93,Romania_93,Decision,,20000.0,0
decision_Romania_94,Romania_94,Decision,2024.0,4000.0,1
decision_Romania_90,Romania_90,Decision,,,0
decision_Romania_96,Romania_96,Decision,,,0
decision_Romania_95,Romania_95,Decision,,,0
decision_Romania_100,Romania_100,Decision,2021.0,2000.0,0
decision_Romania_99,Romania_99,Decision,,1000.0,0
decision_Romania_102,Romania_102,Decision,2023.0,1000.0,0
decision_Romania_97,Romania_97,Decision,,,0
decision_Romania_101,Romania_101,Decision,,,0
decision_Romania_98,Romania_98,Decision,,,0
decision_Romania_103,Romania_103,Decision,,1000.0,0
decision_Romania_107,Romania_107,Decision,,2000.0,0
decision_Romania_108,Romania_108,Decision,,6000.0,0
decision_Romania_110,Romania_110,Decision,,10000.0,0
decision_Romania_109,Romania_109,Decision,,,0
decision_Romania_104,Romania_104,Decision,,,0
decision_Romania_105,Romania_105,Decision,,,0
decision_Romania_106,Romania_106,Decision,,,0
decision_Romania_113,Romania_113,Decision,,1500.0,0
decision_Romania_112,Romania_112,Decision,,,0
decision_Romania_111,Romania_111,Decision,,,0
decision_Romania_116,Romania_116,Decision,2021.0,2000.0,1
decision_Romania_114,Romania_114,Decision,,,0
decision_Romania_117,Romania_117,Decision,,3000.0,0
decision_Romania_115,Romania_115,Decision,,,0
decision_Romania_121,Romania_121,Decision,,5000.0,1
decision_Romania_120,Romania_120,Decision,,0.0,0
decision_Romania_119,Romania_119,Decision,,,0
decision_Romania_118,Romania_118,Decision,,,0
decision_Romania_122,Romania_122,Decision,,,0
decision_Romania_123,Romania_123,Decision,,3000.0,0
decision_Romania_125,Romania_125,Decision,,1000.0,0
decision_Romania_124,Romania_124,Decision,,2500.0,0
decision_Romania_127,Romania_127,Decision,,3000.0,0
decision_Romania_128,Romania_128,Decision,,,0
decision_Romania_126,Romania_126,Decision,,,0
decision_Romania_130,Romania_130,Decision,,,0
decision_Romania_131,Romania_131,Decision,,2000.0,1
decision_Romania_129,Romania_129,Decision,,5000.0,0
decision_Romania_132,Romania_132,Decision,,2000.0,0
decision_Romania_134,Romania_134,Decision,2022.0,150.0,1
decision_Romania_133,Romania_133,Decision,,,0
decision_Romania_135,Romania_135,Decision,,,0
decision_Romania_138,Romania_138,Decision,,,0
decision_Romania_136,Romania_136,Decision,2025.0,25000.0,1
decision_Romania_137,Romania_137,Decision,,1000.0,0
decision_Romania_139,Romania_139,Decision,,,0
decision_Romania_142,Romania_142,Decision,,,0
decision_Romania_143,Romania_143,Decision,,300.0,0
decision_Romania_141,Romania_141,Decision,,3000.0,0
decision_Romania_140,Romania_140,Decision,,40000.0,0
decision_Romania_145,Romania_145,Decision,,1000.0,0
decision_Romania_144,Romania_144,Decision,,,0
decision_Romania_146,Romania_146,Decision,,,0
decision_Romania_148,Romania_148,Decision,,5000.0,0
decision_Romania_153,Romania_153,Decision,,2000.0,0
decision_Romania_150,Romania_150,Decision,,5000.0,0
decision_Romania_156,Romania_156,Decision,,5000.0,0
decision_Romania_151,Romania_151,Decision,,2000.0,0
decision_Romania_152,Romania_152,Decision,,,0
decision_Romania_147,Romania_147,Decision,,,0
decision_Romania_154,Romania_154,Decision,,,0
decision_Romania_149,Romania_149,Decision,,,0
decision_Romania_158,Romania_158,Decision,,,0
decision_Romania_159,Romania_159,Decision,,,0
decision_Romania_157,Romania_157,Decision,,,0
decision_Romania_155,Romania_155,Decision,,12000.0,0
decision_Romania_161,Romania_161,Decision,,5000.0,0
decision_Romania_162,Romania_162,Decision,,,0
decision_Romania_163,Romania_163,Decision,,2000.0,0
decision_Romania_165,Romania_165,Decision,,5000.0,0
decision_Romania_160,Romania_160,Decision,,,0
decision_Romania_167,Romania_167,Decision,,,0
decision_Romania_164,Romania_164,Decision,,15000.0,0
decision_Romania_166,Romania_166,Decision,,15000.0,0
decision_Romania_170,Romania_170,Decision,,4000.0,0
decision_Romania_171,Romania_171,Decision,,15000.0,1
decision_Romania_168,Romania_168,Decision,,,0
decision_Romania_173,Romania_173,Decision,,,0
decision_Romania_174,Romania_174,Decision,2020.0,0.0,0
decision_Romania_169,Romania_169,Decision,,,0
decision_Romania_175,Romania_175,Decision,2020.0,0.0,0
decision_Romania_172,Romania_172,Decision,,,0
decision_Romania_176,Romania_176,Decision,,20000.0,1
decision_Portugal_11,Portugal_11,Decision,,,0
decision_Portugal_1,Portugal_1,Decision,2018.0,400000.0,0
decision_Romania_177,Romania_177,Decision,,10000.0,0
decision_Portugal_3,Portugal_3,Decision,,2000.0,0
decision_Portugal_5,Portugal_5,Decision,,107000.0,0
decision_Portugal_10,Portugal_10,Decision,2022.0,170000.0,0
decision_Poland_1,Poland_1,Decision,,460000.0,1
decision_Portugal_4,Portugal_4,Decision,,2000.0,0
decision_Poland_4,Poland_4,Decision,2020.0,1168.0,1
decision_Poland_5,Poland_5,Decision,2020.0,23256.0,0
decision_Portugal_12,Portugal_12,Decision,2024.0,0.0,0
decision_Portugal_13,Portugal_13,Decision,2024.0,0.0,0
decision_Poland_8,Poland_8,Decision,,5000.0,0
decision_Poland_3,Poland_3,Decision,2020.0,3505.16,0
decision_Poland_2,Poland_2,Decision,,,0
decision_Poland_7,Poland_7,Decision,,3000.0,0
decision_Poland_11,Poland_11,Decision,,,0
decision_Poland_9,Poland_9,Decision,2021.0,18192.0,0
decision_Poland_10,Poland_10,Decision,,0.0,0
decision_Poland_6,Poland_6,Decision,,85588.0,1
decision_Poland_13,Poland_13,Decision,2021.0,5000.0,0
decision_Poland_12,Poland_12,Decision,2021.0,5000.0,0
decision_Poland_14,Poland_14,Decision,2022.0,60000.0,1
decision_Poland_15,Poland_15,Decision,2020.0,0.0,1
decision_Poland_16,Poland_16,Decision,2022.0,15994.0,1
decision_Poland_19,Poland_19,Decision,2020.0,0.0,0
decision_Poland_18,Poland_18,Decision,2022.0,45697.0,0
decision_Poland_17,Poland_17,Decision,,,0
decision_Poland_20,Poland_20,Decision,2020.0,100000.0,0
decision_Poland_21,Poland_21,Decision,,576220.0,0
decision_Poland_24,Poland_24,Decision,,100000.0,1
decision_Poland_22,Poland_22,Decision,,1440549.0,1
