startNodeId,endNodeId,type,category
decision_United Kingdom_18,principle_SECURITY,VIOLATED,violated
decision_United Kingdom_18,principle_INFORMATION_OBLIGATIONS,VIOLATED,rights
decision_United Kingdom_20,principle_SECURITY,VIOLATED,violated
decision_United Kingdom_20,principle_ACCOUNTABILITY,VIOLATED,violated
decision_United Kingdom_16,principle_SECURITY,VIOLATED,violated
decision_United Kingdom_16,principle_ACCOUNTABILITY,VIOLATED,violated
decision_United Kingdom_16,principle_INFORMATION_OBLIGATIONS,VIOLATED,rights
decision_United Kingdom_17,principle_SECURITY,VIOLATED,violated
decision_United Kingdom_17,principle_NONE_VIOLATED,VIOLATED,rights
decision_United Kingdom_21,principle_SECURITY,VIOLATED,violated
decision_United Kingdom_21,principle_ACCOUNTABILITY,VIOLATED,violated
decision_United Kingdom_19,principle_LAWFULNESS_FAIRNESS_TRANSPARENCY,VIOLATED,violated
decision_United Kingdom_19,principle_INFORMATION_OBLIGATIONS,VIOLATED,rights
decision_United Kingdom_26,principle_NONE_VIOLATED,VIOLATED,violated
decision_United Kingdom_26,principle_NONE_VIOLATED,VIOLATED,rights
decision_United Kingdom_25,principle_SECURITY,VIOLATED,violated
decision_United Kingdom_23,principle_SECURITY,VIOLATED,violated
decision_United Kingdom_24,principle_ACCURACY,VIOLATED,violated
decision_United Kingdom_24,principle_SECURITY,VIOLATED,violated
decision_United Kingdom_24,principle_ACCOUNTABILITY,VIOLATED,violated
decision_United Kingdom_24,principle_ACCESS,VIOLATED,rights
decision_United Kingdom_24,principle_RECTIFICATION,VIOLATED,rights
decision_United Kingdom_29,principle_LAWFULNESS_FAIRNESS_TRANSPARENCY,VIOLATED,violated
decision_United Kingdom_29,principle_PURPOSE_LIMITATION,VIOLATED,violated
decision_United Kingdom_29,principle_INFORMATION_OBLIGATIONS,VIOLATED,rights
decision_United Kingdom_28,principle_SECURITY,VIOLATED,violated
decision_United Kingdom_28,principle_ACCOUNTABILITY,VIOLATED,violated
decision_United Kingdom_28,principle_INFORMATION_OBLIGATIONS,VIOLATED,rights
decision_United Kingdom_32,principle_SECURITY,VIOLATED,violated
decision_United Kingdom_32,principle_NOT_DETERMINED,VIOLATED,rights
decision_United Kingdom_31,principle_DATA_MINIMISATION,VIOLATED,violated
decision_United Kingdom_31,principle_ACCOUNTABILITY,VIOLATED,violated
decision_United Kingdom_34,principle_SECURITY,VIOLATED,violated
decision_United Kingdom_34,principle_NONE_VIOLATED,VIOLATED,rights
decision_United Kingdom_37,principle_SECURITY,VIOLATED,violated
decision_United Kingdom_37,principle_NONE_VIOLATED,VIOLATED,rights
decision_United Kingdom_35,principle_NONE_VIOLATED,VIOLATED,violated
decision_United Kingdom_35,principle_INFORMATION_OBLIGATIONS,VIOLATED,rights
decision_United Kingdom_39,principle_SECURITY,VIOLATED,violated
decision_United Kingdom_39,principle_NONE_VIOLATED,VIOLATED,rights
decision_United Kingdom_45,principle_NONE_VIOLATED,VIOLATED,violated
decision_United Kingdom_45,principle_ACCESS,VIOLATED,rights
decision_United Kingdom_44,principle_LAWFULNESS_FAIRNESS_TRANSPARENCY,VIOLATED,violated
decision_United Kingdom_44,principle_INFORMATION_OBLIGATIONS,VIOLATED,rights
decision_United Kingdom_41,principle_SECURITY,VIOLATED,violated
decision_United Kingdom_41,principle_NOT_DETERMINED,VIOLATED,rights
decision_United Kingdom_48,principle_SECURITY,VIOLATED,violated
decision_United Kingdom_49,principle_NONE_VIOLATED,VIOLATED,violated
decision_United Kingdom_49,principle_ACCESS,VIOLATED,rights
decision_United Kingdom_49,principle_INFORMATION_OBLIGATIONS,VIOLATED,rights
decision_United Kingdom_50,principle_LAWFULNESS_FAIRNESS_TRANSPARENCY,VIOLATED,violated
decision_United Kingdom_50,principle_INFORMATION_OBLIGATIONS,VIOLATED,rights
decision_United Kingdom_54,principle_NOT_DETERMINED,VIOLATED,violated
decision_United Kingdom_54,principle_NOT_DETERMINED,VIOLATED,rights
decision_United Kingdom_55,principle_SECURITY,VIOLATED,violated
decision_United Kingdom_59,principle_LAWFULNESS_FAIRNESS_TRANSPARENCY,VIOLATED,violated
decision_United Kingdom_59,principle_INFORMATION_OBLIGATIONS,VIOLATED,rights
decision_United Kingdom_60,principle_SECURITY,VIOLATED,violated
decision_United Kingdom_57,principle_SECURITY,VIOLATED,violated
decision_United Kingdom_57,principle_NOT_DETERMINED,VIOLATED,rights
decision_United Kingdom_62,principle_NONE_VIOLATED,VIOLATED,violated
decision_United Kingdom_62,principle_NONE_VIOLATED,VIOLATED,rights
decision_Sweden_2,principle_SECURITY,VIOLATED,violated
decision_Sweden_2,principle_ACCOUNTABILITY,VIOLATED,violated
decision_Sweden_2,principle_NONE_VIOLATED,VIOLATED,rights
decision_Sweden_3,principle_SECURITY,VIOLATED,violated
decision_Sweden_3,principle_ACCOUNTABILITY,VIOLATED,violated
decision_Sweden_3,principle_NONE_VIOLATED,VIOLATED,rights
decision_Sweden_4,principle_SECURITY,VIOLATED,violated
decision_Sweden_4,principle_ACCOUNTABILITY,VIOLATED,violated
decision_Sweden_4,principle_NONE_VIOLATED,VIOLATED,rights
decision_Sweden_1,principle_LAWFULNESS_FAIRNESS_TRANSPARENCY,VIOLATED,violated
decision_Sweden_1,principle_PURPOSE_LIMITATION,VIOLATED,violated
decision_Sweden_1,principle_SECURITY,VIOLATED,violated
decision_Sweden_1,principle_ACCOUNTABILITY,VIOLATED,violated
decision_Sweden_1,principle_ERASURE,VIOLATED,rights
decision_Sweden_1,principle_INFORMATION_OBLIGATIONS,VIOLATED,rights
decision_Sweden_5,principle_ACCOUNTABILITY,VIOLATED,violated
decision_Sweden_7,principle_SECURITY,VIOLATED,violated
decision_Sweden_6,principle_ACCOUNTABILITY,VIOLATED,violated
decision_Sweden_9,principle_SECURITY,VIOLATED,violated
decision_Sweden_9,principle_NONE_VIOLATED,VIOLATED,rights
decision_Sweden_10,principle_LAWFULNESS_FAIRNESS_TRANSPARENCY,VIOLATED,violated
decision_Sweden_10,principle_PURPOSE_LIMITATION,VIOLATED,violated
decision_Sweden_10,principle_DATA_MINIMISATION,VIOLATED,violated
decision_Sweden_10,principle_SECURITY,VIOLATED,violated
decision_Sweden_10,principle_INFORMATION_OBLIGATIONS,VIOLATED,rights
decision_Sweden_12,principle_SECURITY,VIOLATED,violated
decision_Sweden_12,principle_ACCOUNTABILITY,VIOLATED,violated
decision_Sweden_12,principle_INFORMATION_OBLIGATIONS,VIOLATED,rights
decision_Sweden_14,principle_LAWFULNESS_FAIRNESS_TRANSPARENCY,VIOLATED,violated
decision_Sweden_14,principle_SECURITY,VIOLATED,violated
decision_Sweden_14,principle_INFORMATION_OBLIGATIONS,VIOLATED,rights
decision_Sweden_15,principle_LAWFULNESS_FAIRNESS_TRANSPARENCY,VIOLATED,violated
decision_Sweden_15,principle_INFORMATION_OBLIGATIONS,VIOLATED,rights
decision_Sweden_18,principle_LAWFULNESS_FAIRNESS_TRANSPARENCY,VIOLATED,violated
decision_Sweden_18,principle_DATA_MINIMISATION,VIOLATED,violated
decision_Sweden_18,principle_SECURITY,VIOLATED,violated
decision_Sweden_18,principle_NONE_VIOLATED,VIOLATED,rights
decision_Sweden_16,principle_LAWFULNESS_FAIRNESS_TRANSPARENCY,VIOLATED,violated
decision_Sweden_16,principle_INFORMATION_OBLIGATIONS,VIOLATED,rights
decision_Sweden_20,principle_LAWFULNESS_FAIRNESS_TRANSPARENCY,VIOLATED,violated
decision_Sweden_20,principle_ACCOUNTABILITY,VIOLATED,violated
decision_Sweden_20,principle_INFORMATION_OBLIGATIONS,VIOLATED,rights
decision_Sweden_22,principle_SECURITY,VIOLATED,violated
decision_Sweden_22,principle_ACCOUNTABILITY,VIOLATED,violated
decision_Sweden_22,principle_ACCESS,VIOLATED,rights
decision_Sweden_22,principle_INFORMATION_OBLIGATIONS,VIOLATED,rights
decision_Sweden_23,principle_SECURITY,VIOLATED,violated
decision_Sweden_26,principle_NONE_VIOLATED,VIOLATED,violated
decision_Sweden_26,principle_ACCESS,VIOLATED,rights
decision_Sweden_24,principle_LAWFULNESS_FAIRNESS_TRANSPARENCY,VIOLATED,violated
decision_Sweden_24,principle_NONE_VIOLATED,VIOLATED,rights
decision_Sweden_27,principle_NONE_VIOLATED,VIOLATED,violated
decision_Sweden_27,principle_NONE_VIOLATED,VIOLATED,rights
decision_Sweden_30,principle_DATA_MINIMISATION,VIOLATED,violated
decision_Sweden_30,principle_ACCOUNTABILITY,VIOLATED,violated
decision_Sweden_30,principle_ERASURE,VIOLATED,rights
decision_Sweden_30,principle_INFORMATION_OBLIGATIONS,VIOLATED,rights
decision_Sweden_31,principle_STORAGE_LIMITATION,VIOLATED,violated
decision_Sweden_31,principle_SECURITY,VIOLATED,violated
decision_Sweden_31,principle_ACCOUNTABILITY,VIOLATED,violated
decision_Sweden_31,principle_ERASURE,VIOLATED,rights
decision_Sweden_31,principle_INFORMATION_OBLIGATIONS,VIOLATED,rights
decision_Sweden_33,principle_SECURITY,VIOLATED,violated
decision_Sweden_29,principle_PURPOSE_LIMITATION,VIOLATED,violated
decision_Sweden_29,principle_DATA_MINIMISATION,VIOLATED,violated
decision_Sweden_29,principle_ACCURACY,VIOLATED,violated
decision_Sweden_29,principle_STORAGE_LIMITATION,VIOLATED,violated
decision_Sweden_29,principle_SECURITY,VIOLATED,violated
decision_Sweden_29,principle_ACCOUNTABILITY,VIOLATED,violated
decision_Sweden_29,principle_NONE_VIOLATED,VIOLATED,violated
decision_Sweden_29,principle_NOT_DETERMINED,VIOLATED,violated
decision_Sweden_29,principle_INFORMATION_OBLIGATIONS,VIOLATED,rights
decision_Sweden_32,principle_ERASURE,VIOLATED,rights
decision_Sweden_32,principle_INFORMATION_OBLIGATIONS,VIOLATED,rights
decision_Sweden_36,principle_SECURITY,VIOLATED,violated
decision_Sweden_34,principle_SECURITY,VIOLATED,violated
decision_Sweden_35,principle_SECURITY,VIOLATED,violated
decision_Sweden_35,principle_ACCOUNTABILITY,VIOLATED,violated
decision_Sweden_35,principle_NONE_VIOLATED,VIOLATED,rights
decision_Sweden_37,principle_SECURITY,VIOLATED,violated
decision_Sweden_38,principle_LAWFULNESS_FAIRNESS_TRANSPARENCY,VIOLATED,violated
decision_Sweden_38,principle_INFORMATION_OBLIGATIONS,VIOLATED,rights
decision_Sweden_41,principle_SECURITY,VIOLATED,violated
decision_Sweden_42,principle_ACCOUNTABILITY,VIOLATED,violated
decision_Sweden_47,principle_NONE_VIOLATED,VIOLATED,violated
decision_Sweden_47,principle_INFORMATION_OBLIGATIONS,VIOLATED,rights
decision_Sweden_48,principle_ACCOUNTABILITY,VIOLATED,violated
decision_Sweden_48,principle_INFORMATION_OBLIGATIONS,VIOLATED,rights
decision_Spain_1,principle_NONE_VIOLATED,VIOLATED,violated
decision_Spain_1,principle_NONE_VIOLATED,VIOLATED,rights
decision_Sweden_54,principle_INFORMATION_OBLIGATIONS,VIOLATED,rights
decision_Sweden_57,principle_NONE_VIOLATED,VIOLATED,violated
decision_Sweden_57,principle_NONE_VIOLATED,VIOLATED,rights
decision_Sweden_52,principle_LAWFULNESS_FAIRNESS_TRANSPARENCY,VIOLATED,violated
decision_Sweden_52,principle_INFORMATION_OBLIGATIONS,VIOLATED,rights
decision_Spain_3,principle_LAWFULNESS_FAIRNESS_TRANSPARENCY,VIOLATED,violated
decision_Spain_3,principle_INFORMATION_OBLIGATIONS,VIOLATED,rights
decision_Spain_2,principle_LAWFULNESS_FAIRNESS_TRANSPARENCY,VIOLATED,violated
decision_Spain_2,principle_NONE_VIOLATED,VIOLATED,rights
decision_Spain_4,principle_SECURITY,VIOLATED,violated
decision_Spain_4,principle_INFORMATION_OBLIGATIONS,VIOLATED,rights
decision_Spain_6,principle_NONE_VIOLATED,VIOLATED,violated
decision_Spain_6,principle_NONE_VIOLATED,VIOLATED,rights
decision_Spain_7,principle_NONE_VIOLATED,VIOLATED,violated
decision_Spain_7,principle_NONE_VIOLATED,VIOLATED,rights
decision_Spain_8,principle_NONE_VIOLATED,VIOLATED,violated
decision_Spain_8,principle_NONE_VIOLATED,VIOLATED,rights
decision_Spain_10,principle_NONE_VIOLATED,VIOLATED,violated
decision_Spain_10,principle_NONE_VIOLATED,VIOLATED,rights
decision_Spain_12,principle_NOT_DETERMINED,VIOLATED,violated
decision_Spain_12,principle_NOT_DETERMINED,VIOLATED,rights
decision_Spain_11,principle_SECURITY,VIOLATED,violated
decision_Spain_15,principle_NONE_VIOLATED,VIOLATED,violated
decision_Spain_15,principle_NONE_VIOLATED,VIOLATED,rights
decision_Spain_16,principle_NONE_VIOLATED,VIOLATED,violated
decision_Spain_16,principle_NONE_VIOLATED,VIOLATED,rights
decision_Spain_14,principle_NONE_VIOLATED,VIOLATED,violated
decision_Spain_14,principle_NONE_VIOLATED,VIOLATED,rights
decision_Spain_18,principle_NONE_VIOLATED,VIOLATED,violated
decision_Spain_18,principle_NONE_VIOLATED,VIOLATED,rights
decision_Spain_19,principle_NONE_VIOLATED,VIOLATED,violated
decision_Spain_19,principle_NONE_VIOLATED,VIOLATED,rights
decision_Spain_21,principle_NOT_DETERMINED,VIOLATED,violated
decision_Spain_21,principle_NONE_VIOLATED,VIOLATED,rights
decision_Spain_22,principle_NONE_VIOLATED,VIOLATED,violated
decision_Spain_25,principle_NONE_VIOLATED,VIOLATED,violated
decision_Spain_25,principle_NONE_VIOLATED,VIOLATED,rights
decision_Spain_24,principle_NONE_VIOLATED,VIOLATED,violated
decision_Spain_24,principle_NONE_VIOLATED,VIOLATED,rights
decision_Spain_26,principle_NONE_VIOLATED,VIOLATED,violated
decision_Spain_27,principle_NONE_VIOLATED,VIOLATED,violated
decision_Spain_28,principle_NONE_VIOLATED,VIOLATED,violated
decision_Spain_28,principle_NONE_VIOLATED,VIOLATED,rights
decision_Spain_30,principle_NONE_VIOLATED,VIOLATED,violated
decision_Spain_32,principle_NONE_VIOLATED,VIOLATED,violated
decision_Spain_32,principle_NONE_VIOLATED,VIOLATED,rights
decision_Spain_29,principle_NONE_VIOLATED,VIOLATED,violated
decision_Spain_29,principle_NONE_VIOLATED,VIOLATED,rights
decision_Spain_31,principle_NONE_VIOLATED,VIOLATED,violated
decision_Spain_31,principle_NONE_VIOLATED,VIOLATED,rights
decision_Spain_33,principle_NONE_VIOLATED,VIOLATED,violated
decision_Spain_33,principle_NONE_VIOLATED,VIOLATED,rights
decision_Spain_35,principle_NONE_VIOLATED,VIOLATED,violated
decision_Spain_36,principle_LAWFULNESS_FAIRNESS_TRANSPARENCY,VIOLATED,violated
decision_Spain_36,principle_NOT_DETERMINED,VIOLATED,rights
decision_Spain_40,principle_DATA_MINIMISATION,VIOLATED,violated
decision_Spain_40,principle_INFORMATION_OBLIGATIONS,VIOLATED,rights
decision_Spain_41,principle_SECURITY,VIOLATED,violated
decision_Spain_41,principle_NONE_VIOLATED,VIOLATED,rights
decision_Spain_42,principle_LAWFULNESS_FAIRNESS_TRANSPARENCY,VIOLATED,violated
decision_Spain_42,principle_ERASURE,VIOLATED,rights
decision_Spain_45,principle_INFORMATION_OBLIGATIONS,VIOLATED,rights
decision_Spain_47,principle_SECURITY,VIOLATED,violated
decision_Spain_47,principle_NONE_VIOLATED,VIOLATED,rights
decision_Spain_48,principle_NONE_VIOLATED,VIOLATED,violated
decision_Spain_48,principle_NONE_VIOLATED,VIOLATED,rights
decision_Spain_51,principle_NONE_VIOLATED,VIOLATED,violated
decision_Spain_51,principle_NONE_VIOLATED,VIOLATED,rights
decision_Spain_49,principle_LAWFULNESS_FAIRNESS_TRANSPARENCY,VIOLATED,violated
decision_Spain_49,principle_NONE_VIOLATED,VIOLATED,rights
decision_Spain_52,principle_NONE_VIOLATED,VIOLATED,violated
decision_Spain_52,principle_NONE_VIOLATED,VIOLATED,rights
decision_Spain_50,principle_LAWFULNESS_FAIRNESS_TRANSPARENCY,VIOLATED,violated
decision_Spain_50,principle_INFORMATION_OBLIGATIONS,VIOLATED,rights
decision_Spain_53,principle_DATA_MINIMISATION,VIOLATED,violated
decision_Spain_53,principle_INFORMATION_OBLIGATIONS,VIOLATED,rights
decision_Spain_56,principle_NONE_VIOLATED,VIOLATED,violated
decision_Spain_56,principle_NONE_VIOLATED,VIOLATED,rights
decision_Spain_55,principle_LAWFULNESS_FAIRNESS_TRANSPARENCY,VIOLATED,violated
decision_Spain_55,principle_INFORMATION_OBLIGATIONS,VIOLATED,rights
decision_Spain_54,principle_SECURITY,VIOLATED,violated
decision_Spain_54,principle_ACCESS,VIOLATED,rights
decision_Spain_57,principle_ACCOUNTABILITY,VIOLATED,violated
decision_Spain_57,principle_INFORMATION_OBLIGATIONS,VIOLATED,rights
decision_Spain_58,principle_SECURITY,VIOLATED,violated
decision_Spain_59,principle_SECURITY,VIOLATED,violated
decision_Spain_60,principle_SECURITY,VIOLATED,violated
decision_Spain_62,principle_LAWFULNESS_FAIRNESS_TRANSPARENCY,VIOLATED,violated
decision_Spain_62,principle_NONE_VIOLATED,VIOLATED,rights
decision_Spain_63,principle_LAWFULNESS_FAIRNESS_TRANSPARENCY,VIOLATED,violated
decision_Spain_63,principle_NOT_DETERMINED,VIOLATED,rights
decision_Spain_64,principle_LAWFULNESS_FAIRNESS_TRANSPARENCY,VIOLATED,violated
decision_Spain_64,principle_ACCURACY,VIOLATED,violated
decision_Spain_64,principle_INFORMATION_OBLIGATIONS,VIOLATED,rights
decision_Spain_67,principle_LAWFULNESS_FAIRNESS_TRANSPARENCY,VIOLATED,violated
decision_Spain_67,principle_SECURITY,VIOLATED,violated
decision_Spain_67,principle_INFORMATION_OBLIGATIONS,VIOLATED,rights
decision_Spain_69,principle_ACCURACY,VIOLATED,violated
decision_Spain_69,principle_NONE_VIOLATED,VIOLATED,rights
decision_Spain_71,principle_SECURITY,VIOLATED,violated
decision_Spain_71,principle_NONE_VIOLATED,VIOLATED,rights
decision_Spain_70,principle_NONE_VIOLATED,VIOLATED,violated
decision_Spain_70,principle_NONE_VIOLATED,VIOLATED,rights
decision_Spain_68,principle_LAWFULNESS_FAIRNESS_TRANSPARENCY,VIOLATED,violated
decision_Spain_68,principle_NONE_VIOLATED,VIOLATED,rights
decision_Spain_73,principle_LAWFULNESS_FAIRNESS_TRANSPARENCY,VIOLATED,violated
decision_Spain_73,principle_INFORMATION_OBLIGATIONS,VIOLATED,rights
decision_Spain_74,principle_LAWFULNESS_FAIRNESS_TRANSPARENCY,VIOLATED,violated
decision_Spain_74,principle_INFORMATION_OBLIGATIONS,VIOLATED,rights
decision_Spain_72,principle_ERASURE,VIOLATED,rights
decision_Spain_77,principle_NONE_VIOLATED,VIOLATED,violated
decision_Spain_77,principle_NONE_VIOLATED,VIOLATED,rights
decision_Spain_75,principle_SECURITY,VIOLATED,violated
decision_Spain_81,principle_SECURITY,VIOLATED,violated
decision_Spain_78,principle_LAWFULNESS_FAIRNESS_TRANSPARENCY,VIOLATED,violated
decision_Spain_78,principle_SECURITY,VIOLATED,violated
decision_Spain_78,principle_ACCOUNTABILITY,VIOLATED,violated
decision_Spain_78,principle_INFORMATION_OBLIGATIONS,VIOLATED,rights
decision_Spain_76,principle_PURPOSE_LIMITATION,VIOLATED,violated
decision_Spain_76,principle_INFORMATION_OBLIGATIONS,VIOLATED,rights
decision_Spain_82,principle_LAWFULNESS_FAIRNESS_TRANSPARENCY,VIOLATED,violated
decision_Spain_82,principle_SECURITY,VIOLATED,violated
decision_Spain_82,principle_INFORMATION_OBLIGATIONS,VIOLATED,rights
decision_Spain_80,principle_LAWFULNESS_FAIRNESS_TRANSPARENCY,VIOLATED,violated
decision_Spain_80,principle_SECURITY,VIOLATED,violated
decision_Spain_80,principle_ACCOUNTABILITY,VIOLATED,violated
decision_Spain_80,principle_INFORMATION_OBLIGATIONS,VIOLATED,rights
decision_Spain_83,principle_SECURITY,VIOLATED,violated
decision_Spain_85,principle_DATA_MINIMISATION,VIOLATED,violated
decision_Spain_85,principle_INFORMATION_OBLIGATIONS,VIOLATED,rights
decision_Spain_87,principle_NONE_VIOLATED,VIOLATED,violated
decision_Spain_87,principle_NONE_VIOLATED,VIOLATED,rights
decision_Spain_86,principle_LAWFULNESS_FAIRNESS_TRANSPARENCY,VIOLATED,violated
decision_Spain_86,principle_INFORMATION_OBLIGATIONS,VIOLATED,rights
decision_Spain_88,principle_SECURITY,VIOLATED,violated
decision_Spain_88,principle_NONE_VIOLATED,VIOLATED,rights
decision_Spain_91,principle_LAWFULNESS_FAIRNESS_TRANSPARENCY,VIOLATED,violated
decision_Spain_91,principle_NONE_VIOLATED,VIOLATED,rights
decision_Spain_93,principle_LAWFULNESS_FAIRNESS_TRANSPARENCY,VIOLATED,violated
decision_Spain_93,principle_INFORMATION_OBLIGATIONS,VIOLATED,rights
decision_Spain_89,principle_LAWFULNESS_FAIRNESS_TRANSPARENCY,VIOLATED,violated
decision_Spain_89,principle_ACCESS,VIOLATED,rights
decision_Spain_90,principle_LAWFULNESS_FAIRNESS_TRANSPARENCY,VIOLATED,violated
decision_Spain_90,principle_INFORMATION_OBLIGATIONS,VIOLATED,rights
decision_Spain_94,principle_NONE_VIOLATED,VIOLATED,violated
decision_Spain_94,principle_ERASURE,VIOLATED,rights
decision_Spain_95,principle_NONE_VIOLATED,VIOLATED,violated
decision_Spain_95,principle_NONE_VIOLATED,VIOLATED,rights
decision_Spain_92,principle_SECURITY,VIOLATED,violated
decision_Spain_92,principle_ACCOUNTABILITY,VIOLATED,violated
decision_Spain_92,principle_ACCESS,VIOLATED,rights
decision_Spain_96,principle_DATA_MINIMISATION,VIOLATED,violated
decision_Spain_96,principle_NONE_VIOLATED,VIOLATED,rights
decision_Spain_98,principle_SECURITY,VIOLATED,violated
decision_Spain_98,principle_INFORMATION_OBLIGATIONS,VIOLATED,rights
decision_Spain_99,principle_NONE_VIOLATED,VIOLATED,violated
decision_Spain_99,principle_ACCESS,VIOLATED,rights
decision_Spain_99,principle_ERASURE,VIOLATED,rights
decision_Spain_100,principle_LAWFULNESS_FAIRNESS_TRANSPARENCY,VIOLATED,violated
decision_Spain_100,principle_INFORMATION_OBLIGATIONS,VIOLATED,rights
decision_Spain_97,principle_LAWFULNESS_FAIRNESS_TRANSPARENCY,VIOLATED,violated
decision_Spain_97,principle_SECURITY,VIOLATED,violated
decision_Spain_97,principle_ACCOUNTABILITY,VIOLATED,violated
decision_Spain_97,principle_INFORMATION_OBLIGATIONS,VIOLATED,rights
decision_Spain_103,principle_LAWFULNESS_FAIRNESS_TRANSPARENCY,VIOLATED,violated
decision_Spain_103,principle_NOT_DETERMINED,VIOLATED,rights
decision_Spain_102,principle_NONE_VIOLATED,VIOLATED,violated
decision_Spain_102,principle_ERASURE,VIOLATED,rights
decision_Spain_101,principle_LAWFULNESS_FAIRNESS_TRANSPARENCY,VIOLATED,violated
decision_Spain_101,principle_NOT_DETERMINED,VIOLATED,rights
decision_Spain_107,principle_LAWFULNESS_FAIRNESS_TRANSPARENCY,VIOLATED,violated
decision_Spain_107,principle_INFORMATION_OBLIGATIONS,VIOLATED,rights
decision_Spain_105,principle_SECURITY,VIOLATED,violated
decision_Spain_105,principle_ACCOUNTABILITY,VIOLATED,violated
decision_Spain_105,principle_ACCESS,VIOLATED,rights
decision_Spain_108,principle_SECURITY,VIOLATED,violated
decision_Spain_108,principle_INFORMATION_OBLIGATIONS,VIOLATED,rights
decision_Spain_110,principle_LAWFULNESS_FAIRNESS_TRANSPARENCY,VIOLATED,violated
decision_Spain_109,principle_NONE_VIOLATED,VIOLATED,violated
decision_Spain_109,principle_NONE_VIOLATED,VIOLATED,rights
decision_Spain_112,principle_NONE_VIOLATED,VIOLATED,violated
decision_Spain_112,principle_ACCESS,VIOLATED,rights
decision_Spain_116,principle_SECURITY,VIOLATED,violated
decision_Spain_117,principle_SECURITY,VIOLATED,violated
decision_Spain_117,principle_ERASURE,VIOLATED,rights
decision_Spain_115,principle_SECURITY,VIOLATED,violated
decision_Spain_114,principle_LAWFULNESS_FAIRNESS_TRANSPARENCY,VIOLATED,violated
decision_Spain_113,principle_SECURITY,VIOLATED,violated
decision_Spain_113,principle_ACCOUNTABILITY,VIOLATED,violated
decision_Spain_118,principle_LAWFULNESS_FAIRNESS_TRANSPARENCY,VIOLATED,violated
decision_Spain_118,principle_INFORMATION_OBLIGATIONS,VIOLATED,rights
decision_Spain_121,principle_LAWFULNESS_FAIRNESS_TRANSPARENCY,VIOLATED,violated
decision_Spain_121,principle_NONE_VIOLATED,VIOLATED,rights
decision_Spain_120,principle_LAWFULNESS_FAIRNESS_TRANSPARENCY,VIOLATED,violated
decision_Spain_120,principle_INFORMATION_OBLIGATIONS,VIOLATED,rights
decision_Spain_122,principle_SECURITY,VIOLATED,violated
decision_Spain_122,principle_INFORMATION_OBLIGATIONS,VIOLATED,rights
decision_Spain_124,principle_DATA_MINIMISATION,VIOLATED,violated
decision_Spain_124,principle_INFORMATION_OBLIGATIONS,VIOLATED,rights
decision_Spain_126,principle_LAWFULNESS_FAIRNESS_TRANSPARENCY,VIOLATED,violated
decision_Spain_126,principle_NONE_VIOLATED,VIOLATED,rights
decision_Spain_125,principle_LAWFULNESS_FAIRNESS_TRANSPARENCY,VIOLATED,violated
decision_Spain_125,principle_NONE_VIOLATED,VIOLATED,rights
decision_Spain_127,principle_LAWFULNESS_FAIRNESS_TRANSPARENCY,VIOLATED,violated
decision_Spain_127,principle_INFORMATION_OBLIGATIONS,VIOLATED,rights
decision_Spain_130,principle_NONE_VIOLATED,VIOLATED,violated
decision_Spain_130,principle_NONE_VIOLATED,VIOLATED,rights
decision_Spain_129,principle_LAWFULNESS_FAIRNESS_TRANSPARENCY,VIOLATED,violated
decision_Spain_129,principle_INFORMATION_OBLIGATIONS,VIOLATED,rights
decision_Spain_128,principle_NONE_VIOLATED,VIOLATED,violated
decision_Spain_128,principle_NONE_VIOLATED,VIOLATED,rights
decision_Spain_131,principle_SECURITY,VIOLATED,violated
decision_Spain_134,principle_SECURITY,VIOLATED,violated
decision_Spain_134,principle_ACCOUNTABILITY,VIOLATED,violated
decision_Spain_134,principle_NONE_VIOLATED,VIOLATED,rights
decision_Spain_137,principle_INFORMATION_OBLIGATIONS,VIOLATED,rights
decision_Spain_135,principle_DATA_MINIMISATION,VIOLATED,violated
decision_Spain_135,principle_INFORMATION_OBLIGATIONS,VIOLATED,rights
decision_Spain_138,principle_LAWFULNESS_FAIRNESS_TRANSPARENCY,VIOLATED,violated
decision_Spain_138,principle_SECURITY,VIOLATED,violated
decision_Spain_138,principle_INFORMATION_OBLIGATIONS,VIOLATED,rights
decision_Spain_139,principle_SECURITY,VIOLATED,violated
decision_Spain_139,principle_NOT_DETERMINED,VIOLATED,rights
decision_Spain_141,principle_NOT_DETERMINED,VIOLATED,violated
decision_Spain_141,principle_NOT_DETERMINED,VIOLATED,rights
decision_Spain_140,principle_LAWFULNESS_FAIRNESS_TRANSPARENCY,VIOLATED,violated
decision_Spain_140,principle_SECURITY,VIOLATED,violated
decision_Spain_140,principle_ACCOUNTABILITY,VIOLATED,violated
decision_Spain_140,principle_INFORMATION_OBLIGATIONS,VIOLATED,rights
decision_Spain_142,principle_LAWFULNESS_FAIRNESS_TRANSPARENCY,VIOLATED,violated
decision_Spain_142,principle_INFORMATION_OBLIGATIONS,VIOLATED,rights
decision_Spain_144,principle_NONE_VIOLATED,VIOLATED,violated
decision_Spain_144,principle_NONE_VIOLATED,VIOLATED,rights
decision_Spain_146,principle_LAWFULNESS_FAIRNESS_TRANSPARENCY,VIOLATED,violated
decision_Spain_146,principle_NONE_VIOLATED,VIOLATED,rights
decision_Spain_147,principle_LAWFULNESS_FAIRNESS_TRANSPARENCY,VIOLATED,violated
decision_Spain_147,principle_INFORMATION_OBLIGATIONS,VIOLATED,rights
decision_Spain_149,principle_LAWFULNESS_FAIRNESS_TRANSPARENCY,VIOLATED,violated
decision_Spain_149,principle_PURPOSE_LIMITATION,VIOLATED,violated
decision_Spain_149,principle_INFORMATION_OBLIGATIONS,VIOLATED,rights
decision_Spain_151,principle_DATA_MINIMISATION,VIOLATED,violated
decision_Spain_151,principle_INFORMATION_OBLIGATIONS,VIOLATED,rights
decision_Spain_150,principle_LAWFULNESS_FAIRNESS_TRANSPARENCY,VIOLATED,violated
decision_Spain_150,principle_SECURITY,VIOLATED,violated
decision_Spain_150,principle_ACCOUNTABILITY,VIOLATED,violated
decision_Spain_150,principle_ACCESS,VIOLATED,rights
decision_Spain_152,principle_LAWFULNESS_FAIRNESS_TRANSPARENCY,VIOLATED,violated
decision_Spain_152,principle_SECURITY,VIOLATED,violated
decision_Spain_152,principle_INFORMATION_OBLIGATIONS,VIOLATED,rights
decision_Spain_154,principle_SECURITY,VIOLATED,violated
decision_Spain_154,principle_ACCESS,VIOLATED,rights
decision_Spain_153,principle_LAWFULNESS_FAIRNESS_TRANSPARENCY,VIOLATED,violated
decision_Spain_153,principle_PURPOSE_LIMITATION,VIOLATED,violated
decision_Spain_153,principle_DATA_MINIMISATION,VIOLATED,violated
decision_Spain_153,principle_SECURITY,VIOLATED,violated
decision_Spain_153,principle_ACCOUNTABILITY,VIOLATED,violated
decision_Spain_153,principle_INFORMATION_OBLIGATIONS,VIOLATED,rights
decision_Spain_155,principle_LAWFULNESS_FAIRNESS_TRANSPARENCY,VIOLATED,violated
decision_Spain_155,principle_INFORMATION_OBLIGATIONS,VIOLATED,rights
decision_Spain_157,principle_LAWFULNESS_FAIRNESS_TRANSPARENCY,VIOLATED,violated
decision_Spain_157,principle_PURPOSE_LIMITATION,VIOLATED,violated
decision_Spain_157,principle_DATA_MINIMISATION,VIOLATED,violated
decision_Spain_157,principle_SECURITY,VIOLATED,violated
decision_Spain_157,principle_ACCOUNTABILITY,VIOLATED,violated
decision_Spain_157,principle_INFORMATION_OBLIGATIONS,VIOLATED,rights
decision_Spain_160,principle_LAWFULNESS_FAIRNESS_TRANSPARENCY,VIOLATED,violated
decision_Spain_160,principle_INFORMATION_OBLIGATIONS,VIOLATED,rights
decision_Spain_159,principle_SECURITY,VIOLATED,violated
decision_Spain_162,principle_NONE_VIOLATED,VIOLATED,violated
decision_Spain_162,principle_NONE_VIOLATED,VIOLATED,rights
decision_Spain_161,principle_LAWFULNESS_FAIRNESS_TRANSPARENCY,VIOLATED,violated
decision_Spain_161,principle_NOT_DETERMINED,VIOLATED,rights
decision_Spain_164,principle_NONE_VIOLATED,VIOLATED,violated
decision_Spain_164,principle_ERASURE,VIOLATED,rights
decision_Spain_164,principle_OBJECTION,VIOLATED,rights
decision_Spain_165,principle_STORAGE_LIMITATION,VIOLATED,violated
decision_Spain_165,principle_NONE_VIOLATED,VIOLATED,rights
decision_Spain_163,principle_SECURITY,VIOLATED,violated
decision_Spain_163,principle_INFORMATION_OBLIGATIONS,VIOLATED,rights
decision_Spain_168,principle_SECURITY,VIOLATED,violated
decision_Spain_169,principle_PURPOSE_LIMITATION,VIOLATED,violated
decision_Spain_166,principle_LAWFULNESS_FAIRNESS_TRANSPARENCY,VIOLATED,violated
decision_Spain_166,principle_ACCURACY,VIOLATED,violated
decision_Spain_166,principle_SECURITY,VIOLATED,violated
decision_Spain_166,principle_ERASURE,VIOLATED,rights
decision_Spain_174,principle_SECURITY,VIOLATED,violated
decision_Spain_173,principle_NONE_VIOLATED,VIOLATED,violated
decision_Spain_173,principle_NONE_VIOLATED,VIOLATED,rights
decision_Spain_172,principle_LAWFULNESS_FAIRNESS_TRANSPARENCY,VIOLATED,violated
decision_Spain_172,principle_INFORMATION_OBLIGATIONS,VIOLATED,rights
decision_Spain_179,principle_NONE_VIOLATED,VIOLATED,violated
decision_Spain_179,principle_NONE_VIOLATED,VIOLATED,rights
decision_Spain_178,principle_LAWFULNESS_FAIRNESS_TRANSPARENCY,VIOLATED,violated
decision_Spain_178,principle_INFORMATION_OBLIGATIONS,VIOLATED,rights
decision_Spain_177,principle_SECURITY,VIOLATED,violated
decision_Spain_177,principle_INFORMATION_OBLIGATIONS,VIOLATED,rights
decision_Spain_175,principle_LAWFULNESS_FAIRNESS_TRANSPARENCY,VIOLATED,violated
decision_Spain_175,principle_ERASURE,VIOLATED,rights
decision_Spain_175,principle_INFORMATION_OBLIGATIONS,VIOLATED,rights
decision_Spain_181,principle_LAWFULNESS_FAIRNESS_TRANSPARENCY,VIOLATED,violated
decision_Spain_181,principle_INFORMATION_OBLIGATIONS,VIOLATED,rights
decision_Spain_187,principle_NONE_VIOLATED,VIOLATED,violated
decision_Spain_187,principle_NONE_VIOLATED,VIOLATED,rights
decision_Spain_180,principle_DATA_MINIMISATION,VIOLATED,violated
decision_Spain_180,principle_NONE_VIOLATED,VIOLATED,rights
decision_Spain_182,principle_SECURITY,VIOLATED,violated
decision_Spain_186,principle_NONE_VIOLATED,VIOLATED,violated
decision_Spain_186,principle_NONE_VIOLATED,VIOLATED,rights
decision_Spain_185,principle_LAWFULNESS_FAIRNESS_TRANSPARENCY,VIOLATED,violated
decision_Spain_185,principle_NONE_VIOLATED,VIOLATED,rights
decision_Spain_188,principle_ACCOUNTABILITY,VIOLATED,violated
decision_Spain_189,principle_SECURITY,VIOLATED,violated
decision_Spain_189,principle_ACCOUNTABILITY,VIOLATED,violated
decision_Spain_189,principle_OBJECTION,VIOLATED,rights
decision_Spain_189,principle_INFORMATION_OBLIGATIONS,VIOLATED,rights
decision_Spain_183,principle_SECURITY,VIOLATED,violated
decision_Spain_183,principle_ACCOUNTABILITY,VIOLATED,violated
decision_Spain_183,principle_INFORMATION_OBLIGATIONS,VIOLATED,rights
decision_Spain_190,principle_NONE_VIOLATED,VIOLATED,violated
decision_Spain_190,principle_NONE_VIOLATED,VIOLATED,rights
decision_Spain_191,principle_LAWFULNESS_FAIRNESS_TRANSPARENCY,VIOLATED,violated
decision_Spain_191,principle_INFORMATION_OBLIGATIONS,VIOLATED,rights
decision_Spain_194,principle_DATA_MINIMISATION,VIOLATED,violated
decision_Spain_194,principle_NONE_VIOLATED,VIOLATED,rights
decision_Spain_192,principle_ACCOUNTABILITY,VIOLATED,violated
decision_Spain_192,principle_INFORMATION_OBLIGATIONS,VIOLATED,rights
decision_Spain_193,principle_LAWFULNESS_FAIRNESS_TRANSPARENCY,VIOLATED,violated
decision_Spain_193,principle_SECURITY,VIOLATED,violated
decision_Spain_193,principle_ACCOUNTABILITY,VIOLATED,violated
decision_Spain_193,principle_INFORMATION_OBLIGATIONS,VIOLATED,rights
decision_Spain_196,principle_LAWFULNESS_FAIRNESS_TRANSPARENCY,VIOLATED,violated
decision_Spain_196,principle_NONE_VIOLATED,VIOLATED,rights
decision_Spain_195,principle_DATA_MINIMISATION,VIOLATED,violated
decision_Spain_200,principle_SECURITY,VIOLATED,violated
decision_Spain_200,principle_NONE_VIOLATED,VIOLATED,rights
decision_Spain_199,principle_LAWFULNESS_FAIRNESS_TRANSPARENCY,VIOLATED,violated
decision_Spain_199,principle_INFORMATION_OBLIGATIONS,VIOLATED,rights
decision_Spain_197,principle_STORAGE_LIMITATION,VIOLATED,violated
decision_Spain_197,principle_OBJECTION,VIOLATED,rights
decision_Spain_197,principle_INFORMATION_OBLIGATIONS,VIOLATED,rights
decision_Spain_198,principle_SECURITY,VIOLATED,violated
decision_Spain_198,principle_ACCOUNTABILITY,VIOLATED,violated
decision_Spain_202,principle_NOT_DETERMINED,VIOLATED,violated
decision_Spain_202,principle_NOT_DETERMINED,VIOLATED,rights
decision_Spain_201,principle_DATA_MINIMISATION,VIOLATED,violated
decision_Spain_201,principle_SECURITY,VIOLATED,violated
decision_Spain_201,principle_INFORMATION_OBLIGATIONS,VIOLATED,rights
decision_Spain_203,principle_LAWFULNESS_FAIRNESS_TRANSPARENCY,VIOLATED,violated
decision_Spain_203,principle_INFORMATION_OBLIGATIONS,VIOLATED,rights
decision_Spain_206,principle_LAWFULNESS_FAIRNESS_TRANSPARENCY,VIOLATED,violated
decision_Spain_206,principle_INFORMATION_OBLIGATIONS,VIOLATED,rights
decision_Spain_205,principle_SECURITY,VIOLATED,violated
decision_Spain_204,principle_DATA_MINIMISATION,VIOLATED,violated
decision_Spain_204,principle_INFORMATION_OBLIGATIONS,VIOLATED,rights
decision_Spain_208,principle_LAWFULNESS_FAIRNESS_TRANSPARENCY,VIOLATED,violated
decision_Spain_208,principle_INFORMATION_OBLIGATIONS,VIOLATED,rights
decision_Spain_207,principle_PURPOSE_LIMITATION,VIOLATED,violated
decision_Spain_207,principle_DATA_MINIMISATION,VIOLATED,violated
decision_Spain_207,principle_SECURITY,VIOLATED,violated
decision_Spain_207,principle_ACCOUNTABILITY,VIOLATED,violated
decision_Spain_209,principle_DATA_MINIMISATION,VIOLATED,violated
decision_Spain_209,principle_INFORMATION_OBLIGATIONS,VIOLATED,rights
decision_Spain_210,principle_LAWFULNESS_FAIRNESS_TRANSPARENCY,VIOLATED,violated
decision_Spain_210,principle_INFORMATION_OBLIGATIONS,VIOLATED,rights
decision_Spain_212,principle_SECURITY,VIOLATED,violated
decision_Spain_211,principle_SECURITY,VIOLATED,violated
decision_Spain_214,principle_SECURITY,VIOLATED,violated
decision_Spain_214,principle_ERASURE,VIOLATED,rights
decision_Spain_215,principle_LAWFULNESS_FAIRNESS_TRANSPARENCY,VIOLATED,violated
decision_Spain_215,principle_INFORMATION_OBLIGATIONS,VIOLATED,rights
decision_Spain_216,principle_DATA_MINIMISATION,VIOLATED,violated
decision_Spain_216,principle_NOT_DETERMINED,VIOLATED,rights
decision_Spain_217,principle_LAWFULNESS_FAIRNESS_TRANSPARENCY,VIOLATED,violated
decision_Spain_217,principle_ACCURACY,VIOLATED,violated
decision_Spain_217,principle_ACCOUNTABILITY,VIOLATED,violated
decision_Spain_217,principle_ERASURE,VIOLATED,rights
decision_Spain_220,principle_LAWFULNESS_FAIRNESS_TRANSPARENCY,VIOLATED,violated
decision_Spain_220,principle_INFORMATION_OBLIGATIONS,VIOLATED,rights
decision_Spain_222,principle_ACCURACY,VIOLATED,violated
decision_Spain_222,principle_INFORMATION_OBLIGATIONS,VIOLATED,rights
decision_Spain_225,principle_DATA_MINIMISATION,VIOLATED,violated
decision_Spain_225,principle_INFORMATION_OBLIGATIONS,VIOLATED,rights
decision_Spain_228,principle_SECURITY,VIOLATED,violated
decision_Spain_228,principle_NONE_VIOLATED,VIOLATED,rights
decision_Spain_227,principle_DATA_MINIMISATION,VIOLATED,violated
decision_Spain_227,principle_NOT_DETERMINED,VIOLATED,rights
decision_Spain_230,principle_DATA_MINIMISATION,VIOLATED,violated
decision_Spain_231,principle_ACCURACY,VIOLATED,violated
decision_Spain_231,principle_SECURITY,VIOLATED,violated
decision_Spain_231,principle_NOT_DETERMINED,VIOLATED,rights
decision_Spain_232,principle_LAWFULNESS_FAIRNESS_TRANSPARENCY,VIOLATED,violated
decision_Spain_232,principle_INFORMATION_OBLIGATIONS,VIOLATED,rights
decision_Spain_235,principle_SECURITY,VIOLATED,violated
decision_Spain_237,principle_SECURITY,VIOLATED,violated
decision_Spain_237,principle_NOT_DETERMINED,VIOLATED,rights
decision_Spain_240,principle_NONE_VIOLATED,VIOLATED,violated
decision_Spain_240,principle_NONE_VIOLATED,VIOLATED,rights
decision_Spain_238,principle_LAWFULNESS_FAIRNESS_TRANSPARENCY,VIOLATED,violated
decision_Spain_238,principle_PURPOSE_LIMITATION,VIOLATED,violated
decision_Spain_238,principle_DATA_MINIMISATION,VIOLATED,violated
decision_Spain_238,principle_STORAGE_LIMITATION,VIOLATED,violated
decision_Spain_238,principle_NONE_VIOLATED,VIOLATED,rights
decision_Spain_239,principle_ACCOUNTABILITY,VIOLATED,violated
decision_Spain_239,principle_NOT_DETERMINED,VIOLATED,rights
decision_Spain_236,principle_NONE_VIOLATED,VIOLATED,violated
decision_Spain_236,principle_ACCESS,VIOLATED,rights
decision_Spain_243,principle_DATA_MINIMISATION,VIOLATED,violated
decision_Spain_244,principle_NONE_VIOLATED,VIOLATED,violated
decision_Spain_244,principle_NONE_VIOLATED,VIOLATED,rights
decision_Spain_245,principle_LAWFULNESS_FAIRNESS_TRANSPARENCY,VIOLATED,violated
decision_Spain_245,principle_INFORMATION_OBLIGATIONS,VIOLATED,rights
decision_Spain_247,principle_LAWFULNESS_FAIRNESS_TRANSPARENCY,VIOLATED,violated
decision_Spain_247,principle_INFORMATION_OBLIGATIONS,VIOLATED,rights
decision_Spain_246,principle_SECURITY,VIOLATED,violated
decision_Spain_246,principle_ACCOUNTABILITY,VIOLATED,violated
decision_Spain_246,principle_ERASURE,VIOLATED,rights
decision_Spain_250,principle_SECURITY,VIOLATED,violated
decision_Spain_250,principle_NONE_VIOLATED,VIOLATED,rights
decision_Spain_252,principle_NONE_VIOLATED,VIOLATED,violated
decision_Spain_252,principle_ACCESS,VIOLATED,rights
decision_Spain_254,principle_SECURITY,VIOLATED,violated
decision_Spain_254,principle_NONE_VIOLATED,VIOLATED,rights
decision_Spain_255,principle_LAWFULNESS_FAIRNESS_TRANSPARENCY,VIOLATED,violated
decision_Spain_255,principle_INFORMATION_OBLIGATIONS,VIOLATED,rights
decision_Spain_259,principle_LAWFULNESS_FAIRNESS_TRANSPARENCY,VIOLATED,violated
decision_Spain_259,principle_NONE_VIOLATED,VIOLATED,rights
decision_Spain_256,principle_SECURITY,VIOLATED,violated
decision_Spain_256,principle_ACCOUNTABILITY,VIOLATED,violated
decision_Spain_256,principle_INFORMATION_OBLIGATIONS,VIOLATED,rights
decision_Spain_262,principle_SECURITY,VIOLATED,violated
decision_Spain_264,principle_SECURITY,VIOLATED,violated
decision_Spain_264,principle_ACCOUNTABILITY,VIOLATED,violated
decision_Spain_264,principle_INFORMATION_OBLIGATIONS,VIOLATED,rights
decision_Spain_265,principle_LAWFULNESS_FAIRNESS_TRANSPARENCY,VIOLATED,violated
decision_Spain_265,principle_OBJECTION,VIOLATED,rights
decision_Spain_266,principle_SECURITY,VIOLATED,violated
decision_Spain_267,principle_LAWFULNESS_FAIRNESS_TRANSPARENCY,VIOLATED,violated
decision_Spain_267,principle_INFORMATION_OBLIGATIONS,VIOLATED,rights
decision_Spain_268,principle_SECURITY,VIOLATED,violated
decision_Spain_268,principle_ACCOUNTABILITY,VIOLATED,violated
decision_Spain_272,principle_LAWFULNESS_FAIRNESS_TRANSPARENCY,VIOLATED,violated
decision_Spain_272,principle_INFORMATION_OBLIGATIONS,VIOLATED,rights
decision_Spain_273,principle_LAWFULNESS_FAIRNESS_TRANSPARENCY,VIOLATED,violated
decision_Spain_273,principle_SECURITY,VIOLATED,violated
decision_Spain_273,principle_INFORMATION_OBLIGATIONS,VIOLATED,rights
decision_Spain_275,principle_ACCOUNTABILITY,VIOLATED,violated
decision_Spain_275,principle_NONE_VIOLATED,VIOLATED,rights
decision_Spain_276,principle_LAWFULNESS_FAIRNESS_TRANSPARENCY,VIOLATED,violated
decision_Spain_276,principle_ERASURE,VIOLATED,rights
decision_Spain_279,principle_SECURITY,VIOLATED,violated
decision_Spain_282,principle_SECURITY,VIOLATED,violated
decision_Spain_277,principle_PURPOSE_LIMITATION,VIOLATED,violated
decision_Spain_277,principle_DATA_MINIMISATION,VIOLATED,violated
decision_Spain_277,principle_SECURITY,VIOLATED,violated
decision_Spain_277,principle_ACCOUNTABILITY,VIOLATED,violated
decision_Spain_288,principle_LAWFULNESS_FAIRNESS_TRANSPARENCY,VIOLATED,violated
decision_Spain_288,principle_INFORMATION_OBLIGATIONS,VIOLATED,rights
decision_Spain_289,principle_LAWFULNESS_FAIRNESS_TRANSPARENCY,VIOLATED,violated
decision_Spain_289,principle_INFORMATION_OBLIGATIONS,VIOLATED,rights
decision_Spain_283,principle_LAWFULNESS_FAIRNESS_TRANSPARENCY,VIOLATED,violated
decision_Spain_283,principle_SECURITY,VIOLATED,violated
decision_Spain_283,principle_ACCOUNTABILITY,VIOLATED,violated
decision_Spain_283,principle_OBJECTION,VIOLATED,rights
decision_Spain_283,principle_INFORMATION_OBLIGATIONS,VIOLATED,rights
decision_Spain_287,principle_SECURITY,VIOLATED,violated
decision_Spain_287,principle_INFORMATION_OBLIGATIONS,VIOLATED,rights
decision_Spain_296,principle_LAWFULNESS_FAIRNESS_TRANSPARENCY,VIOLATED,violated
decision_Spain_296,principle_INFORMATION_OBLIGATIONS,VIOLATED,rights
decision_Spain_290,principle_LAWFULNESS_FAIRNESS_TRANSPARENCY,VIOLATED,violated
decision_Spain_290,principle_NOT_DETERMINED,VIOLATED,rights
decision_Spain_297,principle_PURPOSE_LIMITATION,VIOLATED,violated
decision_Spain_297,principle_STORAGE_LIMITATION,VIOLATED,violated
decision_Spain_297,principle_NONE_VIOLATED,VIOLATED,rights
decision_Spain_291,principle_DATA_MINIMISATION,VIOLATED,violated
decision_Spain_291,principle_INFORMATION_OBLIGATIONS,VIOLATED,rights
decision_Spain_292,principle_LAWFULNESS_FAIRNESS_TRANSPARENCY,VIOLATED,violated
decision_Spain_292,principle_INFORMATION_OBLIGATIONS,VIOLATED,rights
decision_Spain_294,principle_LAWFULNESS_FAIRNESS_TRANSPARENCY,VIOLATED,violated
decision_Spain_294,principle_INFORMATION_OBLIGATIONS,VIOLATED,rights
decision_Spain_293,principle_LAWFULNESS_FAIRNESS_TRANSPARENCY,VIOLATED,violated
decision_Spain_293,principle_PURPOSE_LIMITATION,VIOLATED,violated
decision_Spain_293,principle_INFORMATION_OBLIGATIONS,VIOLATED,rights
decision_Spain_298,principle_NONE_VIOLATED,VIOLATED,violated
decision_Spain_298,principle_NONE_VIOLATED,VIOLATED,rights
decision_Spain_300,principle_LAWFULNESS_FAIRNESS_TRANSPARENCY,VIOLATED,violated
decision_Spain_300,principle_NOT_DETERMINED,VIOLATED,rights
decision_Spain_299,principle_LAWFULNESS_FAIRNESS_TRANSPARENCY,VIOLATED,violated
decision_Spain_299,principle_INFORMATION_OBLIGATIONS,VIOLATED,rights
decision_Spain_303,principle_LAWFULNESS_FAIRNESS_TRANSPARENCY,VIOLATED,violated
decision_Spain_303,principle_ERASURE,VIOLATED,rights
decision_Spain_302,principle_DATA_MINIMISATION,VIOLATED,violated
decision_Spain_304,principle_SECURITY,VIOLATED,violated
decision_Spain_304,principle_NOT_DETERMINED,VIOLATED,rights
decision_Spain_305,principle_NONE_VIOLATED,VIOLATED,violated
decision_Spain_305,principle_NONE_VIOLATED,VIOLATED,rights
decision_Spain_309,principle_PURPOSE_LIMITATION,VIOLATED,violated
decision_Spain_309,principle_SECURITY,VIOLATED,violated
decision_Spain_309,principle_ACCOUNTABILITY,VIOLATED,violated
decision_Spain_309,principle_NONE_VIOLATED,VIOLATED,rights
decision_Spain_306,principle_NONE_VIOLATED,VIOLATED,violated
decision_Spain_306,principle_NONE_VIOLATED,VIOLATED,rights
decision_Spain_312,principle_NONE_VIOLATED,VIOLATED,violated
decision_Spain_312,principle_NONE_VIOLATED,VIOLATED,rights
decision_Spain_307,principle_LAWFULNESS_FAIRNESS_TRANSPARENCY,VIOLATED,violated
decision_Spain_307,principle_INFORMATION_OBLIGATIONS,VIOLATED,rights
decision_Spain_313,principle_NONE_VIOLATED,VIOLATED,violated
decision_Spain_313,principle_NONE_VIOLATED,VIOLATED,rights
decision_Spain_314,principle_SECURITY,VIOLATED,violated
decision_Spain_314,principle_INFORMATION_OBLIGATIONS,VIOLATED,rights
decision_Spain_315,principle_LAWFULNESS_FAIRNESS_TRANSPARENCY,VIOLATED,violated
decision_Spain_315,principle_INFORMATION_OBLIGATIONS,VIOLATED,rights
decision_Spain_320,principle_LAWFULNESS_FAIRNESS_TRANSPARENCY,VIOLATED,violated
decision_Spain_320,principle_NONE_VIOLATED,VIOLATED,rights
decision_Spain_318,principle_SECURITY,VIOLATED,violated
decision_Spain_318,principle_NONE_VIOLATED,VIOLATED,rights
decision_Spain_317,principle_LAWFULNESS_FAIRNESS_TRANSPARENCY,VIOLATED,violated
decision_Spain_317,principle_PURPOSE_LIMITATION,VIOLATED,violated
decision_Spain_317,principle_INFORMATION_OBLIGATIONS,VIOLATED,rights
decision_Spain_319,principle_LAWFULNESS_FAIRNESS_TRANSPARENCY,VIOLATED,violated
decision_Spain_319,principle_INFORMATION_OBLIGATIONS,VIOLATED,rights
decision_Spain_321,principle_LAWFULNESS_FAIRNESS_TRANSPARENCY,VIOLATED,violated
decision_Spain_321,principle_INFORMATION_OBLIGATIONS,VIOLATED,rights
decision_Spain_323,principle_LAWFULNESS_FAIRNESS_TRANSPARENCY,VIOLATED,violated
decision_Spain_323,principle_INFORMATION_OBLIGATIONS,VIOLATED,rights
decision_Spain_325,principle_LAWFULNESS_FAIRNESS_TRANSPARENCY,VIOLATED,violated
decision_Spain_325,principle_INFORMATION_OBLIGATIONS,VIOLATED,rights
decision_Spain_324,principle_LAWFULNESS_FAIRNESS_TRANSPARENCY,VIOLATED,violated
decision_Spain_324,principle_SECURITY,VIOLATED,violated
decision_Spain_324,principle_ERASURE,VIOLATED,rights
decision_Spain_326,principle_LAWFULNESS_FAIRNESS_TRANSPARENCY,VIOLATED,violated
decision_Spain_326,principle_PURPOSE_LIMITATION,VIOLATED,violated
decision_Spain_326,principle_DATA_MINIMISATION,VIOLATED,violated
decision_Spain_326,principle_SECURITY,VIOLATED,violated
decision_Spain_326,principle_ACCOUNTABILITY,VIOLATED,violated
decision_Spain_326,principle_INFORMATION_OBLIGATIONS,VIOLATED,rights
decision_Spain_328,principle_LAWFULNESS_FAIRNESS_TRANSPARENCY,VIOLATED,violated
decision_Spain_328,principle_INFORMATION_OBLIGATIONS,VIOLATED,rights
decision_Spain_332,principle_SECURITY,VIOLATED,violated
decision_Spain_331,principle_NONE_VIOLATED,VIOLATED,violated
decision_Spain_331,principle_NONE_VIOLATED,VIOLATED,rights
decision_Spain_335,principle_LAWFULNESS_FAIRNESS_TRANSPARENCY,VIOLATED,violated
decision_Spain_335,principle_SECURITY,VIOLATED,violated
decision_Spain_335,principle_INFORMATION_OBLIGATIONS,VIOLATED,rights
decision_Spain_336,principle_LAWFULNESS_FAIRNESS_TRANSPARENCY,VIOLATED,violated
decision_Spain_336,principle_NONE_VIOLATED,VIOLATED,rights
decision_Spain_340,principle_ACCURACY,VIOLATED,violated
decision_Spain_337,principle_LAWFULNESS_FAIRNESS_TRANSPARENCY,VIOLATED,violated
decision_Spain_337,principle_INFORMATION_OBLIGATIONS,VIOLATED,rights
decision_Spain_342,principle_LAWFULNESS_FAIRNESS_TRANSPARENCY,VIOLATED,violated
decision_Spain_342,principle_PURPOSE_LIMITATION,VIOLATED,violated
decision_Spain_342,principle_INFORMATION_OBLIGATIONS,VIOLATED,rights
decision_Spain_343,principle_LAWFULNESS_FAIRNESS_TRANSPARENCY,VIOLATED,violated
decision_Spain_343,principle_INFORMATION_OBLIGATIONS,VIOLATED,rights
decision_Spain_344,principle_SECURITY,VIOLATED,violated
decision_Spain_344,principle_NOT_DETERMINED,VIOLATED,rights
decision_Spain_349,principle_SECURITY,VIOLATED,violated
decision_Spain_350,principle_NONE_VIOLATED,VIOLATED,violated
decision_Spain_350,principle_NONE_VIOLATED,VIOLATED,rights
decision_Spain_348,principle_ACCOUNTABILITY,VIOLATED,violated
decision_Spain_348,principle_INFORMATION_OBLIGATIONS,VIOLATED,rights
decision_Spain_351,principle_STORAGE_LIMITATION,VIOLATED,violated
decision_Spain_351,principle_SECURITY,VIOLATED,violated
decision_Spain_351,principle_ACCOUNTABILITY,VIOLATED,violated
decision_Spain_351,principle_ERASURE,VIOLATED,rights
decision_Spain_351,principle_INFORMATION_OBLIGATIONS,VIOLATED,rights
decision_Spain_352,principle_LAWFULNESS_FAIRNESS_TRANSPARENCY,VIOLATED,violated
decision_Spain_352,principle_ERASURE,VIOLATED,rights
decision_Spain_353,principle_LAWFULNESS_FAIRNESS_TRANSPARENCY,VIOLATED,violated
decision_Spain_353,principle_INFORMATION_OBLIGATIONS,VIOLATED,rights
decision_Spain_354,principle_ACCURACY,VIOLATED,violated
decision_Spain_354,principle_RECTIFICATION,VIOLATED,rights
decision_Spain_356,principle_LAWFULNESS_FAIRNESS_TRANSPARENCY,VIOLATED,violated
decision_Spain_356,principle_INFORMATION_OBLIGATIONS,VIOLATED,rights
decision_Spain_360,principle_NONE_VIOLATED,VIOLATED,violated
decision_Spain_360,principle_NONE_VIOLATED,VIOLATED,rights
decision_Spain_359,principle_SECURITY,VIOLATED,violated
decision_Spain_362,principle_LAWFULNESS_FAIRNESS_TRANSPARENCY,VIOLATED,violated
decision_Spain_362,principle_INFORMATION_OBLIGATIONS,VIOLATED,rights
decision_Spain_361,principle_LAWFULNESS_FAIRNESS_TRANSPARENCY,VIOLATED,violated
decision_Spain_361,principle_NOT_DETERMINED,VIOLATED,rights
decision_Spain_364,principle_SECURITY,VIOLATED,violated
decision_Spain_364,principle_ACCOUNTABILITY,VIOLATED,violated
decision_Spain_364,principle_INFORMATION_OBLIGATIONS,VIOLATED,rights
decision_Spain_367,principle_SECURITY,VIOLATED,violated
decision_Spain_367,principle_INFORMATION_OBLIGATIONS,VIOLATED,rights
decision_Spain_366,principle_SECURITY,VIOLATED,violated
decision_Spain_366,principle_INFORMATION_OBLIGATIONS,VIOLATED,rights
decision_Spain_370,principle_NONE_VIOLATED,VIOLATED,violated
decision_Spain_370,principle_ERASURE,VIOLATED,rights
decision_Spain_369,principle_SECURITY,VIOLATED,violated
decision_Spain_371,principle_LAWFULNESS_FAIRNESS_TRANSPARENCY,VIOLATED,violated
decision_Spain_371,principle_NOT_DETERMINED,VIOLATED,rights
decision_Spain_372,principle_SECURITY,VIOLATED,violated
decision_Spain_372,principle_INFORMATION_OBLIGATIONS,VIOLATED,rights
decision_Spain_373,principle_DATA_MINIMISATION,VIOLATED,violated
decision_Spain_375,principle_DATA_MINIMISATION,VIOLATED,violated
decision_Spain_374,principle_DATA_MINIMISATION,VIOLATED,violated
decision_Spain_374,principle_INFORMATION_OBLIGATIONS,VIOLATED,rights
decision_Spain_376,principle_LAWFULNESS_FAIRNESS_TRANSPARENCY,VIOLATED,violated
decision_Spain_376,principle_NONE_VIOLATED,VIOLATED,rights
decision_Spain_378,principle_PURPOSE_LIMITATION,VIOLATED,violated
decision_Spain_378,principle_DATA_MINIMISATION,VIOLATED,violated
decision_Spain_378,principle_INFORMATION_OBLIGATIONS,VIOLATED,rights
decision_Spain_377,principle_LAWFULNESS_FAIRNESS_TRANSPARENCY,VIOLATED,violated
decision_Spain_377,principle_INFORMATION_OBLIGATIONS,VIOLATED,rights
decision_Spain_379,principle_NOT_DETERMINED,VIOLATED,violated
decision_Spain_379,principle_NOT_DETERMINED,VIOLATED,rights
decision_Spain_381,principle_SECURITY,VIOLATED,violated
decision_Spain_380,principle_LAWFULNESS_FAIRNESS_TRANSPARENCY,VIOLATED,violated
decision_Spain_380,principle_NOT_DETERMINED,VIOLATED,rights
decision_Spain_382,principle_LAWFULNESS_FAIRNESS_TRANSPARENCY,VIOLATED,violated
decision_Spain_382,principle_SECURITY,VIOLATED,violated
decision_Spain_382,principle_NONE_VIOLATED,VIOLATED,rights
decision_Spain_383,principle_LAWFULNESS_FAIRNESS_TRANSPARENCY,VIOLATED,violated
decision_Spain_383,principle_INFORMATION_OBLIGATIONS,VIOLATED,rights
decision_Spain_384,principle_LAWFULNESS_FAIRNESS_TRANSPARENCY,VIOLATED,violated
decision_Spain_384,principle_INFORMATION_OBLIGATIONS,VIOLATED,rights
decision_Spain_387,principle_LAWFULNESS_FAIRNESS_TRANSPARENCY,VIOLATED,violated
decision_Spain_387,principle_PURPOSE_LIMITATION,VIOLATED,violated
decision_Spain_387,principle_OBJECTION,VIOLATED,rights
decision_Spain_389,principle_SECURITY,VIOLATED,violated
decision_Spain_388,principle_LAWFULNESS_FAIRNESS_TRANSPARENCY,VIOLATED,violated
decision_Spain_388,principle_INFORMATION_OBLIGATIONS,VIOLATED,rights
decision_Spain_391,principle_DATA_MINIMISATION,VIOLATED,violated
decision_Spain_390,principle_LAWFULNESS_FAIRNESS_TRANSPARENCY,VIOLATED,violated
decision_Spain_390,principle_INFORMATION_OBLIGATIONS,VIOLATED,rights
decision_Spain_392,principle_ACCURACY,VIOLATED,violated
decision_Spain_392,principle_ERASURE,VIOLATED,rights
decision_Spain_393,principle_ACCURACY,VIOLATED,violated
decision_Spain_393,principle_ERASURE,VIOLATED,rights
decision_Spain_394,principle_LAWFULNESS_FAIRNESS_TRANSPARENCY,VIOLATED,violated
decision_Spain_394,principle_INFORMATION_OBLIGATIONS,VIOLATED,rights
decision_Spain_396,principle_DATA_MINIMISATION,VIOLATED,violated
decision_Spain_396,principle_INFORMATION_OBLIGATIONS,VIOLATED,rights
decision_Spain_397,principle_LAWFULNESS_FAIRNESS_TRANSPARENCY,VIOLATED,violated
decision_Spain_397,principle_NONE_VIOLATED,VIOLATED,rights
decision_Spain_398,principle_LAWFULNESS_FAIRNESS_TRANSPARENCY,VIOLATED,violated
decision_Spain_398,principle_NONE_VIOLATED,VIOLATED,rights
decision_Spain_406,principle_ACCESS,VIOLATED,rights
decision_Spain_406,principle_RECTIFICATION,VIOLATED,rights
decision_Spain_406,principle_ERASURE,VIOLATED,rights
decision_Spain_406,principle_OBJECTION,VIOLATED,rights
decision_Spain_406,principle_INFORMATION_OBLIGATIONS,VIOLATED,rights
decision_Spain_401,principle_LAWFULNESS_FAIRNESS_TRANSPARENCY,VIOLATED,violated
decision_Spain_401,principle_PURPOSE_LIMITATION,VIOLATED,violated
decision_Spain_401,principle_DATA_MINIMISATION,VIOLATED,violated
decision_Spain_401,principle_SECURITY,VIOLATED,violated
decision_Spain_401,principle_ACCOUNTABILITY,VIOLATED,violated
decision_Spain_401,principle_INFORMATION_OBLIGATIONS,VIOLATED,rights
decision_Spain_402,principle_LAWFULNESS_FAIRNESS_TRANSPARENCY,VIOLATED,violated
decision_Spain_402,principle_INFORMATION_OBLIGATIONS,VIOLATED,rights
decision_Spain_399,principle_PURPOSE_LIMITATION,VIOLATED,violated
decision_Spain_399,principle_DATA_MINIMISATION,VIOLATED,violated
decision_Spain_399,principle_SECURITY,VIOLATED,violated
decision_Spain_399,principle_ACCOUNTABILITY,VIOLATED,violated
decision_Spain_405,principle_SECURITY,VIOLATED,violated
decision_Spain_405,principle_ACCOUNTABILITY,VIOLATED,violated
decision_Spain_405,principle_ACCESS,VIOLATED,rights
decision_Spain_405,principle_ERASURE,VIOLATED,rights
decision_Spain_404,principle_LAWFULNESS_FAIRNESS_TRANSPARENCY,VIOLATED,violated
decision_Spain_404,principle_SECURITY,VIOLATED,violated
decision_Spain_404,principle_ACCOUNTABILITY,VIOLATED,violated
decision_Spain_404,principle_INFORMATION_OBLIGATIONS,VIOLATED,rights
decision_Spain_408,principle_LAWFULNESS_FAIRNESS_TRANSPARENCY,VIOLATED,violated
decision_Spain_408,principle_INFORMATION_OBLIGATIONS,VIOLATED,rights
decision_Spain_410,principle_SECURITY,VIOLATED,violated
decision_Spain_411,principle_LAWFULNESS_FAIRNESS_TRANSPARENCY,VIOLATED,violated
decision_Spain_411,principle_PURPOSE_LIMITATION,VIOLATED,violated
decision_Spain_411,principle_INFORMATION_OBLIGATIONS,VIOLATED,rights
decision_Spain_417,principle_SECURITY,VIOLATED,violated
decision_Spain_412,principle_PURPOSE_LIMITATION,VIOLATED,violated
decision_Spain_412,principle_INFORMATION_OBLIGATIONS,VIOLATED,rights
decision_Spain_415,principle_ACCOUNTABILITY,VIOLATED,violated
decision_Spain_418,principle_NONE_VIOLATED,VIOLATED,violated
decision_Spain_418,principle_NONE_VIOLATED,VIOLATED,rights
decision_Spain_420,principle_LAWFULNESS_FAIRNESS_TRANSPARENCY,VIOLATED,violated
decision_Spain_420,principle_OBJECTION,VIOLATED,rights
decision_Spain_422,principle_LAWFULNESS_FAIRNESS_TRANSPARENCY,VIOLATED,violated
decision_Spain_422,principle_INFORMATION_OBLIGATIONS,VIOLATED,rights
decision_Spain_424,principle_LAWFULNESS_FAIRNESS_TRANSPARENCY,VIOLATED,violated
decision_Spain_424,principle_INFORMATION_OBLIGATIONS,VIOLATED,rights
decision_Spain_426,principle_SECURITY,VIOLATED,violated
decision_Spain_426,principle_ACCOUNTABILITY,VIOLATED,violated
decision_Spain_426,principle_ACCESS,VIOLATED,rights
decision_Spain_425,principle_LAWFULNESS_FAIRNESS_TRANSPARENCY,VIOLATED,violated
decision_Spain_425,principle_INFORMATION_OBLIGATIONS,VIOLATED,rights
decision_Spain_428,principle_LAWFULNESS_FAIRNESS_TRANSPARENCY,VIOLATED,violated
decision_Spain_428,principle_INFORMATION_OBLIGATIONS,VIOLATED,rights
decision_Spain_429,principle_SECURITY,VIOLATED,violated
decision_Spain_430,principle_SECURITY,VIOLATED,violated
decision_Spain_430,principle_INFORMATION_OBLIGATIONS,VIOLATED,rights
decision_Spain_431,principle_DATA_MINIMISATION,VIOLATED,violated
decision_Spain_431,principle_INFORMATION_OBLIGATIONS,VIOLATED,rights
decision_Spain_432,principle_DATA_MINIMISATION,VIOLATED,violated
decision_Spain_432,principle_INFORMATION_OBLIGATIONS,VIOLATED,rights
decision_Spain_433,principle_NONE_VIOLATED,VIOLATED,violated
decision_Spain_433,principle_ERASURE,VIOLATED,rights
decision_Spain_436,principle_SECURITY,VIOLATED,violated
decision_Spain_434,principle_SECURITY,VIOLATED,violated
decision_Spain_434,principle_NOT_DETERMINED,VIOLATED,rights
decision_Spain_438,principle_LAWFULNESS_FAIRNESS_TRANSPARENCY,VIOLATED,violated
decision_Spain_438,principle_ERASURE,VIOLATED,rights
decision_Spain_440,principle_LAWFULNESS_FAIRNESS_TRANSPARENCY,VIOLATED,violated
decision_Spain_440,principle_SECURITY,VIOLATED,violated
decision_Spain_440,principle_INFORMATION_OBLIGATIONS,VIOLATED,rights
decision_Spain_437,principle_NONE_VIOLATED,VIOLATED,violated
decision_Spain_437,principle_NONE_VIOLATED,VIOLATED,rights
decision_Spain_441,principle_SECURITY,VIOLATED,violated
decision_Spain_441,principle_INFORMATION_OBLIGATIONS,VIOLATED,rights
decision_Spain_439,principle_LAWFULNESS_FAIRNESS_TRANSPARENCY,VIOLATED,violated
decision_Spain_443,principle_LAWFULNESS_FAIRNESS_TRANSPARENCY,VIOLATED,violated
decision_Spain_443,principle_ACCOUNTABILITY,VIOLATED,violated
decision_Spain_443,principle_INFORMATION_OBLIGATIONS,VIOLATED,rights
decision_Spain_442,principle_SECURITY,VIOLATED,violated
decision_Spain_442,principle_ACCOUNTABILITY,VIOLATED,violated
decision_Spain_446,principle_NONE_VIOLATED,VIOLATED,violated
decision_Spain_446,principle_NONE_VIOLATED,VIOLATED,rights
decision_Spain_444,principle_SECURITY,VIOLATED,violated
decision_Spain_444,principle_INFORMATION_OBLIGATIONS,VIOLATED,rights
decision_Spain_445,principle_LAWFULNESS_FAIRNESS_TRANSPARENCY,VIOLATED,violated
decision_Spain_445,principle_INFORMATION_OBLIGATIONS,VIOLATED,rights
decision_Spain_449,principle_NONE_VIOLATED,VIOLATED,violated
decision_Spain_449,principle_NONE_VIOLATED,VIOLATED,rights
decision_Spain_452,principle_DATA_MINIMISATION,VIOLATED,violated
decision_Spain_452,principle_INFORMATION_OBLIGATIONS,VIOLATED,rights
decision_Spain_453,principle_LAWFULNESS_FAIRNESS_TRANSPARENCY,VIOLATED,violated
decision_Spain_453,principle_INFORMATION_OBLIGATIONS,VIOLATED,rights
decision_Spain_455,principle_DATA_MINIMISATION,VIOLATED,violated
decision_Spain_455,principle_NOT_DETERMINED,VIOLATED,rights
decision_Spain_457,principle_LAWFULNESS_FAIRNESS_TRANSPARENCY,VIOLATED,violated
decision_Spain_457,principle_INFORMATION_OBLIGATIONS,VIOLATED,rights
decision_Spain_459,principle_LAWFULNESS_FAIRNESS_TRANSPARENCY,VIOLATED,violated
decision_Spain_459,principle_INFORMATION_OBLIGATIONS,VIOLATED,rights
decision_Spain_461,principle_SECURITY,VIOLATED,violated
decision_Spain_461,principle_INFORMATION_OBLIGATIONS,VIOLATED,rights
decision_Spain_466,principle_ACCOUNTABILITY,VIOLATED,violated
decision_Spain_466,principle_NONE_VIOLATED,VIOLATED,rights
decision_Spain_467,principle_NONE_VIOLATED,VIOLATED,violated
decision_Spain_467,principle_NONE_VIOLATED,VIOLATED,rights
decision_Spain_463,principle_NONE_VIOLATED,VIOLATED,violated
decision_Spain_463,principle_NONE_VIOLATED,VIOLATED,rights
decision_Spain_462,principle_LAWFULNESS_FAIRNESS_TRANSPARENCY,VIOLATED,violated
decision_Spain_462,principle_SECURITY,VIOLATED,violated
decision_Spain_462,principle_ACCOUNTABILITY,VIOLATED,violated
decision_Spain_462,principle_ERASURE,VIOLATED,rights
decision_Spain_464,principle_SECURITY,VIOLATED,violated
decision_Spain_469,principle_DATA_MINIMISATION,VIOLATED,violated
decision_Spain_469,principle_NOT_DETERMINED,VIOLATED,rights
decision_Spain_471,principle_NONE_VIOLATED,VIOLATED,violated
decision_Spain_471,principle_NOT_DETERMINED,VIOLATED,rights
decision_Spain_470,principle_LAWFULNESS_FAIRNESS_TRANSPARENCY,VIOLATED,violated
decision_Spain_470,principle_INFORMATION_OBLIGATIONS,VIOLATED,rights
decision_Spain_468,principle_ACCOUNTABILITY,VIOLATED,violated
decision_Spain_479,principle_LAWFULNESS_FAIRNESS_TRANSPARENCY,VIOLATED,violated
decision_Spain_479,principle_NONE_VIOLATED,VIOLATED,rights
decision_Spain_472,principle_LAWFULNESS_FAIRNESS_TRANSPARENCY,VIOLATED,violated
decision_Spain_472,principle_INFORMATION_OBLIGATIONS,VIOLATED,rights
decision_Spain_473,principle_LAWFULNESS_FAIRNESS_TRANSPARENCY,VIOLATED,violated
decision_Spain_473,principle_INFORMATION_OBLIGATIONS,VIOLATED,rights
decision_Spain_476,principle_NONE_VIOLATED,VIOLATED,violated
decision_Spain_476,principle_NONE_VIOLATED,VIOLATED,rights
decision_Spain_474,principle_SECURITY,VIOLATED,violated
decision_Spain_478,principle_NONE_VIOLATED,VIOLATED,violated
decision_Spain_478,principle_OBJECTION,VIOLATED,rights
decision_Spain_482,principle_NONE_VIOLATED,VIOLATED,violated
decision_Spain_482,principle_ACCESS,VIOLATED,rights
decision_Spain_481,principle_LAWFULNESS_FAIRNESS_TRANSPARENCY,VIOLATED,violated
decision_Spain_481,principle_INFORMATION_OBLIGATIONS,VIOLATED,rights
decision_Spain_485,principle_LAWFULNESS_FAIRNESS_TRANSPARENCY,VIOLATED,violated
decision_Spain_485,principle_INFORMATION_OBLIGATIONS,VIOLATED,rights
decision_Spain_486,principle_SECURITY,VIOLATED,violated
decision_Spain_486,principle_NONE_VIOLATED,VIOLATED,rights
decision_Spain_490,principle_NONE_VIOLATED,VIOLATED,violated
decision_Spain_490,principle_OBJECTION,VIOLATED,rights
decision_Spain_492,principle_DATA_MINIMISATION,VIOLATED,violated
decision_Spain_492,principle_INFORMATION_OBLIGATIONS,VIOLATED,rights
decision_Spain_491,principle_LAWFULNESS_FAIRNESS_TRANSPARENCY,VIOLATED,violated
decision_Spain_491,principle_PURPOSE_LIMITATION,VIOLATED,violated
decision_Spain_491,principle_INFORMATION_OBLIGATIONS,VIOLATED,rights
decision_Spain_493,principle_SECURITY,VIOLATED,violated
decision_Spain_493,principle_ACCOUNTABILITY,VIOLATED,violated
decision_Spain_493,principle_ERASURE,VIOLATED,rights
decision_Spain_493,principle_INFORMATION_OBLIGATIONS,VIOLATED,rights
decision_Spain_494,principle_LAWFULNESS_FAIRNESS_TRANSPARENCY,VIOLATED,violated
decision_Spain_494,principle_ERASURE,VIOLATED,rights
decision_Spain_496,principle_LAWFULNESS_FAIRNESS_TRANSPARENCY,VIOLATED,violated
decision_Spain_496,principle_PURPOSE_LIMITATION,VIOLATED,violated
decision_Spain_496,principle_SECURITY,VIOLATED,violated
decision_Spain_496,principle_INFORMATION_OBLIGATIONS,VIOLATED,rights
decision_Spain_495,principle_SECURITY,VIOLATED,violated
decision_Spain_497,principle_LAWFULNESS_FAIRNESS_TRANSPARENCY,VIOLATED,violated
decision_Spain_497,principle_INFORMATION_OBLIGATIONS,VIOLATED,rights
decision_Spain_498,principle_SECURITY,VIOLATED,violated
decision_Spain_499,principle_SECURITY,VIOLATED,violated
decision_Spain_501,principle_NONE_VIOLATED,VIOLATED,violated
decision_Spain_501,principle_NONE_VIOLATED,VIOLATED,rights
decision_Spain_500,principle_LAWFULNESS_FAIRNESS_TRANSPARENCY,VIOLATED,violated
decision_Spain_500,principle_INFORMATION_OBLIGATIONS,VIOLATED,rights
decision_Spain_503,principle_SECURITY,VIOLATED,violated
decision_Spain_503,principle_NONE_VIOLATED,VIOLATED,rights
decision_Spain_506,principle_SECURITY,VIOLATED,violated
decision_Spain_502,principle_PURPOSE_LIMITATION,VIOLATED,violated
decision_Spain_502,principle_SECURITY,VIOLATED,violated
decision_Spain_502,principle_ACCOUNTABILITY,VIOLATED,violated
decision_Spain_504,principle_SECURITY,VIOLATED,violated
decision_Spain_509,principle_LAWFULNESS_FAIRNESS_TRANSPARENCY,VIOLATED,violated
decision_Spain_509,principle_ERASURE,VIOLATED,rights
decision_Spain_507,principle_DATA_MINIMISATION,VIOLATED,violated
decision_Spain_507,principle_INFORMATION_OBLIGATIONS,VIOLATED,rights
decision_Spain_508,principle_DATA_MINIMISATION,VIOLATED,violated
decision_Spain_508,principle_INFORMATION_OBLIGATIONS,VIOLATED,rights
decision_Spain_515,principle_LAWFULNESS_FAIRNESS_TRANSPARENCY,VIOLATED,violated
decision_Spain_515,principle_INFORMATION_OBLIGATIONS,VIOLATED,rights
decision_Spain_516,principle_NONE_VIOLATED,VIOLATED,violated
decision_Spain_516,principle_NONE_VIOLATED,VIOLATED,rights
decision_Spain_522,principle_NONE_VIOLATED,VIOLATED,violated
decision_Spain_522,principle_NONE_VIOLATED,VIOLATED,rights
decision_Spain_518,principle_DATA_MINIMISATION,VIOLATED,violated
decision_Spain_518,principle_NONE_VIOLATED,VIOLATED,rights
decision_Spain_524,principle_NONE_VIOLATED,VIOLATED,violated
decision_Spain_524,principle_NONE_VIOLATED,VIOLATED,rights
decision_Spain_525,principle_NONE_VIOLATED,VIOLATED,violated
decision_Spain_525,principle_NONE_VIOLATED,VIOLATED,rights
decision_Spain_521,principle_LAWFULNESS_FAIRNESS_TRANSPARENCY,VIOLATED,violated
decision_Spain_521,principle_INFORMATION_OBLIGATIONS,VIOLATED,rights
decision_Spain_520,principle_ACCURACY,VIOLATED,violated
decision_Spain_520,principle_SECURITY,VIOLATED,violated
decision_Spain_526,principle_LAWFULNESS_FAIRNESS_TRANSPARENCY,VIOLATED,violated
decision_Spain_526,principle_INFORMATION_OBLIGATIONS,VIOLATED,rights
decision_Spain_527,principle_SECURITY,VIOLATED,violated
decision_Spain_527,principle_INFORMATION_OBLIGATIONS,VIOLATED,rights
decision_Spain_536,principle_NONE_VIOLATED,VIOLATED,violated
decision_Spain_536,principle_NONE_VIOLATED,VIOLATED,rights
decision_Spain_533,principle_LAWFULNESS_FAIRNESS_TRANSPARENCY,VIOLATED,violated
decision_Spain_533,principle_INFORMATION_OBLIGATIONS,VIOLATED,rights
decision_Spain_530,principle_LAWFULNESS_FAIRNESS_TRANSPARENCY,VIOLATED,violated
decision_Spain_530,principle_INFORMATION_OBLIGATIONS,VIOLATED,rights
decision_Spain_534,principle_NONE_VIOLATED,VIOLATED,violated
decision_Spain_534,principle_ACCESS,VIOLATED,rights
decision_Spain_535,principle_LAWFULNESS_FAIRNESS_TRANSPARENCY,VIOLATED,violated
decision_Spain_535,principle_NONE_VIOLATED,VIOLATED,rights
decision_Spain_539,principle_ACCOUNTABILITY,VIOLATED,violated
decision_Spain_539,principle_ACCESS,VIOLATED,rights
decision_Spain_542,principle_SECURITY,VIOLATED,violated
decision_Spain_542,principle_ACCOUNTABILITY,VIOLATED,violated
decision_Spain_542,principle_ERASURE,VIOLATED,rights
decision_Spain_544,principle_PURPOSE_LIMITATION,VIOLATED,violated
decision_Spain_544,principle_INFORMATION_OBLIGATIONS,VIOLATED,rights
decision_Spain_540,principle_INFORMATION_OBLIGATIONS,VIOLATED,rights
decision_Spain_547,principle_LAWFULNESS_FAIRNESS_TRANSPARENCY,VIOLATED,violated
decision_Spain_547,principle_INFORMATION_OBLIGATIONS,VIOLATED,rights
decision_Spain_549,principle_SECURITY,VIOLATED,violated
decision_Spain_552,principle_LAWFULNESS_FAIRNESS_TRANSPARENCY,VIOLATED,violated
decision_Spain_552,principle_ACCURACY,VIOLATED,violated
decision_Spain_552,principle_ACCESS,VIOLATED,rights
decision_Spain_558,principle_PURPOSE_LIMITATION,VIOLATED,violated
decision_Spain_558,principle_DATA_MINIMISATION,VIOLATED,violated
decision_Spain_558,principle_SECURITY,VIOLATED,violated
decision_Spain_558,principle_ACCOUNTABILITY,VIOLATED,violated
decision_Spain_553,principle_NONE_VIOLATED,VIOLATED,violated
decision_Spain_553,principle_INFORMATION_OBLIGATIONS,VIOLATED,rights
decision_Spain_555,principle_OBJECTION,VIOLATED,rights
decision_Spain_556,principle_LAWFULNESS_FAIRNESS_TRANSPARENCY,VIOLATED,violated
decision_Spain_556,principle_INFORMATION_OBLIGATIONS,VIOLATED,rights
decision_Spain_559,principle_DATA_MINIMISATION,VIOLATED,violated
decision_Spain_559,principle_INFORMATION_OBLIGATIONS,VIOLATED,rights
decision_Spain_557,principle_SECURITY,VIOLATED,violated
decision_Spain_563,principle_LAWFULNESS_FAIRNESS_TRANSPARENCY,VIOLATED,violated
decision_Spain_563,principle_ERASURE,VIOLATED,rights
decision_Spain_560,principle_PURPOSE_LIMITATION,VIOLATED,violated
decision_Spain_560,principle_SECURITY,VIOLATED,violated
decision_Spain_564,principle_LAWFULNESS_FAIRNESS_TRANSPARENCY,VIOLATED,violated
decision_Spain_564,principle_SECURITY,VIOLATED,violated
decision_Spain_564,principle_ACCOUNTABILITY,VIOLATED,violated
decision_Spain_564,principle_INFORMATION_OBLIGATIONS,VIOLATED,rights
decision_Spain_568,principle_LAWFULNESS_FAIRNESS_TRANSPARENCY,VIOLATED,violated
decision_Spain_568,principle_NONE_VIOLATED,VIOLATED,rights
decision_Spain_566,principle_DATA_MINIMISATION,VIOLATED,violated
decision_Spain_566,principle_INFORMATION_OBLIGATIONS,VIOLATED,rights
decision_Spain_575,principle_SECURITY,VIOLATED,violated
decision_Spain_575,principle_NONE_VIOLATED,VIOLATED,rights
decision_Spain_570,principle_LAWFULNESS_FAIRNESS_TRANSPARENCY,VIOLATED,violated
decision_Spain_570,principle_NONE_VIOLATED,VIOLATED,rights
decision_Spain_571,principle_SECURITY,VIOLATED,violated
decision_Spain_573,principle_SECURITY,VIOLATED,violated
decision_Spain_573,principle_ACCOUNTABILITY,VIOLATED,violated
decision_Spain_573,principle_INFORMATION_OBLIGATIONS,VIOLATED,rights
decision_Spain_574,principle_SECURITY,VIOLATED,violated
decision_Spain_578,principle_NOT_DETERMINED,VIOLATED,violated
decision_Spain_578,principle_NOT_DETERMINED,VIOLATED,rights
decision_Spain_581,principle_LAWFULNESS_FAIRNESS_TRANSPARENCY,VIOLATED,violated
decision_Spain_581,principle_INFORMATION_OBLIGATIONS,VIOLATED,rights
decision_Spain_582,principle_LAWFULNESS_FAIRNESS_TRANSPARENCY,VIOLATED,violated
decision_Spain_582,principle_INFORMATION_OBLIGATIONS,VIOLATED,rights
decision_Spain_580,principle_ACCOUNTABILITY,VIOLATED,violated
decision_Spain_583,principle_LAWFULNESS_FAIRNESS_TRANSPARENCY,VIOLATED,violated
decision_Spain_583,principle_INFORMATION_OBLIGATIONS,VIOLATED,rights
decision_Spain_584,principle_NONE_VIOLATED,VIOLATED,violated
decision_Spain_584,principle_NONE_VIOLATED,VIOLATED,rights
decision_Spain_590,principle_NONE_VIOLATED,VIOLATED,violated
decision_Spain_590,principle_NONE_VIOLATED,VIOLATED,rights
decision_Spain_585,principle_ACCOUNTABILITY,VIOLATED,violated
decision_Spain_587,principle_NONE_VIOLATED,VIOLATED,violated
decision_Spain_587,principle_NONE_VIOLATED,VIOLATED,rights
decision_Spain_592,principle_ACCOUNTABILITY,VIOLATED,violated
decision_Spain_592,principle_ACCESS,VIOLATED,rights
decision_Spain_593,principle_NONE_VIOLATED,VIOLATED,violated
decision_Spain_593,principle_NONE_VIOLATED,VIOLATED,rights
decision_Spain_595,principle_STORAGE_LIMITATION,VIOLATED,violated
decision_Spain_595,principle_ERASURE,VIOLATED,rights
decision_Spain_596,principle_NONE_VIOLATED,VIOLATED,violated
decision_Spain_596,principle_ACCESS,VIOLATED,rights
decision_Spain_596,principle_ERASURE,VIOLATED,rights
decision_Spain_597,principle_NONE_VIOLATED,VIOLATED,violated
decision_Spain_597,principle_ACCESS,VIOLATED,rights
decision_Spain_598,principle_NONE_VIOLATED,VIOLATED,violated
decision_Spain_598,principle_ERASURE,VIOLATED,rights
decision_Spain_599,principle_NOT_DETERMINED,VIOLATED,violated
decision_Spain_600,principle_SECURITY,VIOLATED,violated
decision_Spain_600,principle_ACCOUNTABILITY,VIOLATED,violated
decision_Spain_600,principle_ACCESS,VIOLATED,rights
decision_Spain_605,principle_NONE_VIOLATED,VIOLATED,violated
decision_Spain_605,principle_ACCESS,VIOLATED,rights
decision_Spain_603,principle_NONE_VIOLATED,VIOLATED,violated
decision_Spain_603,principle_ERASURE,VIOLATED,rights
decision_Spain_602,principle_NONE_VIOLATED,VIOLATED,violated
decision_Spain_602,principle_NONE_VIOLATED,VIOLATED,rights
decision_Spain_604,principle_NONE_VIOLATED,VIOLATED,violated
decision_Spain_604,principle_NONE_VIOLATED,VIOLATED,rights
decision_Spain_606,principle_SECURITY,VIOLATED,violated
decision_Spain_606,principle_ACCESS,VIOLATED,rights
decision_Spain_607,principle_SECURITY,VIOLATED,violated
decision_Spain_607,principle_ACCOUNTABILITY,VIOLATED,violated
decision_Spain_607,principle_ACCESS,VIOLATED,rights
decision_Spain_611,principle_ACCESS,VIOLATED,rights
decision_Spain_612,principle_NONE_VIOLATED,VIOLATED,violated
decision_Spain_612,principle_ACCESS,VIOLATED,rights
decision_Spain_615,principle_NOT_DETERMINED,VIOLATED,violated
decision_Spain_615,principle_NOT_DETERMINED,VIOLATED,rights
decision_Spain_614,principle_SECURITY,VIOLATED,violated
decision_Spain_614,principle_ACCESS,VIOLATED,rights
decision_Spain_616,principle_LAWFULNESS_FAIRNESS_TRANSPARENCY,VIOLATED,violated
decision_Spain_616,principle_INFORMATION_OBLIGATIONS,VIOLATED,rights
decision_Spain_617,principle_NONE_VIOLATED,VIOLATED,violated
decision_Spain_617,principle_NONE_VIOLATED,VIOLATED,rights
decision_Spain_619,principle_NONE_VIOLATED,VIOLATED,violated
decision_Spain_619,principle_NONE_VIOLATED,VIOLATED,rights
decision_Spain_621,principle_LAWFULNESS_FAIRNESS_TRANSPARENCY,VIOLATED,violated
decision_Spain_621,principle_INFORMATION_OBLIGATIONS,VIOLATED,rights
decision_Spain_620,principle_LAWFULNESS_FAIRNESS_TRANSPARENCY,VIOLATED,violated
decision_Spain_620,principle_SECURITY,VIOLATED,violated
decision_Spain_620,principle_INFORMATION_OBLIGATIONS,VIOLATED,rights
decision_Spain_624,principle_LAWFULNESS_FAIRNESS_TRANSPARENCY,VIOLATED,violated
decision_Spain_624,principle_SECURITY,VIOLATED,violated
decision_Spain_624,principle_ACCOUNTABILITY,VIOLATED,violated
decision_Spain_624,principle_INFORMATION_OBLIGATIONS,VIOLATED,rights
decision_Spain_630,principle_NONE_VIOLATED,VIOLATED,violated
decision_Spain_630,principle_NONE_VIOLATED,VIOLATED,rights
decision_Spain_625,principle_SECURITY,VIOLATED,violated
decision_Spain_618,principle_PURPOSE_LIMITATION,VIOLATED,violated
decision_Spain_618,principle_SECURITY,VIOLATED,violated
decision_Spain_618,principle_ACCOUNTABILITY,VIOLATED,violated
decision_Spain_618,principle_INFORMATION_OBLIGATIONS,VIOLATED,rights
decision_Slovenia_1,principle_PURPOSE_LIMITATION,VIOLATED,violated
decision_Slovenia_1,principle_DATA_MINIMISATION,VIOLATED,violated
decision_Slovenia_3,principle_DATA_MINIMISATION,VIOLATED,violated
decision_Slovenia_3,principle_SECURITY,VIOLATED,violated
decision_Slovenia_3,principle_NONE_VIOLATED,VIOLATED,rights
decision_Spain_627,principle_SECURITY,VIOLATED,violated
decision_Spain_626,principle_SECURITY,VIOLATED,violated
decision_Spain_626,principle_NONE_VIOLATED,VIOLATED,rights
decision_Spain_628,principle_LAWFULNESS_FAIRNESS_TRANSPARENCY,VIOLATED,violated
decision_Spain_628,principle_ACCESS,VIOLATED,rights
decision_Spain_629,principle_LAWFULNESS_FAIRNESS_TRANSPARENCY,VIOLATED,violated
decision_Spain_629,principle_INFORMATION_OBLIGATIONS,VIOLATED,rights
decision_Slovenia_5,principle_NOT_DETERMINED,VIOLATED,violated
decision_Slovenia_5,principle_NOT_DETERMINED,VIOLATED,rights
decision_Slovenia_8,principle_NOT_DETERMINED,VIOLATED,violated
decision_Slovenia_8,principle_NOT_DETERMINED,VIOLATED,rights
decision_Slovenia_7,principle_NONE_VIOLATED,VIOLATED,violated
decision_Slovenia_7,principle_NONE_VIOLATED,VIOLATED,rights
decision_Slovenia_12,principle_NONE_VIOLATED,VIOLATED,violated
decision_Slovenia_12,principle_NONE_VIOLATED,VIOLATED,rights
decision_Slovenia_14,principle_NONE_VIOLATED,VIOLATED,violated
decision_Slovenia_14,principle_NONE_VIOLATED,VIOLATED,rights
decision_Slovenia_18,principle_NONE_VIOLATED,VIOLATED,violated
decision_Slovenia_18,principle_NONE_VIOLATED,VIOLATED,rights
decision_Slovenia_16,principle_NOT_DETERMINED,VIOLATED,violated
decision_Slovenia_16,principle_NOT_DETERMINED,VIOLATED,rights
decision_Slovenia_15,principle_NONE_VIOLATED,VIOLATED,violated
decision_Slovenia_15,principle_NONE_VIOLATED,VIOLATED,rights
decision_Slovenia_17,principle_NONE_VIOLATED,VIOLATED,violated
decision_Slovenia_17,principle_NONE_VIOLATED,VIOLATED,rights
decision_Slovenia_21,principle_NOT_DETERMINED,VIOLATED,violated
decision_Slovenia_21,principle_NOT_DETERMINED,VIOLATED,rights
decision_Slovenia_20,principle_NOT_DETERMINED,VIOLATED,violated
decision_Slovenia_20,principle_NOT_DETERMINED,VIOLATED,rights
decision_Slovenia_24,principle_NOT_DETERMINED,VIOLATED,violated
decision_Slovenia_24,principle_NOT_DETERMINED,VIOLATED,rights
decision_Slovenia_25,principle_NOT_DETERMINED,VIOLATED,violated
decision_Slovenia_25,principle_NOT_DETERMINED,VIOLATED,rights
decision_Slovenia_34,principle_LAWFULNESS_FAIRNESS_TRANSPARENCY,VIOLATED,violated
decision_Slovenia_34,principle_PURPOSE_LIMITATION,VIOLATED,violated
decision_Slovenia_34,principle_DATA_MINIMISATION,VIOLATED,violated
decision_Slovenia_34,principle_NONE_VIOLATED,VIOLATED,rights
decision_Slovenia_28,principle_NOT_DETERMINED,VIOLATED,violated
decision_Slovenia_28,principle_NOT_DETERMINED,VIOLATED,rights
decision_Slovenia_29,principle_NOT_DETERMINED,VIOLATED,violated
decision_Slovenia_29,principle_NOT_DETERMINED,VIOLATED,rights
decision_Slovenia_30,principle_NONE_VIOLATED,VIOLATED,violated
decision_Slovenia_30,principle_NONE_VIOLATED,VIOLATED,rights
decision_Slovenia_31,principle_NOT_DETERMINED,VIOLATED,violated
decision_Slovenia_31,principle_NOT_DETERMINED,VIOLATED,rights
decision_Slovenia_33,principle_NOT_DETERMINED,VIOLATED,violated
decision_Slovenia_33,principle_NOT_DETERMINED,VIOLATED,rights
decision_Slovenia_35,principle_NOT_DETERMINED,VIOLATED,violated
decision_Slovenia_35,principle_NOT_DETERMINED,VIOLATED,rights
decision_Slovenia_37,principle_NOT_DETERMINED,VIOLATED,violated
decision_Slovenia_37,principle_NOT_DETERMINED,VIOLATED,rights
decision_Slovenia_38,principle_NOT_DETERMINED,VIOLATED,violated
decision_Slovenia_38,principle_NOT_DETERMINED,VIOLATED,rights
decision_Slovenia_41,principle_NONE_VIOLATED,VIOLATED,violated
decision_Slovenia_41,principle_NONE_VIOLATED,VIOLATED,rights
decision_Slovenia_42,principle_NONE_VIOLATED,VIOLATED,violated
decision_Slovenia_42,principle_NOT_DETERMINED,VIOLATED,rights
decision_Slovenia_43,principle_PURPOSE_LIMITATION,VIOLATED,violated
decision_Slovenia_43,principle_DATA_MINIMISATION,VIOLATED,violated
decision_Slovenia_43,principle_INFORMATION_OBLIGATIONS,VIOLATED,rights
decision_Slovenia_44,principle_NOT_DETERMINED,VIOLATED,violated
decision_Slovenia_44,principle_NOT_DETERMINED,VIOLATED,rights
decision_Slovenia_45,principle_NONE_VIOLATED,VIOLATED,violated
decision_Slovenia_45,principle_NONE_VIOLATED,VIOLATED,rights
decision_Slovenia_46,principle_NONE_VIOLATED,VIOLATED,violated
decision_Slovenia_46,principle_NONE_VIOLATED,VIOLATED,rights
decision_Slovenia_47,principle_NONE_VIOLATED,VIOLATED,violated
decision_Slovenia_47,principle_NONE_VIOLATED,VIOLATED,rights
decision_Slovenia_50,principle_LAWFULNESS_FAIRNESS_TRANSPARENCY,VIOLATED,violated
decision_Slovenia_50,principle_PURPOSE_LIMITATION,VIOLATED,violated
decision_Slovenia_50,principle_INFORMATION_OBLIGATIONS,VIOLATED,rights
decision_Slovenia_55,principle_INFORMATION_OBLIGATIONS,VIOLATED,rights
decision_Slovenia_54,principle_STORAGE_LIMITATION,VIOLATED,violated
decision_Slovenia_54,principle_SECURITY,VIOLATED,violated
decision_Slovenia_54,principle_ACCOUNTABILITY,VIOLATED,violated
decision_Slovenia_58,principle_PURPOSE_LIMITATION,VIOLATED,violated
decision_Slovenia_65,principle_DATA_MINIMISATION,VIOLATED,violated
decision_Slovenia_65,principle_INFORMATION_OBLIGATIONS,VIOLATED,rights
decision_Slovenia_64,principle_PURPOSE_LIMITATION,VIOLATED,violated
decision_Slovenia_64,principle_DATA_MINIMISATION,VIOLATED,violated
decision_Slovenia_64,principle_NONE_VIOLATED,VIOLATED,rights
decision_Slovenia_66,principle_PURPOSE_LIMITATION,VIOLATED,violated
decision_Slovenia_66,principle_DATA_MINIMISATION,VIOLATED,violated
decision_Slovenia_75,principle_NOT_DETERMINED,VIOLATED,violated
decision_Slovenia_75,principle_NOT_DETERMINED,VIOLATED,rights
decision_Slovakia_1,principle_NONE_VIOLATED,VIOLATED,violated
decision_Slovakia_1,principle_NONE_VIOLATED,VIOLATED,rights
decision_Romania_1,principle_LAWFULNESS_FAIRNESS_TRANSPARENCY,VIOLATED,violated
decision_Romania_1,principle_INFORMATION_OBLIGATIONS,VIOLATED,rights
decision_Romania_2,principle_INFORMATION_OBLIGATIONS,VIOLATED,rights
decision_Romania_11,principle_LAWFULNESS_FAIRNESS_TRANSPARENCY,VIOLATED,violated
decision_Romania_11,principle_INFORMATION_OBLIGATIONS,VIOLATED,rights
decision_Romania_10,principle_PURPOSE_LIMITATION,VIOLATED,violated
decision_Romania_10,principle_OBJECTION,VIOLATED,rights
decision_Romania_13,principle_SECURITY,VIOLATED,violated
decision_Romania_13,principle_ACCOUNTABILITY,VIOLATED,violated
decision_Romania_14,principle_ACCOUNTABILITY,VIOLATED,violated
decision_Romania_16,principle_PURPOSE_LIMITATION,VIOLATED,violated
decision_Romania_17,principle_SECURITY,VIOLATED,violated
decision_Romania_20,principle_INFORMATION_OBLIGATIONS,VIOLATED,rights
decision_Romania_19,principle_SECURITY,VIOLATED,violated
decision_Romania_18,principle_PURPOSE_LIMITATION,VIOLATED,violated
decision_Romania_18,principle_DATA_MINIMISATION,VIOLATED,violated
decision_Romania_18,principle_STORAGE_LIMITATION,VIOLATED,violated
decision_Romania_18,principle_ACCOUNTABILITY,VIOLATED,violated
decision_Romania_26,principle_ACCOUNTABILITY,VIOLATED,violated
decision_Romania_26,principle_INFORMATION_OBLIGATIONS,VIOLATED,rights
decision_Romania_25,principle_SECURITY,VIOLATED,violated
decision_Romania_28,principle_SECURITY,VIOLATED,violated
decision_Romania_28,principle_ACCESS,VIOLATED,rights
decision_Romania_28,principle_INFORMATION_OBLIGATIONS,VIOLATED,rights
decision_Romania_29,principle_SECURITY,VIOLATED,violated
decision_Romania_27,principle_NOT_DETERMINED,VIOLATED,rights
decision_Romania_30,principle_ACCOUNTABILITY,VIOLATED,violated
decision_Romania_30,principle_INFORMATION_OBLIGATIONS,VIOLATED,rights
decision_Romania_34,principle_PURPOSE_LIMITATION,VIOLATED,violated
decision_Romania_34,principle_DATA_MINIMISATION,VIOLATED,violated
decision_Romania_34,principle_SECURITY,VIOLATED,violated
decision_Romania_34,principle_ACCOUNTABILITY,VIOLATED,violated
decision_Romania_34,principle_NONE_VIOLATED,VIOLATED,rights
decision_Romania_36,principle_SECURITY,VIOLATED,violated
decision_Romania_32,principle_SECURITY,VIOLATED,violated
decision_Romania_31,principle_DATA_MINIMISATION,VIOLATED,violated
decision_Romania_31,principle_STORAGE_LIMITATION,VIOLATED,violated
decision_Romania_31,principle_ACCOUNTABILITY,VIOLATED,violated
decision_Romania_41,principle_PURPOSE_LIMITATION,VIOLATED,violated
decision_Romania_41,principle_DATA_MINIMISATION,VIOLATED,violated
decision_Romania_41,principle_SECURITY,VIOLATED,violated
decision_Romania_41,principle_ACCOUNTABILITY,VIOLATED,violated
decision_Romania_45,principle_NONE_VIOLATED,VIOLATED,violated
decision_Romania_45,principle_NONE_VIOLATED,VIOLATED,rights
decision_Romania_48,principle_SECURITY,VIOLATED,violated
decision_Romania_49,principle_SECURITY,VIOLATED,violated
decision_Romania_49,principle_NOT_DETERMINED,VIOLATED,rights
decision_Romania_47,principle_INFORMATION_OBLIGATIONS,VIOLATED,rights
decision_Romania_50,principle_LAWFULNESS_FAIRNESS_TRANSPARENCY,VIOLATED,violated
decision_Romania_50,principle_PURPOSE_LIMITATION,VIOLATED,violated
decision_Romania_50,principle_ACCOUNTABILITY,VIOLATED,violated
decision_Romania_50,principle_INFORMATION_OBLIGATIONS,VIOLATED,rights
decision_Romania_46,principle_SECURITY,VIOLATED,violated
decision_Romania_46,principle_ACCOUNTABILITY,VIOLATED,violated
decision_Romania_46,principle_INFORMATION_OBLIGATIONS,VIOLATED,rights
decision_Romania_52,principle_LAWFULNESS_FAIRNESS_TRANSPARENCY,VIOLATED,violated
decision_Romania_52,principle_INFORMATION_OBLIGATIONS,VIOLATED,rights
decision_Romania_51,principle_NOT_DETERMINED,VIOLATED,violated
decision_Romania_53,principle_SECURITY,VIOLATED,violated
decision_Romania_56,principle_PURPOSE_LIMITATION,VIOLATED,violated
decision_Romania_56,principle_DATA_MINIMISATION,VIOLATED,violated
decision_Romania_56,principle_STORAGE_LIMITATION,VIOLATED,violated
decision_Romania_56,principle_ACCOUNTABILITY,VIOLATED,violated
decision_Romania_58,principle_LAWFULNESS_FAIRNESS_TRANSPARENCY,VIOLATED,violated
decision_Romania_58,principle_ACCURACY,VIOLATED,violated
decision_Romania_58,principle_ACCOUNTABILITY,VIOLATED,violated
decision_Romania_58,principle_INFORMATION_OBLIGATIONS,VIOLATED,rights
decision_Romania_62,principle_INFORMATION_OBLIGATIONS,VIOLATED,rights
decision_Romania_67,principle_PURPOSE_LIMITATION,VIOLATED,violated
decision_Romania_67,principle_SECURITY,VIOLATED,violated
decision_Romania_67,principle_ACCOUNTABILITY,VIOLATED,violated
decision_Romania_67,principle_ERASURE,VIOLATED,rights
decision_Romania_67,principle_OBJECTION,VIOLATED,rights
decision_Romania_69,principle_SECURITY,VIOLATED,violated
decision_Romania_69,principle_ACCOUNTABILITY,VIOLATED,violated
decision_Romania_69,principle_RECTIFICATION,VIOLATED,rights
decision_Romania_69,principle_INFORMATION_OBLIGATIONS,VIOLATED,rights
decision_Romania_70,principle_PURPOSE_LIMITATION,VIOLATED,violated
decision_Romania_70,principle_DATA_MINIMISATION,VIOLATED,violated
decision_Romania_70,principle_SECURITY,VIOLATED,violated
decision_Romania_70,principle_ACCOUNTABILITY,VIOLATED,violated
decision_Romania_72,principle_SECURITY,VIOLATED,violated
decision_Romania_74,principle_LAWFULNESS_FAIRNESS_TRANSPARENCY,VIOLATED,violated
decision_Romania_74,principle_INFORMATION_OBLIGATIONS,VIOLATED,rights
decision_Romania_79,principle_PURPOSE_LIMITATION,VIOLATED,violated
decision_Romania_79,principle_OBJECTION,VIOLATED,rights
decision_Romania_76,principle_PURPOSE_LIMITATION,VIOLATED,violated
decision_Romania_76,principle_DATA_MINIMISATION,VIOLATED,violated
decision_Romania_76,principle_STORAGE_LIMITATION,VIOLATED,violated
decision_Romania_76,principle_ACCOUNTABILITY,VIOLATED,violated
decision_Romania_78,principle_SECURITY,VIOLATED,violated
decision_Romania_78,principle_ACCOUNTABILITY,VIOLATED,violated
decision_Romania_78,principle_OBJECTION,VIOLATED,rights
decision_Romania_78,principle_INFORMATION_OBLIGATIONS,VIOLATED,rights
decision_Romania_84,principle_NOT_DETERMINED,VIOLATED,violated
decision_Romania_84,principle_INFORMATION_OBLIGATIONS,VIOLATED,rights
decision_Romania_87,principle_SECURITY,VIOLATED,violated
decision_Romania_85,principle_INFORMATION_OBLIGATIONS,VIOLATED,rights
decision_Romania_91,principle_SECURITY,VIOLATED,violated
decision_Romania_91,principle_ACCOUNTABILITY,VIOLATED,violated
decision_Romania_94,principle_SECURITY,VIOLATED,violated
decision_Romania_100,principle_NONE_VIOLATED,VIOLATED,violated
decision_Romania_100,principle_NONE_VIOLATED,VIOLATED,rights
decision_Romania_102,principle_LAWFULNESS_FAIRNESS_TRANSPARENCY,VIOLATED,violated
decision_Romania_102,principle_PURPOSE_LIMITATION,VIOLATED,violated
decision_Romania_102,principle_ERASURE,VIOLATED,rights
decision_Romania_101,principle_SECURITY,VIOLATED,violated
decision_Romania_101,principle_ERASURE,VIOLATED,rights
decision_Romania_101,principle_OBJECTION,VIOLATED,rights
decision_Romania_101,principle_INFORMATION_OBLIGATIONS,VIOLATED,rights
decision_Romania_98,principle_PURPOSE_LIMITATION,VIOLATED,violated
decision_Romania_98,principle_DATA_MINIMISATION,VIOLATED,violated
decision_Romania_98,principle_SECURITY,VIOLATED,violated
decision_Romania_98,principle_ACCOUNTABILITY,VIOLATED,violated
decision_Romania_103,principle_LAWFULNESS_FAIRNESS_TRANSPARENCY,VIOLATED,violated
decision_Romania_103,principle_ACCOUNTABILITY,VIOLATED,violated
decision_Romania_103,principle_INFORMATION_OBLIGATIONS,VIOLATED,rights
decision_Romania_108,principle_ACCURACY,VIOLATED,violated
decision_Romania_108,principle_SECURITY,VIOLATED,violated
decision_Romania_108,principle_ACCOUNTABILITY,VIOLATED,violated
decision_Romania_108,principle_ERASURE,VIOLATED,rights
decision_Romania_116,principle_SECURITY,VIOLATED,violated
decision_Romania_114,principle_ERASURE,VIOLATED,rights
decision_Romania_114,principle_INFORMATION_OBLIGATIONS,VIOLATED,rights
decision_Romania_117,principle_ACCOUNTABILITY,VIOLATED,violated
decision_Romania_121,principle_SECURITY,VIOLATED,violated
decision_Romania_119,principle_SECURITY,VIOLATED,violated
decision_Romania_126,principle_PURPOSE_LIMITATION,VIOLATED,violated
decision_Romania_126,principle_DATA_MINIMISATION,VIOLATED,violated
decision_Romania_126,principle_ACCURACY,VIOLATED,violated
decision_Romania_131,principle_SECURITY,VIOLATED,violated
decision_Romania_131,principle_INFORMATION_OBLIGATIONS,VIOLATED,rights
decision_Romania_129,principle_PURPOSE_LIMITATION,VIOLATED,violated
decision_Romania_129,principle_SECURITY,VIOLATED,violated
decision_Romania_129,principle_ACCOUNTABILITY,VIOLATED,violated
decision_Romania_132,principle_PURPOSE_LIMITATION,VIOLATED,violated
decision_Romania_132,principle_SECURITY,VIOLATED,violated
decision_Romania_132,principle_ACCOUNTABILITY,VIOLATED,violated
decision_Romania_134,principle_LAWFULNESS_FAIRNESS_TRANSPARENCY,VIOLATED,violated
decision_Romania_134,principle_SECURITY,VIOLATED,violated
decision_Romania_134,principle_INFORMATION_OBLIGATIONS,VIOLATED,rights
decision_Romania_135,principle_ERASURE,VIOLATED,rights
decision_Romania_135,principle_INFORMATION_OBLIGATIONS,VIOLATED,rights
decision_Romania_136,principle_SECURITY,VIOLATED,violated
decision_Romania_137,principle_ERASURE,VIOLATED,rights
decision_Romania_137,principle_INFORMATION_OBLIGATIONS,VIOLATED,rights
decision_Romania_139,principle_SECURITY,VIOLATED,violated
decision_Romania_139,principle_ERASURE,VIOLATED,rights
decision_Romania_139,principle_INFORMATION_OBLIGATIONS,VIOLATED,rights
decision_Romania_142,principle_PURPOSE_LIMITATION,VIOLATED,violated
decision_Romania_142,principle_OBJECTION,VIOLATED,rights
decision_Romania_142,principle_INFORMATION_OBLIGATIONS,VIOLATED,rights
decision_Romania_141,principle_PURPOSE_LIMITATION,VIOLATED,violated
decision_Romania_141,principle_DATA_MINIMISATION,VIOLATED,violated
decision_Romania_141,principle_ACCURACY,VIOLATED,violated
decision_Romania_141,principle_STORAGE_LIMITATION,VIOLATED,violated
decision_Romania_141,principle_SECURITY,VIOLATED,violated
decision_Romania_141,principle_ACCOUNTABILITY,VIOLATED,violated
decision_Romania_141,principle_NONE_VIOLATED,VIOLATED,violated
decision_Romania_141,principle_RECTIFICATION,VIOLATED,rights
decision_Romania_141,principle_ERASURE,VIOLATED,rights
decision_Romania_141,principle_RESTRICTION_OF_PROCESSING,VIOLATED,rights
decision_Romania_141,principle_DATA_PORTABILITY,VIOLATED,rights
decision_Romania_141,principle_OBJECTION,VIOLATED,rights
decision_Romania_141,principle_AUTOMATED_DECISION_MAKING,VIOLATED,rights
decision_Romania_141,principle_INFORMATION_OBLIGATIONS,VIOLATED,rights
decision_Romania_141,principle_NONE_VIOLATED,VIOLATED,rights
decision_Romania_140,principle_LAWFULNESS_FAIRNESS_TRANSPARENCY,VIOLATED,violated
decision_Romania_140,principle_PURPOSE_LIMITATION,VIOLATED,violated
decision_Romania_140,principle_DATA_MINIMISATION,VIOLATED,violated
decision_Romania_140,principle_STORAGE_LIMITATION,VIOLATED,violated
decision_Romania_140,principle_ERASURE,VIOLATED,rights
decision_Romania_140,principle_INFORMATION_OBLIGATIONS,VIOLATED,rights
decision_Romania_145,principle_PURPOSE_LIMITATION,VIOLATED,violated
decision_Romania_145,principle_DATA_MINIMISATION,VIOLATED,violated
decision_Romania_145,principle_ACCURACY,VIOLATED,violated
decision_Romania_145,principle_STORAGE_LIMITATION,VIOLATED,violated
decision_Romania_145,principle_SECURITY,VIOLATED,violated
decision_Romania_145,principle_ACCOUNTABILITY,VIOLATED,violated
decision_Romania_145,principle_NONE_VIOLATED,VIOLATED,violated
decision_Romania_145,principle_RECTIFICATION,VIOLATED,rights
decision_Romania_145,principle_ERASURE,VIOLATED,rights
decision_Romania_145,principle_RESTRICTION_OF_PROCESSING,VIOLATED,rights
decision_Romania_145,principle_DATA_PORTABILITY,VIOLATED,rights
decision_Romania_145,principle_OBJECTION,VIOLATED,rights
decision_Romania_145,principle_AUTOMATED_DECISION_MAKING,VIOLATED,rights
decision_Romania_145,principle_INFORMATION_OBLIGATIONS,VIOLATED,rights
decision_Romania_145,principle_NONE_VIOLATED,VIOLATED,rights
decision_Romania_144,principle_SECURITY,VIOLATED,violated
decision_Romania_144,principle_ACCOUNTABILITY,VIOLATED,violated
decision_Romania_148,principle_ACCOUNTABILITY,VIOLATED,violated
decision_Romania_148,principle_NONE_VIOLATED,VIOLATED,rights
decision_Romania_150,principle_PURPOSE_LIMITATION,VIOLATED,violated
decision_Romania_150,principle_DATA_MINIMISATION,VIOLATED,violated
decision_Romania_150,principle_ACCOUNTABILITY,VIOLATED,violated
decision_Romania_150,principle_NONE_VIOLATED,VIOLATED,rights
decision_Romania_151,principle_NONE_VIOLATED,VIOLATED,violated
decision_Romania_151,principle_ERASURE,VIOLATED,rights
decision_Romania_151,principle_INFORMATION_OBLIGATIONS,VIOLATED,rights
decision_Romania_159,principle_INFORMATION_OBLIGATIONS,VIOLATED,rights
decision_Romania_155,principle_SECURITY,VIOLATED,violated
decision_Romania_155,principle_ACCOUNTABILITY,VIOLATED,violated
decision_Romania_155,principle_INFORMATION_OBLIGATIONS,VIOLATED,rights
decision_Romania_165,principle_SECURITY,VIOLATED,violated
decision_Romania_164,principle_ERASURE,VIOLATED,rights
decision_Romania_164,principle_INFORMATION_OBLIGATIONS,VIOLATED,rights
decision_Romania_170,principle_ERASURE,VIOLATED,rights
decision_Romania_170,principle_INFORMATION_OBLIGATIONS,VIOLATED,rights
decision_Romania_171,principle_SECURITY,VIOLATED,violated
decision_Romania_171,principle_NONE_VIOLATED,VIOLATED,rights
decision_Romania_174,principle_LAWFULNESS_FAIRNESS_TRANSPARENCY,VIOLATED,violated
decision_Romania_174,principle_INFORMATION_OBLIGATIONS,VIOLATED,rights
decision_Romania_175,principle_LAWFULNESS_FAIRNESS_TRANSPARENCY,VIOLATED,violated
decision_Romania_175,principle_INFORMATION_OBLIGATIONS,VIOLATED,rights
decision_Romania_172,principle_SECURITY,VIOLATED,violated
decision_Romania_172,principle_ACCOUNTABILITY,VIOLATED,violated
decision_Romania_176,principle_SECURITY,VIOLATED,violated
decision_Romania_176,principle_NONE_VIOLATED,VIOLATED,rights
decision_Portugal_11,principle_SECURITY,VIOLATED,violated
decision_Portugal_11,principle_ACCOUNTABILITY,VIOLATED,violated
decision_Portugal_1,principle_DATA_MINIMISATION,VIOLATED,violated
decision_Portugal_1,principle_SECURITY,VIOLATED,violated
decision_Portugal_1,principle_NONE_VIOLATED,VIOLATED,rights
decision_Portugal_5,principle_LAWFULNESS_FAIRNESS_TRANSPARENCY,VIOLATED,violated
decision_Portugal_5,principle_INFORMATION_OBLIGATIONS,VIOLATED,rights
decision_Portugal_10,principle_STORAGE_LIMITATION,VIOLATED,violated
decision_Portugal_10,principle_SECURITY,VIOLATED,violated
decision_Portugal_10,principle_ACCOUNTABILITY,VIOLATED,violated
decision_Portugal_10,principle_INFORMATION_OBLIGATIONS,VIOLATED,rights
decision_Poland_1,principle_SECURITY,VIOLATED,violated
decision_Poland_1,principle_ACCOUNTABILITY,VIOLATED,violated
decision_Poland_1,principle_NONE_VIOLATED,VIOLATED,rights
decision_Poland_4,principle_NONE_VIOLATED,VIOLATED,violated
decision_Poland_4,principle_NOT_DETERMINED,VIOLATED,rights
decision_Poland_5,principle_NONE_VIOLATED,VIOLATED,violated
decision_Poland_5,principle_NONE_VIOLATED,VIOLATED,rights
decision_Portugal_12,principle_LAWFULNESS_FAIRNESS_TRANSPARENCY,VIOLATED,violated
decision_Portugal_12,principle_SECURITY,VIOLATED,violated
decision_Portugal_12,principle_ERASURE,VIOLATED,rights
decision_Portugal_12,principle_INFORMATION_OBLIGATIONS,VIOLATED,rights
decision_Portugal_13,principle_NOT_DETERMINED,VIOLATED,violated
decision_Portugal_13,principle_NOT_DETERMINED,VIOLATED,rights
decision_Poland_8,principle_NONE_VIOLATED,VIOLATED,violated
decision_Poland_8,principle_NONE_VIOLATED,VIOLATED,rights
decision_Poland_3,principle_ACCOUNTABILITY,VIOLATED,violated
decision_Poland_3,principle_INFORMATION_OBLIGATIONS,VIOLATED,rights
decision_Poland_7,principle_NONE_VIOLATED,VIOLATED,violated
decision_Poland_7,principle_NONE_VIOLATED,VIOLATED,rights
decision_Poland_9,principle_NONE_VIOLATED,VIOLATED,violated
decision_Poland_9,principle_NONE_VIOLATED,VIOLATED,rights
decision_Poland_10,principle_ACCOUNTABILITY,VIOLATED,violated
decision_Poland_10,principle_INFORMATION_OBLIGATIONS,VIOLATED,rights
decision_Poland_6,principle_SECURITY,VIOLATED,violated
decision_Poland_6,principle_ACCOUNTABILITY,VIOLATED,violated
decision_Poland_6,principle_INFORMATION_OBLIGATIONS,VIOLATED,rights
decision_Poland_13,principle_ACCOUNTABILITY,VIOLATED,violated
decision_Poland_13,principle_ACCESS,VIOLATED,rights
decision_Poland_13,principle_INFORMATION_OBLIGATIONS,VIOLATED,rights
decision_Poland_12,principle_ACCOUNTABILITY,VIOLATED,violated
decision_Poland_12,principle_INFORMATION_OBLIGATIONS,VIOLATED,rights
decision_Poland_14,principle_SECURITY,VIOLATED,violated
decision_Poland_14,principle_INFORMATION_OBLIGATIONS,VIOLATED,rights
decision_Poland_15,principle_SECURITY,VIOLATED,violated
decision_Poland_15,principle_ACCOUNTABILITY,VIOLATED,violated
decision_Poland_15,principle_INFORMATION_OBLIGATIONS,VIOLATED,rights
decision_Poland_16,principle_SECURITY,VIOLATED,violated
decision_Poland_19,principle_LAWFULNESS_FAIRNESS_TRANSPARENCY,VIOLATED,violated
decision_Poland_19,principle_NONE_VIOLATED,VIOLATED,rights
decision_Poland_18,principle_LAWFULNESS_FAIRNESS_TRANSPARENCY,VIOLATED,violated
decision_Poland_18,principle_INFORMATION_OBLIGATIONS,VIOLATED,rights
decision_Poland_17,principle_ACCOUNTABILITY,VIOLATED,violated
decision_Poland_20,principle_LAWFULNESS_FAIRNESS_TRANSPARENCY,VIOLATED,violated
decision_Poland_20,principle_NONE_VIOLATED,VIOLATED,rights
decision_Poland_21,principle_ACCOUNTABILITY,VIOLATED,violated
decision_Poland_21,principle_NOT_DETERMINED,VIOLATED,rights
decision_Poland_24,principle_SECURITY,VIOLATED,violated
decision_Poland_24,principle_ACCOUNTABILITY,VIOLATED,violated
decision_Poland_22,principle_SECURITY,VIOLATED,violated
decision_Poland_22,principle_ACCOUNTABILITY,VIOLATED,violated
decision_Poland_22,principle_NOT_DETERMINED,VIOLATED,rights
