startNodeId,endNodeId,type,decision_date,fine_amount
dpa_Information_Commissioner's_Office,decision_United Kingdom_18,DECIDED,2025-06-05 00:00:00+00:00,2310000.0
dpa_Information_Commissioner's_Office,decision_United Kingdom_20,DECIDED,,0.0
dpa_Information_Commissioner's_Office,decision_United Kingdom_16,DECIDED,2020-10-30 00:00:00+00:00,18400000.0
dpa_Information_Commissioner's_Office,decision_United Kingdom_17,DECIDED,2020-11-13 00:00:00+00:00,1250000.0
dpa_Information_Commissioner's_Office,decision_United Kingdom_21,DECIDED,2025-06-24 00:00:00+00:00,18000.0
dpa_Information_Commissioner's_Office,decision_United Kingdom_19,DECIDED,2021-05-17 00:00:00+00:00,90000.0
dpa_Information_Commissioner's_Office,decision_United Kingdom_26,DECIDED,2021-05-24 00:00:00+00:00,0.0
dpa_Information_Commissioner's_Office,decision_United Kingdom_25,DECIDED,,0.0
dpa_Information_Commissioner's_Office,decision_United Kingdom_23,DECIDED,2021-11-15 00:00:00+00:00,500000.0
dpa_Information_Commissioner's_Office,decision_United Kingdom_24,DECIDED,,0.0
dpa_Information_Commissioner's_Office,decision_United Kingdom_29,DECIDED,2024-05-02 00:00:00+00:00,130000.0
dpa_Information_Commissioner's_Office,decision_United Kingdom_27,DECIDED,,
dpa_Information_Commissioner's_Office,decision_United Kingdom_28,DECIDED,2025-04-14 00:00:00+00:00,60000.0
dpa_Information_Commissioner's_Office,decision_United Kingdom_22,DECIDED,,200000.0
dpa_Information_Commissioner's_Office,decision_United Kingdom_30,DECIDED,,0.0
dpa_Information_Commissioner's_Office,decision_United Kingdom_32,DECIDED,,0.0
dpa_Information_Commissioner's_Office,decision_United Kingdom_31,DECIDED,,0.0
dpa_NOT_DISCUSSED,decision_United Kingdom_36,DECIDED,,
dpa_Information_Commissioner's_Office,decision_United Kingdom_34,DECIDED,2021-10-18 00:00:00+00:00,10000.0
dpa_The_Information_Commissioner's_Office,decision_United Kingdom_37,DECIDED,,0.0
dpa_Information_Commissioner's_Office,decision_United Kingdom_35,DECIDED,,0.0
dpa_Information_Commissioner's_Office,decision_United Kingdom_39,DECIDED,,0.0
dpa_Information_Commissioner's_Office,decision_United Kingdom_45,DECIDED,,0.0
dpa_Information_Commissioner's_Office,decision_United Kingdom_40,DECIDED,,145000.0
dpa_The_Information_Commissioner,decision_United Kingdom_43,DECIDED,,0.0
dpa_Information_Commissioner's_Office,decision_United Kingdom_44,DECIDED,2022-10-04 00:00:00+00:00,1350000.0
dpa_Information_Commissioner's_Office,decision_United Kingdom_41,DECIDED,2021-07-05 00:00:00+00:00,25000.0
dpa_Information_Commissioner's_Office,decision_United Kingdom_46,DECIDED,,0.0
dpa_The_Information_Commissioner,decision_United Kingdom_48,DECIDED,,0.0
dpa_Information_Commissioner's_Office,decision_United Kingdom_53,DECIDED,,
dpa_Information_Commissioner's_Office,decision_United Kingdom_52,DECIDED,,75000.0
dpa_Information_Commissioner's_Office,decision_United Kingdom_51,DECIDED,,
dpa_Information_Commissioner's_Office,decision_United Kingdom_47,DECIDED,,
dpa_The_Information_Commissioner,decision_United Kingdom_49,DECIDED,,0.0
dpa_Information_Commissioner's_Office,decision_United Kingdom_50,DECIDED,,0.0
dpa_UNCLEAR,decision_United Kingdom_54,DECIDED,,0.0
dpa_Information_Commissioner's_Office,decision_United Kingdom_55,DECIDED,,0.0
dpa_Information_Commissioner's_Office,decision_United Kingdom_59,DECIDED,2022-02-14 00:00:00+00:00,50000.0
dpa_Information_Commissioner's_Office,decision_United Kingdom_56,DECIDED,,85000.0
dpa_Information_Commissioner's_Office,decision_United Kingdom_60,DECIDED,2022-02-28 00:00:00+00:00,98000.0
dpa_Information_Commissioner's_Office,decision_United Kingdom_57,DECIDED,2024-03-06 00:00:00+00:00,7500.0
dpa_NOT_DISCUSSED,decision_United Kingdom_63,DECIDED,,
dpa_Information_Commissioner's_Office,decision_United Kingdom_62,DECIDED,2021-09-13 00:00:00+00:00,200000.0
dpa_Swedish_Data_Protection_Authority,decision_Sweden_2,DECIDED,2020-12-02 00:00:00+00:00,4000000.0
dpa_Datainspektionen,decision_Sweden_3,DECIDED,2020-12-02 00:00:00+00:00,3500000.0
dpa_Datainspektionen,decision_Sweden_4,DECIDED,2020-12-02 00:00:00+00:00,2500000.0
dpa_Datainspektionen,decision_Sweden_1,DECIDED,2020-03-10 00:00:00+00:00,75000000.0
dpa_Datainspektionen,decision_Sweden_5,DECIDED,,
dpa_Datainspektionen,decision_Sweden_7,DECIDED,2020-11-23 00:00:00+00:00,4000000.0
dpa_Datainspektionen,decision_Sweden_6,DECIDED,,
dpa_The_Data_Inspectorate,decision_Sweden_9,DECIDED,2020-12-10 00:00:00+00:00,550000.0
dpa_The_Data_Inspectorate,decision_Sweden_10,DECIDED,,120000.0
dpa_Datainspektionen,decision_Sweden_11,DECIDED,,300000.0
dpa_Integritetsskyddsmyndigheten_(IMY),decision_Sweden_12,DECIDED,2023-01-19 00:00:00+00:00,0.0
dpa_Integritetsskyddsmyndigheten_(IMY),decision_Sweden_14,DECIDED,2024-12-11 00:00:00+00:00,200000.0
dpa_Integritetsskyddsmyndigheten_(IMY),decision_Sweden_15,DECIDED,2025-04-28 00:00:00+00:00,0.0
dpa_Integritetsskyddsmyndigheten,decision_Sweden_18,DECIDED,2021-06-09 00:00:00+00:00,350000.0
dpa_Integritetsskyddsmyndigheten_(IMY),decision_Sweden_13,DECIDED,,0.0
dpa_Swedish_Authority_for_Privacy_Protection,decision_Sweden_16,DECIDED,2024-12-19 00:00:00+00:00,0.0
dpa_Integritetsskyddsmyndigheten_(IMY),decision_Sweden_20,DECIDED,2022-03-28 00:00:00+00:00,7500000.0
dpa_Integritetsskyddsmyndigheten_(IMY),decision_Sweden_21,DECIDED,,0.0
dpa_Integritetsskyddsmyndigheten_(IMY),decision_Sweden_22,DECIDED,2023-06-12 00:00:00+00:00,58000000.0
dpa_Integrity_Protection_Authority,decision_Sweden_23,DECIDED,2022-01-26 00:00:00+00:00,300000.0
dpa_Integritetsskyddsmyndigheten,decision_Sweden_26,DECIDED,2021-03-31 00:00:00+00:00,0.0
dpa_Integritetsskyddsmyndigheten_(IMY),decision_Sweden_24,DECIDED,2023-06-26 00:00:00+00:00,13000000.0
dpa_Integrity_Protection_Authority,decision_Sweden_27,DECIDED,2021-01-22 00:00:00+00:00,0.0
dpa_Integritetsskyddsmyndigheten,decision_Sweden_30,DECIDED,2023-03-31 00:00:00+00:00,0.0
dpa_Integritetsskyddsmyndigheten,decision_Sweden_31,DECIDED,2021-03-23 00:00:00+00:00,0.0
dpa_The_Swedish_Privacy_Protection_Agency_(IMY),decision_Sweden_33,DECIDED,2023-06-30 00:00:00+00:00,0.0
dpa_Swedish_Authority_for_Privacy_Protection,decision_Sweden_29,DECIDED,,0.0
dpa_Swedish_Authority_for_Privacy_Protection,decision_Sweden_32,DECIDED,,
dpa_Integritetsskyddsmyndigheten_(IMY),decision_Sweden_36,DECIDED,2023-06-30 00:00:00+00:00,300000.0
dpa_Integritetsskyddsmyndigheten_(IMY),decision_Sweden_34,DECIDED,2023-06-30 00:00:00+00:00,0.0
dpa_Integritetsskyddsmyndigheten_(IMY),decision_Sweden_35,DECIDED,2023-06-30 00:00:00+00:00,12000000.0
dpa_Integritetsskyddsmyndigheten,decision_Sweden_37,DECIDED,2023-08-28 00:00:00+00:00,35000000.0
dpa_Swedish_Authority_for_Privacy_Protection_(IMY),decision_Sweden_38,DECIDED,2022-10-10 00:00:00+00:00,0.0
dpa_Swedish_Authority_for_Privacy_Protection_(IMY),decision_Sweden_40,DECIDED,,0.0
dpa_Swedish_Authority_for_Privacy_Protection_(IMY),decision_Sweden_41,DECIDED,2022-03-29 00:00:00+00:00,0.0
dpa_Integritetsskyddsmyndigheten_(IMY),decision_Sweden_39,DECIDED,,500000.0
dpa_Swedish_Authority_for_Privacy_Protection_(IMY),decision_Sweden_44,DECIDED,,0.0
dpa_Integritetsskyddsmyndigheten_(IMY),decision_Sweden_42,DECIDED,,15000000.0
dpa_Integrity_Protection_Authority,decision_Sweden_43,DECIDED,,
dpa_Swedish_Authority_for_Privacy_Protection_(IMY),decision_Sweden_45,DECIDED,,
dpa_Swedish_Authority_for_Privacy_Protection_(IMY),decision_Sweden_47,DECIDED,2022-03-18 00:00:00+00:00,0.0
dpa_Integritetsskyddsmyndigheten_(IMY),decision_Sweden_48,DECIDED,2022-07-26 00:00:00+00:00,0.0
dpa_Integritetsskyddsmyndigheten_(IMY),decision_Sweden_49,DECIDED,,
dpa_Swedish_Authority_for_Privacy_Protection,decision_Sweden_50,DECIDED,,
dpa_Spanish_Agency_for_Data_Protection,decision_Spain_1,DECIDED,,0.0
dpa_Integritetsskyddsmyndigheten,decision_Sweden_54,DECIDED,,0.0
dpa_Swedish_Data_Protection_Authority,decision_Sweden_57,DECIDED,2023-06-12 00:00:00+00:00,0.0
dpa_Integritetsskyddsmyndigheten,decision_Sweden_52,DECIDED,2022-09-13 00:00:00+00:00,0.0
dpa_Integritetsskyddsmyndigheten_(IMY),decision_Sweden_51,DECIDED,,
dpa_Swedish_Authority_for_Privacy_Protection_(IMY),decision_Sweden_53,DECIDED,,
dpa_Spanish_Agency_for_Data_Protection,decision_Spain_3,DECIDED,,0.0
dpa_Agencia_Española_de_Protección_de_Datos,decision_Spain_2,DECIDED,,0.0
dpa_Spanish_Data_Protection_Agency,decision_Spain_4,DECIDED,,21000.0
dpa_Spanish_Data_Protection_Agency_(AEPD),decision_Spain_6,DECIDED,,0.0
dpa_Spanish_Agency_for_Data_Protection,decision_Spain_5,DECIDED,,0.0
dpa_Spanish_Data_Protection_Agency,decision_Spain_7,DECIDED,,0.0
dpa_Spanish_Agency_for_Data_Protection,decision_Spain_8,DECIDED,,0.0
dpa_Spanish_Agency_for_Data_Protection,decision_Spain_9,DECIDED,,0.0
dpa_Spanish_Agency_for_Data_Protection,decision_Spain_10,DECIDED,,0.0
dpa_Spanish_Agency_for_Data_Protection,decision_Spain_12,DECIDED,,0.0
dpa_Spanish_Agency_for_Data_Protection,decision_Spain_11,DECIDED,,0.0
dpa_Spanish_Agency_for_Data_Protection,decision_Spain_15,DECIDED,,0.0
dpa_Spanish_Agency_for_Data_Protection,decision_Spain_13,DECIDED,,0.0
dpa_Spanish_Agency_for_Data_Protection,decision_Spain_16,DECIDED,,0.0
dpa_Spanish_Agency_for_Data_Protection,decision_Spain_14,DECIDED,,0.0
dpa_Spanish_Agency_for_Data_Protection,decision_Spain_17,DECIDED,,0.0
dpa_Spanish_Agency_for_Data_Protection,decision_Spain_18,DECIDED,,0.0
dpa_Spanish_Agency_for_Data_Protection,decision_Spain_19,DECIDED,,0.0
dpa_Spanish_Agency_for_Data_Protection,decision_Spain_20,DECIDED,,0.0
dpa_Spanish_Data_Protection_Agency,decision_Spain_21,DECIDED,,0.0
dpa_Spanish_Data_Protection_Agency,decision_Spain_22,DECIDED,,0.0
dpa_Spanish_Agency_for_Data_Protection,decision_Spain_25,DECIDED,,0.0
dpa_Spanish_Data_Protection_Agency,decision_Spain_24,DECIDED,,0.0
dpa_Spanish_Data_Protection_Agency,decision_Spain_26,DECIDED,,0.0
dpa_Spanish_Data_Protection_Agency,decision_Spain_27,DECIDED,,0.0
dpa_Spanish_Agency_for_Data_Protection,decision_Spain_28,DECIDED,,0.0
dpa_Spanish_Data_Protection_Agency,decision_Spain_30,DECIDED,,0.0
dpa_Spanish_Data_Protection_Agency,decision_Spain_32,DECIDED,,0.0
dpa_Spanish_Agency_for_Data_Protection,decision_Spain_29,DECIDED,,0.0
dpa_Spanish_Agency_for_Data_Protection,decision_Spain_31,DECIDED,,0.0
dpa_Spanish_Agency_for_Data_Protection,decision_Spain_33,DECIDED,,0.0
dpa_Spanish_Data_Protection_Agency,decision_Spain_35,DECIDED,,0.0
dpa_Spanish_Data_Protection_Agency,decision_Spain_34,DECIDED,,0.0
dpa_Spanish_Agency_for_Data_Protection,decision_Spain_36,DECIDED,,24000.0
dpa_Spanish_Data_Protection_Agency,decision_Spain_38,DECIDED,,
dpa_Spanish_Data_Protection_Agency,decision_Spain_40,DECIDED,,1500.0
dpa_Spanish_Data_Protection_Agency,decision_Spain_41,DECIDED,,1500.0
dpa_Spanish_Data_Protection_Agency,decision_Spain_37,DECIDED,,0.0
dpa_Spanish_Agency_for_Data_Protection,decision_Spain_42,DECIDED,,12000.0
dpa_Spanish_Data_Protection_Agency,decision_Spain_43,DECIDED,,0.0
dpa_Spanish_Agency_for_Data_Protection,decision_Spain_45,DECIDED,,3000.0
dpa_Spanish_Agency_for_Data_Protection,decision_Spain_47,DECIDED,,5000.0
dpa_Spanish_Data_Protection_Agency,decision_Spain_48,DECIDED,,0.0
dpa_Spanish_Data_Protection_Agency,decision_Spain_51,DECIDED,,0.0
dpa_Spanish_Data_Protection_Agency,decision_Spain_49,DECIDED,2022-08-04 00:00:00+00:00,24000.0
dpa_Spanish_Data_Protection_Agency,decision_Spain_46,DECIDED,,0.0
dpa_Spanish_Data_Protection_Agency,decision_Spain_52,DECIDED,,0.0
dpa_Spanish_Agency_for_Data_Protection,decision_Spain_50,DECIDED,,5000.0
dpa_Spanish_Data_Protection_Agency,decision_Spain_53,DECIDED,,300.0
dpa_Spanish_Data_Protection_Agency,decision_Spain_56,DECIDED,,0.0
dpa_Spanish_Agency_for_Data_Protection,decision_Spain_55,DECIDED,,2000.0
dpa_Spanish_Data_Protection_Agency,decision_Spain_54,DECIDED,,56000.0
dpa_Spanish_Agency_for_Data_Protection,decision_Spain_57,DECIDED,,200000.0
dpa_Spanish_Agency_for_Data_Protection,decision_Spain_58,DECIDED,,5000.0
dpa_Spanish_Data_Protection_Agency,decision_Spain_59,DECIDED,,80000.0
dpa_Spanish_Agency_for_Data_Protection,decision_Spain_61,DECIDED,,10000.0
dpa_Spanish_Data_Protection_Agency,decision_Spain_60,DECIDED,,10000.0
dpa_Spanish_Agency_for_Data_Protection,decision_Spain_62,DECIDED,,70000.0
dpa_Agencia_Española_de_Protección_de_Datos,decision_Spain_63,DECIDED,,10000.0
dpa_Spanish_Data_Protection_Agency,decision_Spain_64,DECIDED,,70000.0
dpa_Spanish_Data_Protection_Agency,decision_Spain_65,DECIDED,,48000.0
dpa_Spanish_Agency_for_Data_Protection,decision_Spain_66,DECIDED,,0.0
dpa_Spanish_Data_Protection_Agency,decision_Spain_67,DECIDED,,17000.0
dpa_Spanish_Data_Protection_Agency,decision_Spain_69,DECIDED,,60000.0
dpa_Spanish_Agency_for_Data_Protection,decision_Spain_71,DECIDED,,0.0
dpa_Spanish_Agency_for_Data_Protection,decision_Spain_70,DECIDED,,0.0
dpa_Spanish_Data_Protection_Agency,decision_Spain_68,DECIDED,,24000.0
dpa_Spanish_Agency_for_Data_Protection,decision_Spain_73,DECIDED,,0.0
dpa_Spanish_Data_Protection_Agency,decision_Spain_74,DECIDED,,48000.0
dpa_Spanish_Data_Protection_Agency,decision_Spain_72,DECIDED,,0.0
dpa_Spanish_Data_Protection_Agency,decision_Spain_77,DECIDED,,0.0
dpa_Spanish_Data_Protection_Agency,decision_Spain_75,DECIDED,,48000.0
dpa_Spanish_Agency_for_Data_Protection,decision_Spain_81,DECIDED,,0.0
dpa_Spanish_Data_Protection_Agency,decision_Spain_78,DECIDED,2024-01-16 00:00:00+00:00,600000.0
dpa_Spanish_Agency_for_Data_Protection,decision_Spain_76,DECIDED,,16000.0
dpa_Spanish_Data_Protection_Agency,decision_Spain_82,DECIDED,,70000.0
dpa_Spanish_Data_Protection_Agency,decision_Spain_80,DECIDED,,14000.0
dpa_Spanish_Data_Protection_Agency,decision_Spain_83,DECIDED,,0.0
dpa_Spanish_Agency_for_Data_Protection,decision_Spain_85,DECIDED,,1000.0
dpa_Spanish_Data_Protection_Agency,decision_Spain_84,DECIDED,,0.0
dpa_Spanish_Data_Protection_Agency,decision_Spain_87,DECIDED,,0.0
dpa_Spanish_Data_Protection_Agency,decision_Spain_86,DECIDED,,1200.0
dpa_Spanish_Data_Protection_Agency,decision_Spain_88,DECIDED,2024-01-16 00:00:00+00:00,30000.0
dpa_Spanish_Data_Protection_Agency,decision_Spain_91,DECIDED,,5000.0
dpa_Spanish_Data_Protection_Agency,decision_Spain_93,DECIDED,,24000.0
dpa_Spanish_Data_Protection_Agency,decision_Spain_89,DECIDED,2024-01-16 00:00:00+00:00,15000.0
dpa_Spanish_Data_Protection_Agency,decision_Spain_90,DECIDED,2024-01-20 00:00:00+00:00,300000.0
dpa_Spanish_Data_Protection_Agency,decision_Spain_94,DECIDED,,0.0
dpa_Spanish_Data_Protection_Agency,decision_Spain_95,DECIDED,,0.0
dpa_Agencia_Española_de_Protección_de_Datos,decision_Spain_92,DECIDED,,0.0
dpa_Spanish_Data_Protection_Agency,decision_Spain_96,DECIDED,,0.0
dpa_Spanish_Data_Protection_Agency,decision_Spain_98,DECIDED,,0.0
dpa_Spanish_Data_Protection_Agency,decision_Spain_99,DECIDED,,0.0
dpa_Spanish_Data_Protection_Agency,decision_Spain_100,DECIDED,,6000.0
dpa_Spanish_Data_Protection_Agency,decision_Spain_97,DECIDED,,365000.0
dpa_Spanish_Agency_for_Data_Protection,decision_Spain_103,DECIDED,,24000.0
dpa_Spanish_Data_Protection_Agency,decision_Spain_102,DECIDED,,0.0
dpa_Spanish_Data_Protection_Agency,decision_Spain_101,DECIDED,,56000.0
dpa_Spanish_Data_Protection_Agency,decision_Spain_107,DECIDED,,30000.0
dpa_Spanish_Agency_for_Data_Protection,decision_Spain_105,DECIDED,,0.0
dpa_Spanish_Agency_for_Data_Protection,decision_Spain_106,DECIDED,,2000.0
dpa_Spanish_Agency_for_Data_Protection,decision_Spain_104,DECIDED,,56000.0
dpa_Spanish_Data_Protection_Agency,decision_Spain_108,DECIDED,,0.0
dpa_Spanish_Data_Protection_Agency,decision_Spain_110,DECIDED,,10000.0
dpa_Spanish_Data_Protection_Agency,decision_Spain_111,DECIDED,,0.0
dpa_Spanish_Data_Protection_Agency,decision_Spain_109,DECIDED,,3000.0
dpa_Spanish_Data_Protection_Agency,decision_Spain_112,DECIDED,,8000.0
dpa_Spanish_Agency_for_Data_Protection,decision_Spain_116,DECIDED,,3000.0
dpa_Spanish_Data_Protection_Agency,decision_Spain_117,DECIDED,,0.0
dpa_Spanish_Data_Protection_Agency,decision_Spain_115,DECIDED,2024-01-16 00:00:00+00:00,3500000.0
dpa_Spanish_Data_Protection_Agency,decision_Spain_114,DECIDED,,50000.0
dpa_Spanish_Agency_for_Data_Protection,decision_Spain_119,DECIDED,,0.0
dpa_Spanish_Agency_for_Data_Protection,decision_Spain_113,DECIDED,,70000.0
dpa_Spanish_Agency_for_Data_Protection,decision_Spain_118,DECIDED,,5000.0
dpa_Spanish_Data_Protection_Agency,decision_Spain_121,DECIDED,,10000.0
dpa_Spanish_Data_Protection_Agency,decision_Spain_120,DECIDED,,70000.0
dpa_Spanish_Data_Protection_Agency,decision_Spain_122,DECIDED,,7000.0
dpa_Spanish_Data_Protection_Agency,decision_Spain_124,DECIDED,,300.0
dpa_Spanish_Data_Protection_Agency,decision_Spain_126,DECIDED,,80000.0
dpa_Spanish_Data_Protection_Agency,decision_Spain_125,DECIDED,,50000.0
dpa_Spanish_Data_Protection_Agency,decision_Spain_127,DECIDED,,5000.0
dpa_Spanish_Agency_for_Data_Protection,decision_Spain_123,DECIDED,,2000.0
dpa_Spanish_Data_Protection_Agency,decision_Spain_130,DECIDED,,0.0
dpa_Spanish_Data_Protection_Agency,decision_Spain_129,DECIDED,,4000.0
dpa_Spanish_Data_Protection_Agency,decision_Spain_128,DECIDED,,0.0
dpa_Spanish_Agency_for_Data_Protection,decision_Spain_133,DECIDED,,0.0
dpa_Spanish_Data_Protection_Agency,decision_Spain_131,DECIDED,,3000.0
dpa_Spanish_Agency_for_Data_Protection,decision_Spain_132,DECIDED,,20000.0
dpa_Spanish_Data_Protection_Agency,decision_Spain_134,DECIDED,,72000.0
dpa_Spanish_Data_Protection_Agency,decision_Spain_137,DECIDED,,300.0
dpa_Spanish_Data_Protection_Agency,decision_Spain_135,DECIDED,,600.0
dpa_Spanish_Data_Protection_Agency,decision_Spain_136,DECIDED,,8000.0
dpa_Spanish_Data_Protection_Agency,decision_Spain_138,DECIDED,,1500.0
dpa_Spanish_Data_Protection_Agency,decision_Spain_139,DECIDED,,1200.0
dpa_Spanish_Data_Protection_Agency,decision_Spain_141,DECIDED,,0.0
dpa_Spanish_Data_Protection_Agency,decision_Spain_140,DECIDED,2024-01-16 00:00:00+00:00,250000.0
dpa_Spanish_Data_Protection_Agency,decision_Spain_142,DECIDED,,200000.0
dpa_Spanish_Data_Protection_Agency,decision_Spain_143,DECIDED,,300.0
dpa_Spanish_Agency_for_Data_Protection,decision_Spain_144,DECIDED,,0.0
dpa_Spanish_Agency_for_Data_Protection,decision_Spain_146,DECIDED,,10000.0
dpa_Spanish_Agency_for_Data_Protection,decision_Spain_147,DECIDED,,10000.0
dpa_Spanish_Data_Protection_Agency,decision_Spain_149,DECIDED,,12000.0
dpa_Agencia_Española_de_Protección_de_Datos,decision_Spain_151,DECIDED,2024-01-16 00:00:00+00:00,200000.0
dpa_Spanish_Data_Protection_Agency,decision_Spain_150,DECIDED,2024-01-16 00:00:00+00:00,220000.0
dpa_Spanish_Data_Protection_Agency,decision_Spain_152,DECIDED,2024-01-16 00:00:00+00:00,1200000.0
dpa_Spanish_Data_Protection_Agency,decision_Spain_154,DECIDED,2024-01-16 00:00:00+00:00,3500000.0
dpa_Spanish_Data_Protection_Agency,decision_Spain_153,DECIDED,,120000.0
dpa_Spanish_Data_Protection_Agency,decision_Spain_155,DECIDED,,1600000.0
dpa_Spanish_Data_Protection_Agency,decision_Spain_156,DECIDED,,4000000.0
dpa_Spanish_Data_Protection_Agency,decision_Spain_158,DECIDED,,10000.0
dpa_Spanish_Data_Protection_Agency,decision_Spain_157,DECIDED,,120000.0
dpa_Spanish_Data_Protection_Agency,decision_Spain_160,DECIDED,,1200000.0
dpa_Spanish_Data_Protection_Agency,decision_Spain_159,DECIDED,,42000.0
dpa_Spanish_Data_Protection_Agency,decision_Spain_162,DECIDED,,0.0
dpa_Spanish_Data_Protection_Agency,decision_Spain_161,DECIDED,,200000.0
dpa_Spanish_Data_Protection_Agency,decision_Spain_164,DECIDED,,0.0
dpa_Spanish_Data_Protection_Agency,decision_Spain_165,DECIDED,,200000.0
dpa_Spanish_Data_Protection_Agency,decision_Spain_163,DECIDED,,70000.0
dpa_Spanish_Data_Protection_Agency,decision_Spain_168,DECIDED,,0.0
dpa_Spanish_Data_Protection_Agency,decision_Spain_169,DECIDED,,3000.0
dpa_Spanish_Data_Protection_Agency,decision_Spain_166,DECIDED,,180000.0
dpa_Spanish_Data_Protection_Agency,decision_Spain_174,DECIDED,,70000.0
dpa_Spanish_Data_Protection_Agency,decision_Spain_173,DECIDED,,48000.0
dpa_Spanish_Data_Protection_Agency,decision_Spain_171,DECIDED,,120000.0
dpa_Spanish_Data_Protection_Agency,decision_Spain_172,DECIDED,,180000.0
dpa_Spanish_Agency_for_Data_Protection,decision_Spain_179,DECIDED,,20000.0
dpa_Spanish_Data_Protection_Agency,decision_Spain_178,DECIDED,,100000.0
dpa_Spanish_Data_Protection_Agency,decision_Spain_177,DECIDED,2024-07-05 00:00:00+00:00,270000.0
dpa_Spanish_Data_Protection_Agency,decision_Spain_175,DECIDED,,72000.0
dpa_Spanish_Data_Protection_Agency,decision_Spain_176,DECIDED,,360000.0
dpa_Spanish_Data_Protection_Agency,decision_Spain_181,DECIDED,,120000.0
dpa_Spanish_Data_Protection_Agency,decision_Spain_187,DECIDED,,0.0
dpa_Spanish_Data_Protection_Agency,decision_Spain_180,DECIDED,2024-12-05 00:00:00+00:00,42000.0
dpa_Agencia_Española_de_Protección_de_Datos,decision_Spain_182,DECIDED,2024-01-16 00:00:00+00:00,3000000.0
dpa_Spanish_Data_Protection_Agency,decision_Spain_186,DECIDED,2023-10-11 00:00:00+00:00,0.0
dpa_Spanish_Data_Protection_Agency,decision_Spain_185,DECIDED,,60000.0
dpa_Spanish_Data_Protection_Agency,decision_Spain_188,DECIDED,,500000.0
dpa_Spanish_Data_Protection_Agency,decision_Spain_189,DECIDED,,7500.0
dpa_Spanish_Data_Protection_Agency,decision_Spain_183,DECIDED,,
dpa_Spanish_Data_Protection_Agency,decision_Spain_190,DECIDED,,500.0
dpa_Spanish_Data_Protection_Agency,decision_Spain_191,DECIDED,,12000.0
dpa_Spanish_Data_Protection_Agency,decision_Spain_194,DECIDED,,2000.0
dpa_Spanish_Data_Protection_Agency,decision_Spain_192,DECIDED,2024-01-19 00:00:00+00:00,200000.0
dpa_Spanish_Data_Protection_Agency,decision_Spain_193,DECIDED,,100000.0
dpa_Spanish_Data_Protection_Agency,decision_Spain_196,DECIDED,,0.0
dpa_Spanish_Data_Protection_Agency,decision_Spain_195,DECIDED,,10000.0
dpa_Spanish_Data_Protection_Agency,decision_Spain_200,DECIDED,,2000.0
dpa_Spanish_Data_Protection_Agency,decision_Spain_199,DECIDED,2024-01-16 00:00:00+00:00,600.0
dpa_Spanish_Data_Protection_Agency,decision_Spain_197,DECIDED,,
dpa_Spanish_Data_Protection_Agency,decision_Spain_198,DECIDED,,15000.0
dpa_Spanish_Data_Protection_Agency,decision_Spain_202,DECIDED,,0.0
dpa_Spanish_Data_Protection_Agency,decision_Spain_201,DECIDED,,3000.0
dpa_Spanish_Data_Protection_Agency,decision_Spain_203,DECIDED,,4000.0
dpa_Spanish_Data_Protection_Agency,decision_Spain_206,DECIDED,2024-01-31 00:00:00+00:00,5000.0
dpa_Spanish_Data_Protection_Agency,decision_Spain_205,DECIDED,,60000.0
dpa_Spanish_Data_Protection_Agency,decision_Spain_204,DECIDED,,12000.0
dpa_Spanish_Data_Protection_Agency,decision_Spain_208,DECIDED,,56000.0
dpa_Spanish_Data_Protection_Agency,decision_Spain_207,DECIDED,,96000.0
dpa_Spanish_Data_Protection_Agency,decision_Spain_209,DECIDED,,1200.0
dpa_Spanish_Data_Protection_Agency,decision_Spain_210,DECIDED,,200000.0
dpa_Spanish_Data_Protection_Agency,decision_Spain_212,DECIDED,,30000.0
dpa_Spanish_Data_Protection_Agency,decision_Spain_211,DECIDED,,24000.0
dpa_Spanish_Data_Protection_Agency,decision_Spain_214,DECIDED,,0.0
dpa_Spanish_Data_Protection_Agency,decision_Spain_215,DECIDED,2024-10-01 00:00:00+00:00,180000.0
dpa_Spanish_Data_Protection_Agency,decision_Spain_219,DECIDED,,
dpa_Spanish_Data_Protection_Agency,decision_Spain_216,DECIDED,,1200.0
dpa_Spanish_Data_Protection_Agency,decision_Spain_217,DECIDED,,150000.0
dpa_Spanish_Data_Protection_Agency,decision_Spain_220,DECIDED,,500.0
dpa_Spanish_Data_Protection_Agency,decision_Spain_218,DECIDED,,200000.0
dpa_Spanish_Data_Protection_Agency,decision_Spain_221,DECIDED,,4000.0
dpa_Spanish_Data_Protection_Agency,decision_Spain_222,DECIDED,2024-06-06 00:00:00+00:00,120000.0
dpa_Spanish_Data_Protection_Agency,decision_Spain_224,DECIDED,,10000.0
dpa_Spanish_Data_Protection_Agency,decision_Spain_225,DECIDED,,100000.0
dpa_Spanish_Data_Protection_Agency,decision_Spain_228,DECIDED,,1000.0
dpa_Spanish_Data_Protection_Agency,decision_Spain_227,DECIDED,,30000.0
dpa_Spanish_Data_Protection_Agency,decision_Spain_226,DECIDED,,96000.0
dpa_Spanish_Data_Protection_Agency,decision_Spain_230,DECIDED,,600.0
dpa_Agencia_Española_de_Protección_de_Datos,decision_Spain_231,DECIDED,,18000.0
dpa_Spanish_Data_Protection_Agency,decision_Spain_232,DECIDED,,10000.0
dpa_Spanish_Data_Protection_Agency,decision_Spain_233,DECIDED,,120000.0
dpa_Spanish_Data_Protection_Agency,decision_Spain_235,DECIDED,,600.0
dpa_Spanish_Data_Protection_Agency,decision_Spain_237,DECIDED,,42000.0
dpa_Spanish_Data_Protection_Agency,decision_Spain_240,DECIDED,,0.0
dpa_Spanish_Data_Protection_Agency_(AEPD),decision_Spain_238,DECIDED,,0.0
dpa_Spanish_Data_Protection_Agency,decision_Spain_239,DECIDED,,12000.0
dpa_Spanish_Data_Protection_Agency,decision_Spain_236,DECIDED,,180000.0
dpa_Spanish_Agency_for_Data_Protection,decision_Spain_241,DECIDED,,4000.0
dpa_Spanish_Agency_for_Data_Protection,decision_Spain_243,DECIDED,,900.0
dpa_Spanish_Agency_for_Data_Protection,decision_Spain_242,DECIDED,,240000.0
dpa_Spanish_Data_Protection_Agency,decision_Spain_244,DECIDED,,0.0
dpa_Spanish_Data_Protection_Agency,decision_Spain_245,DECIDED,,0.0
dpa_Spanish_Agency_for_Data_Protection,decision_Spain_247,DECIDED,,6000.0
dpa_Spanish_Agency_for_Data_Protection,decision_Spain_246,DECIDED,,0.0
dpa_Spanish_Data_Protection_Agency,decision_Spain_250,DECIDED,,0.0
dpa_Spanish_Data_Protection_Agency,decision_Spain_248,DECIDED,,48000.0
dpa_Spanish_Data_Protection_Agency,decision_Spain_249,DECIDED,,70000.0
dpa_Spanish_Agency_for_Data_Protection,decision_Spain_252,DECIDED,,0.0
dpa_Spanish_Agency_for_Data_Protection,decision_Spain_251,DECIDED,,75000.0
dpa_Spanish_Data_Protection_Agency,decision_Spain_253,DECIDED,,0.0
dpa_Spanish_Data_Protection_Agency,decision_Spain_254,DECIDED,,0.0
dpa_Spanish_Agency_for_Data_Protection,decision_Spain_255,DECIDED,,75000.0
dpa_Spanish_Agency_for_Data_Protection,decision_Spain_259,DECIDED,,4000.0
dpa_Spanish_Agency_for_Data_Protection,decision_Spain_258,DECIDED,,0.0
dpa_Spanish_Agency_for_Data_Protection,decision_Spain_260,DECIDED,,
dpa_Spanish_Agency_for_Data_Protection,decision_Spain_256,DECIDED,,24000.0
dpa_Agencia_Española_de_Protección_de_Datos,decision_Spain_261,DECIDED,,24000.0
dpa_Spanish_Data_Protection_Agency,decision_Spain_262,DECIDED,,0.0
dpa_Spanish_Agency_for_Data_Protection,decision_Spain_263,DECIDED,,1000.0
dpa_Spanish_Agency_for_Data_Protection,decision_Spain_264,DECIDED,,100000.0
dpa_Spanish_Data_Protection_Agency,decision_Spain_265,DECIDED,2020-07-16 00:00:00+00:00,1200.0
dpa_Spanish_Data_Protection_Agency,decision_Spain_266,DECIDED,,10000.0
dpa_Spanish_Data_Protection_Agency,decision_Spain_267,DECIDED,,3000.0
dpa_Spanish_Agency_for_Data_Protection,decision_Spain_269,DECIDED,,0.0
dpa_Spanish_Agency_for_Data_Protection,decision_Spain_270,DECIDED,,
dpa_Spanish_Agency_for_Data_Protection,decision_Spain_268,DECIDED,,1500000.0
dpa_Spanish_Agency_for_Data_Protection,decision_Spain_272,DECIDED,,0.0
dpa_Spanish_Agency_for_Data_Protection,decision_Spain_271,DECIDED,,500.0
dpa_Spanish_Agency_for_Data_Protection,decision_Spain_273,DECIDED,,0.0
dpa_Spanish_Agency_for_Data_Protection,decision_Spain_274,DECIDED,,0.0
dpa_Spanish_Agency_for_Data_Protection,decision_Spain_275,DECIDED,2021-10-04 00:00:00+00:00,16000.0
dpa_Spanish_Agency_for_Data_Protection,decision_Spain_276,DECIDED,,1500.0
dpa_Spanish_Agency_for_Data_Protection,decision_Spain_278,DECIDED,,
dpa_Spanish_Agency_for_Data_Protection,decision_Spain_280,DECIDED,,0.0
dpa_Agencia_Española_de_Protección_de_Datos,decision_Spain_281,DECIDED,,6000.0
dpa_Spanish_Agency_for_Data_Protection,decision_Spain_279,DECIDED,,3000.0
dpa_Spanish_Agency_for_Data_Protection,decision_Spain_282,DECIDED,,5000.0
dpa_Spanish_Agency_for_Data_Protection_(AEPD),decision_Spain_277,DECIDED,,0.0
dpa_Spanish_Data_Protection_Agency,decision_Spain_288,DECIDED,,0.0
dpa_Agencia_Española_de_Protección_de_Datos,decision_Spain_289,DECIDED,,0.0
dpa_Spanish_Agency_for_Data_Protection,decision_Spain_283,DECIDED,,8150000.0
dpa_Spanish_Data_Protection_Agency,decision_Spain_287,DECIDED,,0.0
dpa_Spanish_Agency_for_Data_Protection,decision_Spain_285,DECIDED,,1000.0
dpa_Agencia_Española_de_Protección_de_Datos,decision_Spain_296,DECIDED,,3000.0
dpa_Spanish_Agency_for_Data_Protection,decision_Spain_290,DECIDED,,18000.0
dpa_Agencia_Española_de_Protección_de_Datos,decision_Spain_297,DECIDED,,0.0
dpa_Spanish_Agency_for_Data_Protection,decision_Spain_291,DECIDED,,0.0
dpa_Spanish_Data_Protection_Agency,decision_Spain_292,DECIDED,,60000.0
dpa_Spanish_Agency_for_Data_Protection,decision_Spain_294,DECIDED,,0.0
dpa_Spanish_Agency_for_Data_Protection,decision_Spain_293,DECIDED,2021-03-30 00:00:00+00:00,5000000.0
dpa_Spanish_Data_Protection_Agency,decision_Spain_295,DECIDED,,0.0
dpa_Spanish_Agency_for_Data_Protection,decision_Spain_298,DECIDED,,0.0
dpa_Spanish_Data_Protection_Agency,decision_Spain_300,DECIDED,,60000.0
dpa_Spanish_Agency_for_Data_Protection,decision_Spain_299,DECIDED,,30000.0
dpa_Spanish_Agency_for_Data_Protection,decision_Spain_303,DECIDED,,90000.0
dpa_Spanish_Data_Protection_Agency,decision_Spain_301,DECIDED,,132000.0
dpa_Agencia_Española_de_Protección_de_Datos,decision_Spain_302,DECIDED,2020-03-30 00:00:00+00:00,0.0
dpa_Spanish_Data_Protection_Agency,decision_Spain_304,DECIDED,,0.0
dpa_Spanish_Agency_for_Data_Protection,decision_Spain_305,DECIDED,,0.0
dpa_Spanish_Data_Protection_Agency,decision_Spain_309,DECIDED,,0.0
dpa_Spanish_Data_Protection_Agency,decision_Spain_306,DECIDED,,3000.0
dpa_Spanish_Data_Protection_Agency,decision_Spain_312,DECIDED,,1800.0
dpa_Spanish_Data_Protection_Agency,decision_Spain_307,DECIDED,,3000.0
dpa_Spanish_Data_Protection_Agency,decision_Spain_308,DECIDED,,44000.0
dpa_Spanish_Agency_for_Data_Protection,decision_Spain_311,DECIDED,,35000.0
dpa_Spanish_Agency_for_Data_Protection,decision_Spain_313,DECIDED,,0.0
dpa_Spanish_Agency_for_Data_Protection,decision_Spain_314,DECIDED,,24000.0
dpa_Spanish_Agency_for_Data_Protection,decision_Spain_315,DECIDED,,4000.0
dpa_Spanish_Agency_for_Data_Protection,decision_Spain_320,DECIDED,,0.0
dpa_Spanish_Agency_for_Data_Protection,decision_Spain_318,DECIDED,2021-09-27 00:00:00+00:00,40000.0
dpa_Spanish_Agency_for_Data_Protection,decision_Spain_317,DECIDED,,0.0
dpa_Agencia_Española_de_Protección_de_Datos,decision_Spain_316,DECIDED,,33000.0
dpa_Spanish_Agency_for_Data_Protection,decision_Spain_319,DECIDED,,0.0
dpa_Spanish_Agency_for_Data_Protection,decision_Spain_321,DECIDED,,55000.0
dpa_Spanish_Data_Protection_Agency,decision_Spain_323,DECIDED,,2000.0
dpa_Spanish_Agency_for_Data_Protection,decision_Spain_325,DECIDED,,0.0
dpa_Spanish_Agency_for_Data_Protection,decision_Spain_322,DECIDED,,3000.0
dpa_Spanish_Agency_for_Data_Protection,decision_Spain_327,DECIDED,,0.0
dpa_Spanish_Agency_for_Data_Protection,decision_Spain_324,DECIDED,,9000.0
dpa_Spanish_Agency_for_Data_Protection,decision_Spain_326,DECIDED,,2520000.0
dpa_Spanish_Agency_for_Data_Protection,decision_Spain_328,DECIDED,,6000.0
dpa_Spanish_Agency_for_Data_Protection,decision_Spain_329,DECIDED,,0.0
dpa_Spanish_Data_Protection_Agency,decision_Spain_332,DECIDED,,0.0
dpa_Spanish_Agency_for_Data_Protection,decision_Spain_330,DECIDED,,0.0
dpa_Spanish_Agency_for_Data_Protection,decision_Spain_331,DECIDED,,0.0
dpa_Spanish_Data_Protection_Agency,decision_Spain_334,DECIDED,,50000.0
dpa_Agencia_Española_de_Protección_de_Datos,decision_Spain_335,DECIDED,,1800.0
dpa_Spanish_Agency_for_Data_Protection,decision_Spain_333,DECIDED,,0.0
dpa_Spanish_Agency_for_Data_Protection,decision_Spain_336,DECIDED,,0.0
dpa_Agencia_Española_de_Protección_de_Datos,decision_Spain_340,DECIDED,,9000.0
dpa_Spanish_Data_Protection_Agency,decision_Spain_337,DECIDED,,3000.0
dpa_Spanish_Agency_for_Data_Protection,decision_Spain_341,DECIDED,,20000.0
dpa_Spanish_Agency_for_Data_Protection,decision_Spain_338,DECIDED,,45000.0
dpa_Spanish_Agency_for_Data_Protection,decision_Spain_342,DECIDED,,25000.0
dpa_Spanish_Agency_for_Data_Protection,decision_Spain_343,DECIDED,,5000.0
dpa_Spanish_Agency_for_Data_Protection,decision_Spain_344,DECIDED,,0.0
dpa_Spanish_Agency_for_Data_Protection,decision_Spain_345,DECIDED,,
dpa_Spanish_Agency_for_Data_Protection,decision_Spain_346,DECIDED,,600.0
dpa_Spanish_Agency_for_Data_Protection,decision_Spain_347,DECIDED,,3000.0
dpa_Spanish_Data_Protection_Agency,decision_Spain_349,DECIDED,,0.0
dpa_Spanish_Agency_for_Data_Protection,decision_Spain_350,DECIDED,,3000.0
dpa_Spanish_Agency_for_Data_Protection,decision_Spain_348,DECIDED,,4200.0
dpa_Spanish_Agency_for_Data_Protection,decision_Spain_351,DECIDED,,15000.0
dpa_Spanish_Agency_for_Data_Protection,decision_Spain_352,DECIDED,,45000.0
dpa_Spanish_Agency_for_Data_Protection,decision_Spain_353,DECIDED,2020-11-13 00:00:00+00:00,0.0
dpa_Spanish_Agency_for_Data_Protection,decision_Spain_354,DECIDED,,3000.0
dpa_Spanish_Data_Protection_Agency,decision_Spain_355,DECIDED,,3000.0
dpa_Spanish_Agency_for_Data_Protection,decision_Spain_357,DECIDED,,2000.0
dpa_Spanish_Agency_for_Data_Protection,decision_Spain_356,DECIDED,,1200.0
dpa_Spanish_Agency_for_Data_Protection,decision_Spain_358,DECIDED,,20000.0
dpa_Spanish_Data_Protection_Agency,decision_Spain_360,DECIDED,,1600.0
dpa_Spanish_Agency_for_Data_Protection,decision_Spain_359,DECIDED,,600000.0
dpa_Spanish_Agency_for_Data_Protection,decision_Spain_362,DECIDED,,75000.0
dpa_Spanish_Agency_for_Data_Protection,decision_Spain_361,DECIDED,,45000.0
dpa_Spanish_Agency_for_Data_Protection,decision_Spain_364,DECIDED,,3000.0
dpa_Spanish_Agency_for_Data_Protection,decision_Spain_363,DECIDED,,25000.0
dpa_Spanish_Data_Protection_Agency,decision_Spain_367,DECIDED,,12000.0
dpa_Spanish_Agency_for_Data_Protection,decision_Spain_366,DECIDED,,0.0
dpa_Spanish_Data_Protection_Agency,decision_Spain_368,DECIDED,,1800.0
dpa_Spanish_Agency_for_Data_Protection,decision_Spain_370,DECIDED,,2000.0
dpa_Spanish_Agency_for_Data_Protection,decision_Spain_369,DECIDED,,96000.0
dpa_Spanish_Agency_for_Data_Protection,decision_Spain_371,DECIDED,,56000.0
dpa_Spanish_Agency_for_Data_Protection,decision_Spain_372,DECIDED,,0.0
dpa_Spanish_Agency_for_Data_Protection,decision_Spain_373,DECIDED,,1600.0
dpa_Spanish_Data_Protection_Agency,decision_Spain_375,DECIDED,,30000.0
dpa_Spanish_Agency_for_Data_Protection,decision_Spain_374,DECIDED,,0.0
dpa_Spanish_Agency_for_Data_Protection,decision_Spain_376,DECIDED,,40000.0
dpa_Spanish_Agency_for_Data_Protection,decision_Spain_378,DECIDED,,200000.0
dpa_Spanish_Agency_for_Data_Protection,decision_Spain_377,DECIDED,,1600.0
dpa_Spanish_Data_Protection_Agency,decision_Spain_379,DECIDED,,0.0
dpa_Spanish_Agency_for_Data_Protection,decision_Spain_381,DECIDED,,0.0
dpa_Spanish_Data_Protection_Agency,decision_Spain_380,DECIDED,,45000.0
dpa_Spanish_Data_Protection_Agency,decision_Spain_382,DECIDED,,3000.0
dpa_Spanish_Agency_for_Data_Protection,decision_Spain_383,DECIDED,,2000.0
dpa_Spanish_Data_Protection_Agency,decision_Spain_384,DECIDED,,0.0
dpa_Spanish_Data_Protection_Agency,decision_Spain_387,DECIDED,,20000.0
dpa_Spanish_Data_Protection_Agency,decision_Spain_389,DECIDED,,48000.0
dpa_Spanish_Agency_for_Data_Protection,decision_Spain_388,DECIDED,,5000.0
dpa_Spanish_Agency_for_Data_Protection,decision_Spain_385,DECIDED,,6000.0
dpa_Spanish_Agency_for_Data_Protection,decision_Spain_386,DECIDED,,50000.0
dpa_Spanish_Agency_for_Data_Protection,decision_Spain_391,DECIDED,,1200.0
dpa_Spanish_Data_Protection_Agency,decision_Spain_390,DECIDED,,40000.0
dpa_Spanish_Agency_for_Data_Protection,decision_Spain_392,DECIDED,,36000.0
dpa_Spanish_Agency_for_Data_Protection,decision_Spain_393,DECIDED,,100000.0
dpa_Spanish_Agency_for_Data_Protection,decision_Spain_394,DECIDED,,0.0
dpa_Spanish_Agency_for_Data_Protection,decision_Spain_396,DECIDED,,1500.0
dpa_Spanish_Data_Protection_Agency,decision_Spain_397,DECIDED,,2100000.0
dpa_Spanish_Agency_for_Data_Protection,decision_Spain_395,DECIDED,,80000.0
dpa_Spanish_Data_Protection_Agency,decision_Spain_398,DECIDED,,60000.0
dpa_Agencia_Española_de_Protección_de_Datos_(AEPD),decision_Spain_406,DECIDED,2021-11-26 00:00:00+00:00,
dpa_Spanish_Data_Protection_Agency,decision_Spain_401,DECIDED,,7800.0
dpa_Spanish_Agency_for_Data_Protection,decision_Spain_400,DECIDED,,50000.0
dpa_Spanish_Data_Protection_Agency,decision_Spain_402,DECIDED,,120000.0
dpa_Spanish_Agency_for_Data_Protection,decision_Spain_399,DECIDED,,12000.0
dpa_Spanish_Agency_for_Data_Protection,decision_Spain_405,DECIDED,,15000.0
dpa_Spanish_Agency_for_Data_Protection,decision_Spain_403,DECIDED,,75000.0
dpa_Agencia_Española_de_Protección_de_Datos,decision_Spain_404,DECIDED,2021-11-13 00:00:00+00:00,1500000.0
dpa_Spanish_Agency_for_Data_Protection,decision_Spain_408,DECIDED,,5000.0
dpa_Spanish_Data_Protection_Agency,decision_Spain_410,DECIDED,,3000.0
dpa_Spanish_Data_Protection_Agency,decision_Spain_409,DECIDED,,
dpa_Spanish_Agency_for_Data_Protection,decision_Spain_411,DECIDED,,4000.0
dpa_Spanish_Data_Protection_Agency,decision_Spain_417,DECIDED,,0.0
dpa_Spanish_Data_Protection_Agency,decision_Spain_412,DECIDED,,1800.0
dpa_Spanish_Agency_for_Data_Protection,decision_Spain_415,DECIDED,,50000.0
dpa_Spanish_Agency_for_Data_Protection,decision_Spain_414,DECIDED,,0.0
dpa_Spanish_Data_Protection_Agency,decision_Spain_418,DECIDED,2020-11-13 00:00:00+00:00,0.0
dpa_Spanish_Agency_for_Data_Protection,decision_Spain_416,DECIDED,,5000.0
dpa_Spanish_Agency_for_Data_Protection,decision_Spain_419,DECIDED,,12000.0
dpa_Spanish_Agency_for_Data_Protection,decision_Spain_421,DECIDED,,20000.0
dpa_Spanish_Agency_for_Data_Protection,decision_Spain_420,DECIDED,2021-11-13 00:00:00+00:00,50000.0
dpa_Spanish_Agency_for_Data_Protection,decision_Spain_422,DECIDED,,15000.0
dpa_Spanish_Agency_for_Data_Protection,decision_Spain_423,DECIDED,,40000.0
dpa_Spanish_Data_Protection_Agency,decision_Spain_424,DECIDED,,900.0
dpa_Spanish_Data_Protection_Agency,decision_Spain_426,DECIDED,,170000.0
dpa_Spanish_Agency_for_Data_Protection,decision_Spain_425,DECIDED,,2000000.0
dpa_Spanish_Data_Protection_Agency,decision_Spain_427,DECIDED,,900.0
dpa_Spanish_Agency_for_Data_Protection,decision_Spain_428,DECIDED,,2000.0
dpa_Spanish_Agency_for_Data_Protection,decision_Spain_429,DECIDED,,0.0
dpa_Spanish_Data_Protection_Agency,decision_Spain_430,DECIDED,,0.0
dpa_Spanish_Agency_for_Data_Protection,decision_Spain_431,DECIDED,,2000.0
dpa_Spanish_Data_Protection_Agency,decision_Spain_432,DECIDED,,2000.0
dpa_Spanish_Agency_for_Data_Protection,decision_Spain_435,DECIDED,,1500.0
dpa_Spanish_Agency_for_Data_Protection,decision_Spain_433,DECIDED,,1000.0
dpa_Spanish_Data_Protection_Agency,decision_Spain_436,DECIDED,,50000.0
dpa_Spanish_Agency_for_Data_Protection,decision_Spain_434,DECIDED,,3000.0
dpa_Spanish_Data_Protection_Agency,decision_Spain_438,DECIDED,,75000.0
dpa_Spanish_Agency_for_Data_Protection,decision_Spain_440,DECIDED,,9000.0
dpa_Spanish_Agency_for_Data_Protection,decision_Spain_437,DECIDED,,0.0
dpa_Spanish_Agency_for_Data_Protection,decision_Spain_441,DECIDED,,70000.0
dpa_Spanish_Agency_for_Data_Protection,decision_Spain_439,DECIDED,,1200.0
dpa_Spanish_Agency_for_Data_Protection,decision_Spain_443,DECIDED,,0.0
dpa_Spanish_Agency_for_Data_Protection,decision_Spain_442,DECIDED,,50000.0
dpa_Spanish_Agency_for_Data_Protection,decision_Spain_446,DECIDED,,0.0
dpa_Agencia_Española_de_Protección_de_Datos,decision_Spain_444,DECIDED,,3000.0
dpa_Spanish_Data_Protection_Agency,decision_Spain_445,DECIDED,2019-10-29 00:00:00+00:00,6000.0
dpa_Spanish_Agency_for_Data_Protection,decision_Spain_449,DECIDED,,30000.0
dpa_Spanish_Agency_for_Data_Protection,decision_Spain_451,DECIDED,,36000.0
dpa_Spanish_Agency_for_Data_Protection,decision_Spain_452,DECIDED,,2000.0
dpa_Spanish_Agency_for_Data_Protection,decision_Spain_450,DECIDED,,
dpa_Spanish_Agency_for_Data_Protection,decision_Spain_453,DECIDED,,36000.0
dpa_Spanish_Data_Protection_Agency,decision_Spain_455,DECIDED,,30000.0
dpa_Spanish_Agency_for_Data_Protection,decision_Spain_454,DECIDED,,30000.0
dpa_Spanish_Data_Protection_Agency,decision_Spain_457,DECIDED,,0.0
dpa_Spanish_Agency_for_Data_Protection,decision_Spain_456,DECIDED,,
dpa_Spanish_Agency_for_Data_Protection,decision_Spain_459,DECIDED,,2400.0
dpa_Spanish_Agency_for_Data_Protection,decision_Spain_458,DECIDED,,100000.0
dpa_Spanish_Agency_for_Data_Protection,decision_Spain_461,DECIDED,2020-12-03 00:00:00+00:00,6000.0
dpa_Spanish_Agency_for_Data_Protection,decision_Spain_466,DECIDED,,0.0
dpa_Spanish_Agency_for_Data_Protection,decision_Spain_467,DECIDED,,0.0
dpa_Spanish_Data_Protection_Agency,decision_Spain_463,DECIDED,,0.0
dpa_Spanish_Agency_for_Data_Protection,decision_Spain_462,DECIDED,,300000.0
dpa_Spanish_Agency_for_Data_Protection,decision_Spain_460,DECIDED,,6000.0
dpa_Spanish_Agency_for_Data_Protection,decision_Spain_464,DECIDED,,10000.0
dpa_Spanish_Agency_for_Data_Protection,decision_Spain_465,DECIDED,,50000.0
dpa_Spanish_Data_Protection_Agency,decision_Spain_469,DECIDED,,0.0
dpa_Spanish_Data_Protection_Agency,decision_Spain_471,DECIDED,,0.0
dpa_Spanish_Agency_for_Data_Protection,decision_Spain_470,DECIDED,,4800.0
dpa_Spanish_Data_Protection_Agency,decision_Spain_468,DECIDED,,
dpa_Spanish_Agency_for_Data_Protection,decision_Spain_479,DECIDED,,30000.0
dpa_Spanish_Agency_for_Data_Protection,decision_Spain_472,DECIDED,,0.0
dpa_Spanish_Agency_for_Data_Protection,decision_Spain_473,DECIDED,,4000.0
dpa_Spanish_Data_Protection_Agency,decision_Spain_476,DECIDED,,0.0
dpa_Spanish_Agency_for_Data_Protection,decision_Spain_474,DECIDED,2021-01-18 00:00:00+00:00,3000.0
dpa_Spanish_Data_Protection_Agency,decision_Spain_478,DECIDED,,0.0
dpa_Spanish_Agency_for_Data_Protection,decision_Spain_480,DECIDED,,0.0
dpa_Agencia_Española_de_Protección_de_Datos,decision_Spain_482,DECIDED,,30000.0
dpa_Spanish_Agency_for_Data_Protection,decision_Spain_481,DECIDED,,42000.0
dpa_Spanish_Agency_for_Data_Protection,decision_Spain_484,DECIDED,,1500.0
dpa_Spanish_Agency_for_Data_Protection,decision_Spain_485,DECIDED,,0.0
dpa_Spanish_Agency_for_Data_Protection,decision_Spain_487,DECIDED,,20000.0
dpa_Spanish_Agency_for_Data_Protection,decision_Spain_483,DECIDED,,42000.0
dpa_Spanish_Agency_for_Data_Protection,decision_Spain_486,DECIDED,2021-07-27 00:00:00+00:00,120000.0
dpa_Spanish_Agency_for_Data_Protection,decision_Spain_490,DECIDED,,6000.0
dpa_Spanish_Agency_for_Data_Protection,decision_Spain_488,DECIDED,,0.0
dpa_Spanish_Data_Protection_Agency,decision_Spain_492,DECIDED,,6000.0
dpa_Spanish_Data_Protection_Agency,decision_Spain_491,DECIDED,,200000.0
dpa_Spanish_Data_Protection_Agency,decision_Spain_493,DECIDED,2022-05-22 00:00:00+00:00,0.0
dpa_Spanish_Data_Protection_Agency,decision_Spain_494,DECIDED,,20000.0
dpa_Spanish_Agency_for_Data_Protection,decision_Spain_496,DECIDED,,0.0
dpa_Spanish_Data_Protection_Agency,decision_Spain_495,DECIDED,,70000.0
dpa_Spanish_Data_Protection_Agency,decision_Spain_497,DECIDED,,3600.0
dpa_Spanish_Data_Protection_Agency,decision_Spain_498,DECIDED,,0.0
dpa_Spanish_Agency_for_Data_Protection,decision_Spain_499,DECIDED,,0.0
dpa_Spanish_Agency_for_Data_Protection,decision_Spain_501,DECIDED,,3000.0
dpa_Spanish_Data_Protection_Agency,decision_Spain_500,DECIDED,,8000.0
dpa_Spanish_Data_Protection_Agency,decision_Spain_503,DECIDED,,25000.0
dpa_Spanish_Data_Protection_Agency,decision_Spain_506,DECIDED,,2000.0
dpa_Spanish_Agency_for_Data_Protection,decision_Spain_502,DECIDED,,3000.0
dpa_Spanish_Data_Protection_Agency,decision_Spain_504,DECIDED,,0.0
dpa_Spanish_Agency_for_Data_Protection,decision_Spain_505,DECIDED,,1500.0
dpa_Spanish_Data_Protection_Agency,decision_Spain_509,DECIDED,,20000.0
dpa_Spanish_Agency_for_Data_Protection,decision_Spain_507,DECIDED,,3000.0
dpa_Spanish_Agency_of_Data_Protection,decision_Spain_508,DECIDED,,6000.0
dpa_Spanish_Data_Protection_Agency,decision_Spain_510,DECIDED,,60000.0
dpa_Spanish_Agency_for_Data_Protection,decision_Spain_511,DECIDED,,3000.0
dpa_Spanish_Agency_for_Data_Protection,decision_Spain_514,DECIDED,,0.0
dpa_Spanish_Agency_for_Data_Protection,decision_Spain_513,DECIDED,,50000.0
dpa_Spanish_Agency_for_Data_Protection,decision_Spain_515,DECIDED,2020-11-13 00:00:00+00:00,0.0
dpa_Spanish_Agency_for_Data_Protection,decision_Spain_516,DECIDED,,3000.0
dpa_Spanish_Agency_for_Data_Protection,decision_Spain_522,DECIDED,,25000.0
dpa_Spanish_Agency_for_Data_Protection,decision_Spain_517,DECIDED,,1500.0
dpa_Spanish_Agency_for_Data_Protection,decision_Spain_518,DECIDED,,100000.0
dpa_Spanish_Data_Protection_Agency,decision_Spain_519,DECIDED,,75000.0
dpa_Spanish_Data_Protection_Agency,decision_Spain_524,DECIDED,,0.0
dpa_Spanish_Data_Protection_Agency,decision_Spain_525,DECIDED,,0.0
dpa_Spanish_Agency_for_Data_Protection,decision_Spain_521,DECIDED,,40000.0
dpa_Spanish_Agency_for_Data_Protection,decision_Spain_520,DECIDED,,54000.0
dpa_Spanish_Data_Protection_Agency,decision_Spain_523,DECIDED,,48000.0
dpa_Spanish_Data_Protection_Agency,decision_Spain_526,DECIDED,,1500.0
dpa_Agencia_Española_de_Protección_de_Datos,decision_Spain_527,DECIDED,,5000.0
dpa_Spanish_Data_Protection_Agency,decision_Spain_536,DECIDED,,5000.0
dpa_Spanish_Agency_for_Data_Protection,decision_Spain_532,DECIDED,,
dpa_Spanish_Agency_for_Data_Protection,decision_Spain_529,DECIDED,,0.0
dpa_Spanish_Agency_for_Data_Protection,decision_Spain_533,DECIDED,,120000.0
dpa_Spanish_Data_Protection_Agency,decision_Spain_530,DECIDED,2021-10-04 00:00:00+00:00,60000.0
dpa_Spanish_Agency_for_Data_Protection,decision_Spain_534,DECIDED,,24000.0
dpa_Spanish_Agency_for_Data_Protection,decision_Spain_535,DECIDED,,2000.0
dpa_Spanish_Agency_for_Data_Protection,decision_Spain_537,DECIDED,,0.0
dpa_Spanish_Agency_for_Data_Protection,decision_Spain_539,DECIDED,,0.0
dpa_Spanish_Agency_for_Data_Protection,decision_Spain_541,DECIDED,,0.0
dpa_Spanish_Agency_for_Data_Protection,decision_Spain_542,DECIDED,,90000.0
dpa_Spanish_Data_Protection_Agency,decision_Spain_544,DECIDED,,5000.0
dpa_Spanish_Agency_for_Data_Protection,decision_Spain_543,DECIDED,,3000.0
dpa_Spanish_Agency_for_Data_Protection,decision_Spain_540,DECIDED,,
dpa_Spanish_Data_Protection_Agency,decision_Spain_545,DECIDED,,70000.0
dpa_Spanish_Data_Protection_Agency,decision_Spain_546,DECIDED,,75000.0
dpa_Spanish_Data_Protection_Agency,decision_Spain_547,DECIDED,,80000.0
dpa_Spanish_Agency_for_Data_Protection,decision_Spain_549,DECIDED,,
dpa_Spanish_Agency_for_Data_Protection,decision_Spain_551,DECIDED,,3000.0
dpa_Spanish_Agency_for_Data_Protection,decision_Spain_550,DECIDED,,3000.0
dpa_Spanish_Agency_for_Data_Protection,decision_Spain_552,DECIDED,,60000.0
dpa_Spanish_Agency_for_Data_Protection,decision_Spain_558,DECIDED,,
dpa_Spanish_Agency_for_Data_Protection,decision_Spain_553,DECIDED,,1500.0
dpa_Spanish_Agency_for_Data_Protection,decision_Spain_554,DECIDED,,50000.0
dpa_Spanish_Agency_for_Data_Protection,decision_Spain_555,DECIDED,,4000.0
dpa_Spanish_Agency_for_Data_Protection,decision_Spain_556,DECIDED,,16000.0
dpa_Spanish_Agency_for_Data_Protection,decision_Spain_559,DECIDED,,3000.0
dpa_Spanish_Agency_for_Data_Protection,decision_Spain_557,DECIDED,,150000.0
dpa_Spanish_Agency_for_Data_Protection,decision_Spain_562,DECIDED,,8000.0
dpa_Spanish_Agency_for_Data_Protection,decision_Spain_561,DECIDED,,3000.0
dpa_Spanish_Agency_for_Data_Protection,decision_Spain_563,DECIDED,2021-03-09 00:00:00+00:00,60000.0
dpa_Spanish_Agency_for_Data_Protection,decision_Spain_560,DECIDED,,
dpa_Spanish_Agency_for_Data_Protection,decision_Spain_564,DECIDED,,8000.0
dpa_Spanish_Agency_for_Data_Protection,decision_Spain_565,DECIDED,,6000.0
dpa_Spanish_Agency_for_Data_Protection,decision_Spain_568,DECIDED,2021-12-23 00:00:00+00:00,56000.0
dpa_Spanish_Data_Protection_Agency,decision_Spain_566,DECIDED,,75000.0
dpa_Spanish_Agency_for_Data_Protection,decision_Spain_567,DECIDED,,3000000.0
dpa_Spanish_Data_Protection_Agency,decision_Spain_575,DECIDED,,55000.0
dpa_NOT_DISCUSSED,decision_Spain_572,DECIDED,,0.0
dpa_Spanish_Agency_for_Data_Protection,decision_Spain_570,DECIDED,,2000.0
dpa_Spanish_Agency_for_Data_Protection,decision_Spain_569,DECIDED,,12000.0
dpa_Spanish_Data_Protection_Agency,decision_Spain_571,DECIDED,,0.0
dpa_Spanish_Agency_for_Data_Protection,decision_Spain_573,DECIDED,2022-08-23 00:00:00+00:00,0.0
dpa_Spanish_Agency_for_Data_Protection,decision_Spain_574,DECIDED,,1800.0
dpa_Spanish_Data_Protection_Agency,decision_Spain_578,DECIDED,,0.0
dpa_Spanish_Data_Protection_Agency,decision_Spain_576,DECIDED,,480.0
dpa_Spanish_Data_Protection_Agency,decision_Spain_581,DECIDED,,10000.0
dpa_Spanish_Data_Protection_Agency,decision_Spain_577,DECIDED,,80000.0
dpa_Spanish_Data_Protection_Agency,decision_Spain_582,DECIDED,2024-01-16 00:00:00+00:00,1200.0
dpa_Spanish_Data_Protection_Agency_(AEPD),decision_Spain_580,DECIDED,,0.0
dpa_Spanish_Data_Protection_Agency,decision_Spain_579,DECIDED,,
dpa_Spanish_Data_Protection_Agency,decision_Spain_583,DECIDED,,70000.0
dpa_Agencia_Española_de_Protección_de_Datos,decision_Spain_584,DECIDED,,0.0
dpa_Spanish_Data_Protection_Agency,decision_Spain_590,DECIDED,,0.0
dpa_Spanish_Data_Protection_Agency,decision_Spain_585,DECIDED,,
dpa_Spanish_Data_Protection_Agency,decision_Spain_587,DECIDED,,0.0
dpa_Spanish_Data_Protection_Agency,decision_Spain_588,DECIDED,,0.0
dpa_Spanish_Agency_for_Data_Protection,decision_Spain_589,DECIDED,,0.0
dpa_Spanish_Agency_for_Data_Protection,decision_Spain_591,DECIDED,,0.0
dpa_Agencia_Española_de_Protección_de_Datos,decision_Spain_592,DECIDED,,0.0
dpa_Agencia_Española_de_Protección_de_Datos,decision_Spain_593,DECIDED,,0.0
dpa_Spanish_Data_Protection_Agency,decision_Spain_595,DECIDED,,0.0
dpa_Spanish_Data_Protection_Agency,decision_Spain_596,DECIDED,,0.0
dpa_Spanish_Agency_for_Data_Protection,decision_Spain_597,DECIDED,,0.0
dpa_Spanish_Data_Protection_Agency,decision_Spain_594,DECIDED,,0.0
dpa_Spanish_Agency_for_Data_Protection,decision_Spain_598,DECIDED,,0.0
dpa_Spanish_Agency_for_Data_Protection,decision_Spain_599,DECIDED,,0.0
dpa_Spanish_Data_Protection_Agency,decision_Spain_600,DECIDED,,0.0
dpa_Spanish_Agency_for_Data_Protection,decision_Spain_605,DECIDED,,0.0
dpa_Spanish_Data_Protection_Agency,decision_Spain_603,DECIDED,,0.0
dpa_Spanish_Agency_for_Data_Protection,decision_Spain_601,DECIDED,,
dpa_Spanish_Data_Protection_Agency,decision_Spain_602,DECIDED,,0.0
dpa_Spanish_Data_Protection_Agency,decision_Spain_604,DECIDED,,0.0
dpa_Spanish_Data_Protection_Agency,decision_Spain_606,DECIDED,,0.0
dpa_Spanish_Data_Protection_Agency,decision_Spain_607,DECIDED,,0.0
dpa_Spanish_Data_Protection_Agency,decision_Spain_611,DECIDED,,0.0
dpa_Agencia_Española_de_Protección_de_Datos,decision_Spain_612,DECIDED,,0.0
dpa_Spanish_Data_Protection_Agency,decision_Spain_610,DECIDED,,0.0
dpa_Catalan_Data_Protection_Authority,decision_Spain_615,DECIDED,,0.0
dpa_Spanish_Data_Protection_Agency,decision_Spain_614,DECIDED,,0.0
dpa_Spanish_Agency_for_Data_Protection,decision_Spain_613,DECIDED,,0.0
dpa_Spanish_Data_Protection_Agency,decision_Spain_616,DECIDED,,600.0
dpa_Catalan_Data_Protection_Authority_(APDCAT),decision_Spain_617,DECIDED,2022-11-24 00:00:00+00:00,0.0
dpa_Catalan_Data_Protection_Agency_(APDCAT),decision_Spain_619,DECIDED,2021-11-04 00:00:00+00:00,0.0
dpa_Catalan_Data_Protection_Authority,decision_Spain_621,DECIDED,,0.0
dpa_Catalan_Data_Protection_Authority,decision_Spain_620,DECIDED,,0.0
dpa_Catalan_Data_Protection_Authority,decision_Spain_624,DECIDED,,0.0
dpa_Basque_Agency_for_the_Protection_of_Data,decision_Spain_630,DECIDED,2022-03-07 00:00:00+00:00,0.0
dpa_Catalan_Data_Protection_Authority,decision_Spain_625,DECIDED,,0.0
dpa_Agència_de_Protecció_de_Dades_de_Catalunya,decision_Spain_618,DECIDED,,
dpa_Basque_Agency_for_Data_Protection,decision_Spain_631,DECIDED,,
dpa_Information_Commissioner,decision_Slovenia_1,DECIDED,,
dpa_Information_Commissioner,decision_Slovenia_3,DECIDED,2021-03-25 00:00:00+00:00,0.0
dpa_Catalan_Data_Protection_Authority,decision_Spain_627,DECIDED,,0.0
dpa_Catalan_Data_Protection_Authority,decision_Spain_626,DECIDED,,3000.0
dpa_Council_for_Transparency_and_Protection_of_Data_of_Andalusia,decision_Spain_628,DECIDED,,0.0
dpa_Transparency_and_Data_Protection_Council_of_Andalusia,decision_Spain_629,DECIDED,,0.0
dpa_Information_Commissioner,decision_Slovenia_4,DECIDED,,0.0
dpa_Information_Commissioner,decision_Slovenia_5,DECIDED,,0.0
dpa_Information_Commissioner_of_the_Republic_of_Slovenia,decision_Slovenia_8,DECIDED,,0.0
dpa_Informacijski_pooblaščenec,decision_Slovenia_6,DECIDED,,
dpa_Information_Commissioner_of_the_Republic_of_Slovenia,decision_Slovenia_9,DECIDED,,0.0
dpa_Information_Commissioner_of_the_Republic_of_Slovenia,decision_Slovenia_7,DECIDED,,0.0
dpa_Information_Commissioner_of_the_Republic_of_Slovenia,decision_Slovenia_10,DECIDED,,0.0
dpa_Information_Commissioner,decision_Slovenia_12,DECIDED,,0.0
dpa_Information_Commissioner,decision_Slovenia_11,DECIDED,,0.0
dpa_Information_Commissioner_of_the_Republic_of_Slovenia,decision_Slovenia_14,DECIDED,2021-04-12 00:00:00+00:00,0.0
dpa_Information_Commissioner,decision_Slovenia_18,DECIDED,2020-02-14 00:00:00+00:00,0.0
dpa_Information_Commissioner,decision_Slovenia_13,DECIDED,,
dpa_Information_Commissioner,decision_Slovenia_16,DECIDED,,0.0
dpa_Information_Commissioner_(IP),decision_Slovenia_15,DECIDED,2021-04-12 00:00:00+00:00,0.0
dpa_Information_Commissioner_(IP),decision_Slovenia_17,DECIDED,,0.0
dpa_Information_Commissioner_of_the_Republic_of_Slovenia,decision_Slovenia_19,DECIDED,,0.0
dpa_Information_Commissioner,decision_Slovenia_21,DECIDED,2020-02-14 00:00:00+00:00,0.0
dpa_Information_Commissioner,decision_Slovenia_20,DECIDED,,0.0
dpa_Information_Commissioner,decision_Slovenia_24,DECIDED,,0.0
dpa_Information_Commissioner,decision_Slovenia_23,DECIDED,,
dpa_Information_Commissioner,decision_Slovenia_25,DECIDED,,0.0
dpa_Information_Commissioner_(Slovenia),decision_Slovenia_22,DECIDED,,
dpa_Information_Commissioner,decision_Slovenia_26,DECIDED,,0.0
dpa_Information_Commissioner_of_the_Republic_of_Slovenia,decision_Slovenia_34,DECIDED,2020-07-28 00:00:00+00:00,0.0
dpa_Information_Commissioner,decision_Slovenia_27,DECIDED,,
dpa_Information_Commissioner_of_the_Republic_of_Slovenia,decision_Slovenia_28,DECIDED,,0.0
dpa_Information_Commissioner_(Slovenia),decision_Slovenia_29,DECIDED,2020-04-23 00:00:00+00:00,0.0
dpa_Information_Commissioner,decision_Slovenia_30,DECIDED,2020-04-23 00:00:00+00:00,0.0
dpa_Information_Commissioner,decision_Slovenia_31,DECIDED,2020-06-10 00:00:00+00:00,0.0
dpa_Information_Commissioner_of_the_Republic_of_Slovenia,decision_Slovenia_32,DECIDED,,
dpa_Information_Commissioner_of_the_Republic_of_Slovenia,decision_Slovenia_33,DECIDED,,0.0
dpa_Information_Commissioner,decision_Slovenia_35,DECIDED,,0.0
dpa_Information_Commissioner,decision_Slovenia_36,DECIDED,,0.0
dpa_Information_Commissioner,decision_Slovenia_37,DECIDED,,0.0
dpa_Information_Commissioner,decision_Slovenia_38,DECIDED,,0.0
dpa_Informacijski_pooblaščenec_(Information_Commissioner),decision_Slovenia_41,DECIDED,,0.0
dpa_Information_Commissioner,decision_Slovenia_39,DECIDED,,
dpa_Information_Commissioner,decision_Slovenia_42,DECIDED,,0.0
dpa_Information_Commissioner_(Slovenia),decision_Slovenia_43,DECIDED,,0.0
dpa_Information_Commissioner_(IP),decision_Slovenia_44,DECIDED,,0.0
dpa_Information_Commissioner,decision_Slovenia_45,DECIDED,,0.0
dpa_Information_Commissioner_(Slovenia),decision_Slovenia_46,DECIDED,2021-04-06 00:00:00+00:00,0.0
dpa_Information_Commissioner_(Slovenia),decision_Slovenia_47,DECIDED,2021-04-08 00:00:00+00:00,0.0
dpa_Informacijski_pooblaščenec_(IP),decision_Slovenia_50,DECIDED,2021-03-15 00:00:00+00:00,0.0
dpa_Information_Commissioner_of_the_Republic_of_Slovenia,decision_Slovenia_48,DECIDED,,
dpa_Information_Commissioner,decision_Slovenia_51,DECIDED,,
dpa_Information_Commissioner,decision_Slovenia_55,DECIDED,,0.0
dpa_Information_Commissioner,decision_Slovenia_56,DECIDED,,
dpa_Information_Commissioner,decision_Slovenia_53,DECIDED,,0.0
dpa_Information_Commissioner_(Slovenia),decision_Slovenia_54,DECIDED,,0.0
dpa_Information_Commissioner,decision_Slovenia_57,DECIDED,,
dpa_Information_Commissioner_of_Slovenia,decision_Slovenia_58,DECIDED,,500.0
dpa_Information_Commissioner,decision_Slovenia_61,DECIDED,,6255.0
dpa_Information_Commissioner,decision_Slovenia_62,DECIDED,,0.0
dpa_Information_Commissioner_of_the_Republic_of_Slovenia,decision_Slovenia_63,DECIDED,,
dpa_Information_Commissioner,decision_Slovenia_65,DECIDED,2022-01-18 00:00:00+00:00,0.0
dpa_Information_Commissioner,decision_Slovenia_64,DECIDED,2021-05-21 00:00:00+00:00,0.0
dpa_Information_Commissioner,decision_Slovenia_66,DECIDED,,0.0
dpa_Information_Commissioner,decision_Slovenia_67,DECIDED,,
dpa_Information_Commissioner,decision_Slovenia_68,DECIDED,,0.0
dpa_Information_Commissioner_(Slovenia),decision_Slovenia_69,DECIDED,,
dpa_Information_Commissioner,decision_Slovenia_72,DECIDED,,0.0
dpa_Informacijski_pooblaščenec_(Information_Commissioner),decision_Slovenia_73,DECIDED,,0.0
dpa_Information_Commissioner_(Slovenia),decision_Slovenia_74,DECIDED,,0.0
dpa_Information_Commissioner,decision_Slovenia_75,DECIDED,,0.0
dpa_NOT_DISCUSSED,decision_Slovenia_76,DECIDED,,
dpa_Office_for_the_Protection_of_Personal_Data_of_the_Slovak_Republic,decision_Slovakia_1,DECIDED,,0.0
dpa_Information_Commissioner,decision_Slovenia_77,DECIDED,,
dpa_National_Supervisory_Authority_for_Personal_Data_Processing,decision_Romania_1,DECIDED,2023-01-03 00:00:00+00:00,500.0
dpa_Information_Commissioner_of_the_Republic_of_Slovenia,decision_Slovenia_78,DECIDED,,
dpa_The_National_Supervisory_Authority_for_the_Processing_of_Personal_Data,decision_Romania_2,DECIDED,,
dpa_National_Supervisory_Authority,decision_Romania_4,DECIDED,,3000.0
dpa_National_Supervisory_Authority_for_the_Processing_of_Personal_Data,decision_Romania_3,DECIDED,,3000.0
dpa_A.N.S.P.D.C.P.,decision_Romania_6,DECIDED,,
dpa_The_National_Supervisory_Authority,decision_Romania_9,DECIDED,,
dpa_Autoritatea_Națională_de_Supraveghere_a_Prelucrării_Datelor_cu_Caracter_Personal_(ANSPDCP),decision_Romania_11,DECIDED,,2000.0
dpa_National_Supervisory_Authority_for_the_Processing_of_Personal_Data,decision_Romania_10,DECIDED,,17000.0
dpa_Autoritatea_Națională_de_Supraveghere_a_Prelucrării_Datelor_cu_Caracter_Personal,decision_Romania_13,DECIDED,,
dpa_National_Supervisory_Authority,decision_Romania_14,DECIDED,,10000.0
dpa_National_Supervisory_Authority,decision_Romania_15,DECIDED,,1000.0
dpa_National_Supervisory_Authority_for_Personal_Data_Processing,decision_Romania_17,DECIDED,,70000.0
dpa_National_Supervisory_Authority_for_Personal_Data_Processing,decision_Romania_20,DECIDED,,1000.0
dpa_National_Supervisory_Authority_for_the_Processing_of_Personal_Data,decision_Romania_19,DECIDED,,10000.0
dpa_National_Supervisory_Authority,decision_Romania_18,DECIDED,,
dpa_National_Supervisory_Authority,decision_Romania_24,DECIDED,,3000.0
dpa_National_Supervisory_Authority_for_the_Processing_of_Personal_Data,decision_Romania_26,DECIDED,,2000.0
dpa_A.N.S.P.D.C.P.,decision_Romania_25,DECIDED,,
dpa_A.N.S.P.D.C.P.,decision_Romania_28,DECIDED,2021-08-24 00:00:00+00:00,3000.0
dpa_National_Supervisory_Authority,decision_Romania_29,DECIDED,,1000.0
dpa_The_National_Supervisory_Authority,decision_Romania_30,DECIDED,,10000.0
dpa_National_Supervisory_Authority_for_Personal_Data_Processing,decision_Romania_34,DECIDED,,25000.0
dpa_National_Supervisory_Authority,decision_Romania_33,DECIDED,,2000.0
dpa_National_Supervisory_Authority,decision_Romania_36,DECIDED,2020-04-14 00:00:00+00:00,5000.0
dpa_Autoritatea_Națională_de_Supraveghere_a_Prelucrării_Datelor_cu_Caracter_Personal_(ANSPDCP),decision_Romania_32,DECIDED,,500.0
dpa_National_Supervisory_Authority,decision_Romania_31,DECIDED,,
dpa_The_National_Supervisory_Authority_for_Personal_Data_Processing,decision_Romania_38,DECIDED,,5000.0
dpa_National_Supervisory_Authority,decision_Romania_43,DECIDED,,2000.0
dpa_National_Supervisory_Authority,decision_Romania_42,DECIDED,,
dpa_A.N.S.P.D.C.P,decision_Romania_41,DECIDED,,
dpa_A.N.S.P.D.C.P.,decision_Romania_45,DECIDED,2022-11-09 00:00:00+00:00,1000.0
dpa_National_Supervisory_Authority_for_Personal_Data_Processing,decision_Romania_48,DECIDED,2023-04-30 00:00:00+00:00,1500.0
dpa_National_Supervisory_Authority_for_the_Processing_of_Personal_Data,decision_Romania_49,DECIDED,,3000.0
dpa_A.N.S.P.D.C.P.,decision_Romania_47,DECIDED,,2000.0
dpa_National_Supervisory_Authority,decision_Romania_50,DECIDED,,200.0
dpa_National_Supervisory_Authority_for_Personal_Data_Processing,decision_Romania_46,DECIDED,,12000.0
dpa_The_National_Supervisory_Authority_for_Personal_Data_Processing,decision_Romania_52,DECIDED,2025-07-16 00:00:00+00:00,4000.0
dpa_National_Supervisory_Authority,decision_Romania_51,DECIDED,,500.0
dpa_A.N.S.P.D.C.P.,decision_Romania_53,DECIDED,2025-04-30 00:00:00+00:00,5000.0
dpa_The_National_Supervisory_Authority_for_Personal_Data_Processing,decision_Romania_54,DECIDED,,5000.0
dpa_Autoritatea_Națională_de_Supraveghere_a_Prelucrării_Datelor_cu_Caracter_Personal,decision_Romania_57,DECIDED,,18000.0
dpa_Autoritatea_Națională_de_Supraveghere_a_Prelucrării_Datelor_cu_Caracter_Personal_(ANSPDCP),decision_Romania_56,DECIDED,,7000.0
dpa_National_Supervisory_Authority,decision_Romania_58,DECIDED,,2000.0
dpa_National_Supervisory_Authority,decision_Romania_59,DECIDED,,100000.0
dpa_The_National_Supervisory_Authority_for_the_Processing_of_Personal_Data,decision_Romania_60,DECIDED,,1000.0
dpa_A.N.S.P.D.C.P.,decision_Romania_61,DECIDED,,2000.0
dpa_A.N.S.P.D.C.P,decision_Romania_62,DECIDED,,1000.0
dpa_National_Supervisory_Authority,decision_Romania_63,DECIDED,,7000.0
dpa_Autoritatea_Națională_de_Supraveghere_a_Prelucrării_Datelor_cu_Caracter_Personal,decision_Romania_65,DECIDED,,2000.0
dpa_The_National_Supervisory_Authority_for_the_Processing_of_Personal_Data,decision_Romania_67,DECIDED,,2000.0
dpa_National_Supervisory_Authority,decision_Romania_70,DECIDED,,
dpa_National_Supervisory_Authority,decision_Romania_72,DECIDED,,10000.0
dpa_A.N.S.P.D.C.P.,decision_Romania_71,DECIDED,,4000.0
dpa_The_National_Supervisory_Authority,decision_Romania_74,DECIDED,2020-04-10 00:00:00+00:00,3000.0
dpa_National_Supervisory_Authority,decision_Romania_73,DECIDED,,4000.0
dpa_National_Supervisory_Authority,decision_Romania_79,DECIDED,,
dpa_A.N.S.P.D.C.P.,decision_Romania_77,DECIDED,,5000.0
dpa_The_National_Supervisory_Authority_for_the_Processing_of_Personal_Data,decision_Romania_76,DECIDED,,2000.0
dpa_The_National_Supervisory_Authority_for_the_Processing_of_Personal_Data,decision_Romania_78,DECIDED,,2000.0
dpa_A.N.S.P.D.C.P.,decision_Romania_81,DECIDED,,1000.0
dpa_National_Supervisory_Authority,decision_Romania_84,DECIDED,,2000.0
dpa_National_DPA,decision_Romania_87,DECIDED,,1500.0
dpa_National_Supervisory_Authority,decision_Romania_92,DECIDED,,
dpa_National_Supervisory_Authority_for_the_Processing_of_Personal_Data,decision_Romania_91,DECIDED,,
dpa_The_National_Supervisory_Authority_for_the_Processing_of_Personal_Data,decision_Romania_93,DECIDED,,20000.0
dpa_A.N.S.P.D.C.P,decision_Romania_94,DECIDED,2024-06-25 00:00:00+00:00,4000.0
dpa_A.N.S.P.D.C.P.,decision_Romania_100,DECIDED,2021-12-13 00:00:00+00:00,2000.0
dpa_Autoritatea_Națională_de_Supraveghere_a_Prelucrării_Datelor_cu_Caracter_Personal_(ANSPDCP),decision_Romania_99,DECIDED,,1000.0
dpa_The_National_Supervisory_Authority_for_the_Processing_of_Personal_Data,decision_Romania_102,DECIDED,2023-10-25 00:00:00+00:00,1000.0
dpa_The_National_Supervisory_Authority_for_Personal_Data_Processing,decision_Romania_101,DECIDED,,
dpa_National_Supervisory_Authority,decision_Romania_103,DECIDED,,1000.0
dpa_National_Authority,decision_Romania_107,DECIDED,,2000.0
dpa_A.N.S.P.D.C.P.,decision_Romania_108,DECIDED,,6000.0
dpa_National_Supervisory_Authority,decision_Romania_110,DECIDED,,10000.0
dpa_A.N.S.P.D.C.P,decision_Romania_113,DECIDED,,1500.0
dpa_National_Supervisory_Authority,decision_Romania_116,DECIDED,2021-04-30 00:00:00+00:00,2000.0
dpa_A.N.S.P.D.C.P.,decision_Romania_114,DECIDED,,
dpa_The_National_Supervisory_Authority,decision_Romania_117,DECIDED,,3000.0
dpa_National_Supervisory_Authority,decision_Romania_121,DECIDED,,5000.0
dpa_National_Supervisory_Authority_for_Personal_Data_Processing,decision_Romania_120,DECIDED,,0.0
dpa_National_Supervisory_Authority,decision_Romania_122,DECIDED,,
dpa_National_Supervisory_Authority,decision_Romania_123,DECIDED,,3000.0
dpa_A.N.S.P.D.C.P.,decision_Romania_124,DECIDED,,2500.0
dpa_National_Supervisory_Authority,decision_Romania_127,DECIDED,,3000.0
dpa_The_National_Supervisory_Authority_for_Personal_Data_Processing,decision_Romania_131,DECIDED,,2000.0
dpa_A.N.S.P.D.C.P.,decision_Romania_129,DECIDED,,5000.0
dpa_A.N.S.P.D.C.P,decision_Romania_132,DECIDED,,2000.0
dpa_A.N.S.P.D.C.P.,decision_Romania_134,DECIDED,2022-10-03 00:00:00+00:00,150.0
dpa_The_National_Supervisory_Authority_for_Personal_Data_Processing,decision_Romania_135,DECIDED,,
dpa_A.N.S.P.D.C.P,decision_Romania_136,DECIDED,2025-03-25 00:00:00+00:00,25000.0
dpa_National_Supervisory_Authority_for_Personal_Data_Processing,decision_Romania_139,DECIDED,,
dpa_The_National_Supervisory_Authority_for_Personal_Data_Processing,decision_Romania_140,DECIDED,,40000.0
dpa_A.N.S.P.D.C.P.,decision_Romania_148,DECIDED,,5000.0
dpa_National_Supervisory_Authority_for_Personal_Data_Processing,decision_Romania_153,DECIDED,,2000.0
dpa_Romanian_Supervisory_Authority,decision_Romania_150,DECIDED,,5000.0
dpa_National_Supervisory_Authority,decision_Romania_156,DECIDED,,5000.0
dpa_The_National_Supervisory_Authority,decision_Romania_151,DECIDED,,2000.0
dpa_National_Supervisory_Authority_for_Personal_Data_Processing,decision_Romania_155,DECIDED,,12000.0
dpa_A.N.S.P.D.C.P,decision_Romania_161,DECIDED,,5000.0
dpa_The_National_Supervisory_Authority_for_Personal_Data_Processing,decision_Romania_163,DECIDED,,2000.0
dpa_A.N.S.P.D.C.P.,decision_Romania_164,DECIDED,,15000.0
dpa_The_National_Supervisory_Authority_for_Personal_Data_Processing,decision_Romania_166,DECIDED,,15000.0
dpa_A.N.S.P.D.C.P,decision_Romania_171,DECIDED,,15000.0
dpa_National_Supervisory_Authority,decision_Romania_174,DECIDED,2020-12-11 00:00:00+00:00,0.0
dpa_National_Supervisory_Authority,decision_Romania_175,DECIDED,2020-12-11 00:00:00+00:00,0.0
dpa_National_Supervisory_Authority,decision_Romania_172,DECIDED,,
dpa_The_National_Supervisory_Authority_for_Personal_Data_Processing,decision_Romania_176,DECIDED,,20000.0
dpa_National_Commission_for_Data_Protection_(CNPD),decision_Portugal_11,DECIDED,,
dpa_Comissão_Nacional_de_Proteção_de_Dados,decision_Portugal_1,DECIDED,2018-10-09 00:00:00+00:00,400000.0
dpa_A.N.S.P.D.C.P,decision_Romania_177,DECIDED,,10000.0
dpa_Comissão_Nacional_de_Proteção_de_Dados,decision_Portugal_3,DECIDED,,2000.0
dpa_Comissão_Nacional_de_Proteção_de_Dados,decision_Portugal_5,DECIDED,,107000.0
dpa_Comissão_Nacional_de_Proteção_de_Dados,decision_Portugal_10,DECIDED,2022-09-14 00:00:00+00:00,170000.0
dpa_President_of_the_Office_for_Personal_Data_Protection,decision_Poland_1,DECIDED,,460000.0
dpa_Comissão_Nacional_de_Proteção_de_Dados_(CNPD),decision_Portugal_4,DECIDED,,2000.0
dpa_President_of_the_Office_for_the_Protection_of_Personal_Data,decision_Poland_4,DECIDED,2020-07-16 00:00:00+00:00,1168.0
dpa_President_of_the_Office_for_Personal_Data_Protection,decision_Poland_5,DECIDED,2020-07-02 00:00:00+00:00,23256.0
dpa_Comissão_Nacional_de_Proteção_de_Dados,decision_Portugal_12,DECIDED,2024-03-25 00:00:00+00:00,0.0
dpa_Comissão_Nacional_de_Proteção_de_Dados,decision_Portugal_13,DECIDED,2024-07-09 00:00:00+00:00,0.0
dpa_President_of_the_Office_for_Personal_Data_Protection,decision_Poland_8,DECIDED,,5000.0
dpa_President_of_the_Office_for_Personal_Data_Protection,decision_Poland_3,DECIDED,2020-07-10 00:00:00+00:00,3505.16
dpa_President_of_the_Personal_Data_Protection_Office,decision_Poland_2,DECIDED,,
dpa_President_of_the_Office_for_Personal_Data_Protection,decision_Poland_7,DECIDED,,3000.0
dpa_President_of_the_Personal_Data_Protection_Office,decision_Poland_9,DECIDED,2021-12-01 00:00:00+00:00,18192.0
dpa_President_of_the_Office_for_Personal_Data_Protection,decision_Poland_10,DECIDED,,0.0
dpa_President_of_the_Office_for_Personal_Data_Protection,decision_Poland_6,DECIDED,,85588.0
dpa_President_of_the_Personal_Data_Protection_Office_(UODO),decision_Poland_13,DECIDED,2021-03-19 00:00:00+00:00,5000.0
dpa_President_of_the_Office_for_Personal_Data_Protection,decision_Poland_12,DECIDED,2021-04-27 00:00:00+00:00,5000.0
dpa_President_of_the_Personal_Data_Protection_Office,decision_Poland_14,DECIDED,2022-07-06 00:00:00+00:00,60000.0
dpa_President_of_the_Personal_Data_Protection_Office,decision_Poland_15,DECIDED,2020-11-12 00:00:00+00:00,0.0
dpa_President_of_the_Office_for_Personal_Data_Protection,decision_Poland_16,DECIDED,2022-06-06 00:00:00+00:00,15994.0
dpa_President_of_the_Office_for_Personal_Data_Protection,decision_Poland_19,DECIDED,2020-06-30 00:00:00+00:00,0.0
dpa_President_of_the_Personal_Data_Protection_Office_(UODO),decision_Poland_18,DECIDED,2022-11-30 00:00:00+00:00,45697.0
dpa_President_of_the_Office_for_Personal_Data_Protection,decision_Poland_17,DECIDED,,
dpa_President_of_the_Personal_Data_Protection_Office,decision_Poland_20,DECIDED,2020-08-24 00:00:00+00:00,100000.0
dpa_President_of_the_Personal_Data_Protection_Office,decision_Poland_21,DECIDED,,576220.0
dpa_President_of_the_Personal_Data_Protection_Office,decision_Poland_24,DECIDED,,100000.0
dpa_President_of_the_Personal_Data_Protection_Office_(UODO),decision_Poland_22,DECIDED,,1440549.0
