dataset_source,ID,A1_Country,A2_Authority,A3_DecisionDate,A4_CaseTrigger,A5_CrossBorder,A6_DPARole,A7_IsAppeal,A8_AppealSuccess,A9_PriorInfringements,A10_DefendantCount,A11_DefendantName,A12_DefendantRole,A13_InstitutionalIdentity,A14_EconomicSector,A15_DefendantCategory,A16_SensitiveData,A17_SensitiveDataTypes,A18_Cookies,A19_VulnerableSubjects,A20_LegalBasis,A21_DataTransfers,A22_TransferMechanism,A23_HighRiskProcessing,A24_PowerImbalance,A25_SubjectsAffected,A26_InfringementDuration,A27_DamageEstablished,A28_DPIARequired,A29_SecurityMeasures,A30_DataMinimization,A31_SubjectRightsRequests,A32_RightsInvolved,A33_TransparencyObligations,A34_GDPREvaluated,A35_GDPRViolated,A36_NoInfringement,A37_LegalBasisInvalid,A38_NegligenceEstablished,A39_ManagementAuthorization,A40_DefendantCooperation,A41_MitigatingMeasures,A42_PriorNonCompliance,A43_FinancialBenefit,A44_PriorMeasuresConsidered,A45_SanctionType,A46_FineAmount,A47_FineCurrency,A48_EDPBGuidelines,A49_FineCalculationFactors,A50_CaseSummary,A46_FineAmount_EUR,A35_Art_30,A35_Art_35,A35_Art_6,A35_Art_21,A35_Art_13,A35_Art_5,A35_Art_15,A35_Art_17,A35_Art_14,A35_Art_32,A35_Art_24,A35_Art_28,A35_Art_12,A35_Art_33,A35_Art_34,A35_Art_25,SensitiveType_Biometric,SensitiveType_Criminal,SensitiveType_Genetic,SensitiveType_Health,SensitiveType_Other,SensitiveType_Philosophical,SensitiveType_Political,SensitiveType_Racial_Ethnic,SensitiveType_Religious,SensitiveType_Sexual,SensitiveType_Trade_Union,VulnerableSubject_Children,VulnerableSubject_Elderly,VulnerableSubject_Employees,VulnerableSubject_Other_Vulnerable,VulnerableSubject_Patients,VulnerableSubject_Students,LegalBasis_Consent,LegalBasis_Contract,LegalBasis_Legal_Obligation,LegalBasis_Legitimate_Interest,LegalBasis_Public_Task,LegalBasis_Vital_Interests,TransferMech_Adequacy_Decision,TransferMech_Binding_Corporate_Rules,TransferMech_Certification,TransferMech_Derogation,TransferMech_None_Specified,TransferMech_Standard_Contractual_Clauses,Right_Access,Right_Automated_Decision_Making,Right_Erasure,Right_Objection,Right_Portability,Right_Rectification,Right_Restrict_Processing,Sanction_Compliance_Order,Sanction_Data_Flow_Suspension,Sanction_Fine,Sanction_None,Sanction_Other_Corrective_Measure,Sanction_Processing_Ban_Permanent,Sanction_Processing_Ban_Temporary,Sanction_Reprimand,Sanction_Warning,A16_SensitiveData_bin,A18_Cookies_bin,A21_DataTransfers_bin,A23_HighRiskProcessing_pos_bin,A24_PowerImbalance_pos_bin,A27_DamageEstablished_pos_bin,A28_DPIARequired_pos_bin,A29_SecurityMeasures_pos_bin,A30_DataMinimization_pos_bin,A31_SubjectRightsRequests_bin,A33_TransparencyObligations_pos_bin,A36_NoInfringement_bin,A37_LegalBasisInvalid_pos_bin,A38_NegligenceEstablished_pos_bin,A39_ManagementAuthorization_pos_bin,A40_DefendantCooperation_pos_bin,A41_MitigatingMeasures_pos_bin,A42_PriorNonCompliance_pos_bin,A43_FinancialBenefit_pos_bin,A48_EDPBGuidelines_bin,A49_FineCalculationFactors_bin,A5_CrossBorder_bin,A7_IsAppeal_bin,A12_DefendantRole__Controller,A12_DefendantRole__Joint_Controller,A12_DefendantRole__Processor,A12_DefendantRole__UNKNOWN,A15_DefendantCategory__BUSINESS,A15_DefendantCategory__INDIVIDUAL,A15_DefendantCategory__NON_PROFIT,A15_DefendantCategory__OTHER,A15_DefendantCategory__PUBLIC_AUTHORITY,A15_DefendantCategory__UNKNOWN,A27_DamageEstablished__Both,A27_DamageEstablished__Material_Damage,A27_DamageEstablished__Non_Material_Damage,A27_DamageEstablished__None,A27_DamageEstablished__Not_Assessed,A27_DamageEstablished__UNKNOWN,A28_DPIARequired__Not_Assessed,A28_DPIARequired__Not_Required,A28_DPIARequired__Required_And_Conducted,A28_DPIARequired__Required_Not_Conducted,A28_DPIARequired__UNKNOWN,A29_SecurityMeasures__Adequate,A29_SecurityMeasures__Inadequate,A29_SecurityMeasures__Not_Evaluated,A29_SecurityMeasures__UNKNOWN,A30_DataMinimization__Compliant,A30_DataMinimization__Not_Evaluated,A30_DataMinimization__UNKNOWN,A30_DataMinimization__Violated,A33_TransparencyObligations__Compliant,A33_TransparencyObligations__Not_Evaluated,A33_TransparencyObligations__UNKNOWN,A33_TransparencyObligations__Violated,A37_LegalBasisInvalid__N,A37_LegalBasisInvalid__Not_Evaluated,A37_LegalBasisInvalid__UNKNOWN,A37_LegalBasisInvalid__Y,A38_NegligenceEstablished__N,A38_NegligenceEstablished__Not_Assessed,A38_NegligenceEstablished__UNKNOWN,A38_NegligenceEstablished__Y,A39_ManagementAuthorization__N,A39_ManagementAuthorization__Not_Assessed,A39_ManagementAuthorization__UNKNOWN,A39_ManagementAuthorization__Y,A40_DefendantCooperation__Cooperative,A40_DefendantCooperation__Not_Discussed,A40_DefendantCooperation__Partially_Cooperative,A40_DefendantCooperation__UNKNOWN,A40_DefendantCooperation__Uncooperative,A41_MitigatingMeasures__Before_Investigation,A41_MitigatingMeasures__During_Investigation,A41_MitigatingMeasures__None,A41_MitigatingMeasures__Not_Discussed,A41_MitigatingMeasures__UNKNOWN,A42_PriorNonCompliance__N,A42_PriorNonCompliance__Not_Assessed,A42_PriorNonCompliance__UNKNOWN,A42_PriorNonCompliance__Y,A43_FinancialBenefit__N,A43_FinancialBenefit__Not_Assessed,A43_FinancialBenefit__UNKNOWN,A43_FinancialBenefit__Y,A49_FineCalculationFactors__N,A49_FineCalculationFactors__N_A,A49_FineCalculationFactors__Partially,A49_FineCalculationFactors__Y,A4_CaseTrigger__BREACH_NOTIFICATION,A4_CaseTrigger__COMPLAINT,A4_CaseTrigger__EX_OFFICIO_INVESTIGATION,A4_CaseTrigger__OTHER,A4_CaseTrigger__UNKNOWN,A6_DPARole__Concerned_Authority,A6_DPARole__Lead_Authority,A6_DPARole__N_A,A8_AppealSuccess__N_A,A8_AppealSuccess__Successful,A8_AppealSuccess__Unsuccessful,A9_PriorInfringements__DISCUSSED_NO_PRIOR_FOUND,A9_PriorInfringements__NOT_DISCUSSED,A9_PriorInfringements__PRIOR_INFRINGER_PRESENT,A9_PriorInfringements__UNKNOWN
,Sweden_1,SE,Datainspektionen,10-03-2020,EX_OFFICIO_INVESTIGATION,N,,N,,PRIOR_INFRINGER_PRESENT,1,Google LLC,Controller,S.11 - Non-financial corporations,"Code: 6312, Description: Web portals, Level: 4",BUSINESS,Y,"Health, Religious, Sexual, Racial_Ethnic, Criminal",N,None_Mentioned,"Legal_Obligation, Legitimate_Interest",,,Not_Assessed,Not_Discussed,5690,25-05-2018 to 12-10-2018; 25-05-2018 to 11-06-2018; since 25-05-2018 ongoing,Non_Material_Damage,Not_Assessed,Not_Evaluated,Not_Evaluated,Y,Erasure,Violated,"Art. 5(1)(a), Art. 5(1)(b), Art. 6, Art. 6(4), Art. 9, Art. 10, Art. 17, Art. 13, Art. 21","Art. 9, Art. 10, Art. 17, Art. 5(1)(b), Art. 6, Art. 5(1)(a)",N,Y,N,Not_Assessed,Cooperative,During_Investigation,Y,Y,Neutral,"Fine, Compliance_Order",75000000,SEK,N,Y,"Sweden’s DPA found Google failed to promptly delist certain name-based search results and unlawfully notified webmasters of removals, breaching Articles 9, 10, 17, 5(1)(b), 6, and 5(1)(a). It fined Google SEK 75,000,000 and ordered it to stop webmaster notifications unless the data subject requests them and to correct misleading information in its removal form. The case followed prior injunctions and covered periods from May 25, 2018, with some infringements ongoing.",6450000.0,,,1.0,,,1.0,,1.0,,,,,,,,,0,1,0,1,0,0,0,1,1,1,0,0,0,0,0,0,0,0,0,1,1,0,0,0,0,0,0,0,0,0,0,1,0,0,0,0,1,0,1,0,0,0,0,0,0,1.0,0.0,,,,1.0,,,,1.0,0.0,0,1.0,0.0,,1.0,1.0,1.0,1.0,0.0,1.0,0.0,0,1,0,0,0,1,0,0,0,0,0,0,0,1,0,0,0,1,0,0,0,0,0,0,1,0,0,1,0,0,0,0,0,1,0,0,0,1,1,0,0,0,0,1,0,0,1,0,0,0,0,0,1,0,0,0,0,0,0,1,0,0,0,1,0,0,0,1,0,0,1,0,0,0,0,0,0,0,0,0,0,1,0
,Sweden_2,SE,Swedish Data Protection Authority,02-12-2020,EX_OFFICIO_INVESTIGATION,N,,N,,PRIOR_INFRINGER_PRESENT,1,Karolinska University Hospital,Controller,S.13 - General government,"Code: 8610, Description: Hospital activities, Level: 4",PUBLIC_AUTHORITY,Y,Health,N,Patients,Not_Specified,N,,N,Y,3000000,several years,Not_Assessed,Not_Assessed,Inadequate,Not_Evaluated,N,,Not_Evaluated,"Art. 5(1)(f), Art. 5(2), Art. 24(1), Art. 32(1), Art. 32(2)","Art. 5(1)(f), Art. 5(2), Art. 32(1), Art. 32(2)",N,N,N,Not_Assessed,Not_Discussed,During_Investigation,Y,Not_Assessed,Aggravating_Factor,"Fine, Compliance_Order",4000000,SEK,N,Y,"The DPA found that Karolinska University Hospital failed to perform needs and risk analyses and granted overly broad access in the TakeCare EHR, violating GDPR Articles 5(1)(f), 5(2), and 32(1)-(2). It imposed a SEK 4,000,000 fine and ordered the hospital to document analyses and restrict user permissions to necessity. Aggravating factors included prior non-compliance with a 2013 order and the large scale and sensitivity of processing affecting about 3 million patients.",344000.0,,,,,,1.0,,,,1.0,,,,,,,0,0,0,1,0,0,0,0,0,0,0,0,0,0,0,1,0,0,0,0,0,0,0,0,0,0,0,0,0,0,0,0,0,0,0,0,1,0,1,0,0,0,0,0,0,1.0,0.0,0.0,0.0,1.0,,,0.0,,0.0,,0,0.0,0.0,,,1.0,1.0,,0.0,1.0,0.0,0,1,0,0,0,0,0,0,0,1,0,0,0,0,0,1,0,1,0,0,0,0,0,1,0,0,0,1,0,0,0,1,0,0,1,0,0,0,1,0,0,0,0,1,0,0,0,1,0,0,0,0,1,0,0,0,0,0,0,1,0,1,0,0,0,0,0,1,0,0,1,0,0,0,0,0,0,0,0,0,0,1,0
,Sweden_3,SE,Datainspektionen,02-12-2020,EX_OFFICIO_INVESTIGATION,N,,N,,PRIOR_INFRINGER_PRESENT,1,The board of Sahlgrenska University Hospital,Controller,S.13 - General government,"Code: 8610, Description: Hospital activities, Level: 4",PUBLIC_AUTHORITY,Y,Health,N,Patients,Not_Specified,,,Not_Assessed,Y,896401,Ongoing at the time of the inspection on 23-04-2019,Not_Assessed,Not_Assessed,Inadequate,Not_Evaluated,N,,Not_Evaluated,"Art. 5(1)(f), Art. 5(2), Art. 24(1), Art. 32(1), Art. 32(2)","Art. 5(1)(f), Art. 5(2), Art. 32(1), Art. 32(2)",N,Not_Evaluated,N,Not_Assessed,Not_Discussed,,Y,Not_Assessed,Mitigating_Factor,"Fine, Compliance_Order",3500000,SEK,N,Y,"The Swedish DPA found that Sahlgrenska University Hospital failed to perform a proper needs and risk analysis, granted overly broad access to patient data in Melior and NPÖ, and had inadequate logging. It ordered corrective measures and imposed a SEK 3.5 million fine for violations of Articles 5(1)(f), 5(2) and 32. Aggravating factors included prior non-compliance and the hospital’s stated prioritization of availability over confidentiality.",301000.0,,,,,,1.0,,,,1.0,,,,,,,0,0,0,1,0,0,0,0,0,0,0,0,0,0,0,1,0,0,0,0,0,0,0,0,0,0,0,0,0,0,0,0,0,0,0,0,1,0,1,0,0,0,0,0,0,1.0,0.0,,,1.0,,,0.0,,0.0,,0,,0.0,,,,1.0,,0.0,1.0,0.0,0,1,0,0,0,0,0,0,0,1,0,0,0,0,0,1,0,1,0,0,0,0,0,1,0,0,0,1,0,0,0,1,0,0,0,1,0,0,1,0,0,0,0,1,0,0,0,1,0,0,0,0,0,0,0,0,0,0,0,1,0,1,0,0,0,0,0,1,0,0,1,0,0,0,0,0,0,0,0,0,0,1,0
,Sweden_4,SE,Datainspektionen,02-12-2020,EX_OFFICIO_INVESTIGATION,N,,N,,PRIOR_INFRINGER_PRESENT,1,The Health and Medical Care Board at Region Västerbotten,Controller,S.1313 - Local government,"Code: 86, Description: Human health activities, Level: 2",PUBLIC_AUTHORITY,Y,Health,N,Patients,Not_Specified,,,Not_Assessed,Y,652995-665564,At least since 2015 until 2020,,Not_Assessed,Inadequate,Not_Evaluated,N,,Not_Evaluated,"Art. 5(1)(f), Art. 5(2), Art. 24(1), Art. 32(1), Art. 32(2)","Art. 5(1)(f), Art. 5(2), Art. 32(1), Art. 32(2)",N,Not_Evaluated,N,Not_Assessed,Not_Discussed,,Y,Not_Assessed,Neutral,"Fine, Compliance_Order",2500000,SEK,N,Y,"The Swedish DPA found Region Västerbotten’s Health and Medical Care Board lacked a documented needs and risk analysis and granted overly broad read access in the NCS Cross journal system, exposing health data of about 650k+ patients to unjustified access. It held violations of Art. 5(1)(f), 5(2), and Art. 32(1)-(2), while logging controls met requirements. The DPA ordered implementation of needs/risk analysis with individualized access controls and imposed a SEK 2,500,000 fine.",215000.0,,,,,,1.0,,,,1.0,,,,,,,0,0,0,1,0,0,0,0,0,0,0,0,0,0,0,1,0,0,0,0,0,0,0,0,0,0,0,0,0,0,0,0,0,0,0,0,1,0,1,0,0,0,0,0,0,1.0,0.0,,,1.0,,,0.0,,0.0,,0,,0.0,,,,1.0,,0.0,1.0,0.0,0,1,0,0,0,0,0,0,0,1,0,0,0,0,0,0,0,1,0,0,0,0,0,1,0,0,0,1,0,0,0,1,0,0,0,1,0,0,1,0,0,0,0,1,0,0,0,1,0,0,0,0,0,0,0,0,0,0,0,1,0,1,0,0,0,0,0,1,0,0,1,0,0,0,0,0,0,0,0,0,0,1,0
,Sweden_5,SE,Datainspektionen,02-12-2020,EX_OFFICIO_INVESTIGATION,N,,N,,NOT_DISCUSSED,1,Aleris Sjukvård AB,Controller,S.11 - Non-financial corporations,"Code: 86, Description: Human health activities, Level: 2",BUSINESS,Y,Health,N,Patients,Not_Specified,,,Not_Assessed,Y,796350,,Not_Assessed,,Inadequate,Not_Evaluated,N,,Not_Evaluated,"Art. 5(1)(f), Art. 5(2), Art. 24(1), Art. 32(1), Art. 32(2)","Art. 5(1)(f), Art. 5(2), Art. 32(1), Art. 32(2)",N,Not_Evaluated,Not_Assessed,Not_Assessed,Not_Discussed,Not_Discussed,Not_Assessed,Not_Assessed,Mitigating_Factor,"Fine, Compliance_Order",15000000,SEK,N,Partially,"Aleris Sjukvård AB failed to perform needs and risk analyses and to restrict user access in the TakeCare EHR, violating GDPR Art. 5(1)(f), 5(2), and 32(1)-(2). The DPA found logging compliant but ordered documented analyses and individualized need-to-know access. A SEK 15,000,000 fine was imposed given the large scale (about 796,350 patients) and sensitivity of health data.",1290000.0,,,,,,1.0,,,,1.0,,,,,,,0,0,0,1,0,0,0,0,0,0,0,0,0,0,0,1,0,0,0,0,0,0,0,0,0,0,0,0,0,0,0,0,0,0,0,0,1,0,1,0,0,0,0,0,0,1.0,0.0,,,1.0,,,0.0,,0.0,,0,,,,,,,,0.0,,0.0,0,1,0,0,0,1,0,0,0,0,0,0,0,0,0,1,0,0,0,0,0,0,0,1,0,0,0,1,0,0,0,1,0,0,0,1,0,0,0,1,0,0,0,1,0,0,0,1,0,0,0,0,0,0,1,0,0,1,0,0,0,1,0,0,0,0,1,0,0,0,1,0,0,0,0,0,0,0,0,0,1,0,0
,Sweden_6,SE,Datainspektionen,02-12-2020,EX_OFFICIO_INVESTIGATION,N,,N,,NOT_DISCUSSED,1,Digital Medical Supply Sweden AB (KRY),Controller,S.11 - Non-financial corporations,"Code: 86, Description: Human health activities, Level: 2",BUSINESS,Y,Health,N,"Children,Employees,Patients,Other_Vulnerable",Not_Specified,,,Not_Assessed,Y,450331,,Not_Assessed,Not_Assessed,Inadequate,Not_Evaluated,N,,Not_Evaluated,"Art. 5(1)(f), Art. 5(2), Art. 24(1), Art. 32(1), Art. 32(2)","Art. 5(1)(f), Art. 5(2), Art. 32(1), Art. 32(2)",N,Not_Evaluated,Not_Assessed,Not_Assessed,Cooperative,During_Investigation,Not_Assessed,Not_Assessed,Mitigating_Factor,Compliance_Order,0,,N,Partially,"The Swedish DPA inspected KRY’s telemedicine operations and found insufficient needs and risk analyses and overbroad user access in ProReNata and the National Patient Overview, breaching Articles 5(1)(f), 5(2) and 32(1)-(2). Logs were brought into compliance, but KRY was ordered to further develop risk analyses and reassess permissions by February 2021. No administrative fine was imposed after a proportionality assessment considering remedial steps.",,,,,,,1.0,,,,1.0,,,,,,,0,0,0,1,0,0,0,0,0,0,0,1,0,1,1,1,0,0,0,0,0,0,0,0,0,0,0,0,0,0,0,0,0,0,0,0,1,0,0,0,0,0,0,0,0,1.0,0.0,,,1.0,,,0.0,,0.0,,0,,,,1.0,1.0,,,0.0,,0.0,0,1,0,0,0,1,0,0,0,0,0,0,0,0,0,1,0,1,0,0,0,0,0,1,0,0,0,1,0,0,0,1,0,0,0,1,0,0,0,1,0,0,0,1,0,0,1,0,0,0,0,0,1,0,0,0,0,1,0,0,0,1,0,0,0,0,1,0,0,0,1,0,0,0,0,0,0,0,0,0,1,0,0
,Sweden_7,SE,Datainspektionen,23-11-2020,BREACH_NOTIFICATION,N,,N,,NOT_DISCUSSED,1,Board of Education in the City of Stockholm,Controller,S.1313 - Local government,"Code: 8412, Description: Regulation of the activities of providing health care, education, cultural services and other social services, excluding social security, Level: 4",PUBLIC_AUTHORITY,Y,Health,N,"Children, Employees",Legal_Obligation,,,Y,Not_Discussed,,25-05-2018 to 27-08-2020; 26-10-2018 to 11-2019; 27-06-2019 to 24-08-2019; 25-05-2018 to 26-08-2019,Not_Assessed,Required_Not_Conducted,Inadequate,Not_Evaluated,N,,Not_Evaluated,"Art. 5(1)(f), Art. 32(1), Art. 35","Art. 5(1)(f), Art. 32(1), Art. 35",N,Not_Evaluated,Not_Assessed,Not_Assessed,Not_Discussed,During_Investigation,Not_Assessed,Not_Assessed,Mitigating_Factor,"Fine, Compliance_Order",4000000,SEK,N,Partially,"The Swedish DPA found Stockholm’s Board of Education lacked adequate technical and organizational security in the School Platform, exposing students’, guardians’ and teachers’ data, including sensitive health data and protected identities. It also failed to conduct required DPIAs despite large-scale, high-risk processing. The DPA imposed a SEK 4,000,000 fine and ordered a DPIA and restriction of authorizations.",344000.0,,1.0,,,,1.0,,,,1.0,,,,,,,0,0,0,1,0,0,0,0,0,0,0,1,0,1,0,0,0,0,0,1,0,0,0,0,0,0,0,0,0,0,0,0,0,0,0,0,1,0,1,0,0,0,0,0,0,1.0,0.0,,1.0,,,1.0,0.0,,0.0,,0,,,,,1.0,,,0.0,,0.0,0,1,0,0,0,0,0,0,0,1,0,0,0,0,0,1,0,0,0,0,1,0,0,1,0,0,0,1,0,0,0,1,0,0,0,1,0,0,0,1,0,0,0,1,0,0,0,1,0,0,0,0,1,0,0,0,0,1,0,0,0,1,0,0,0,0,1,0,1,0,0,0,0,0,0,0,0,0,0,0,1,0,0
,Sweden_8,SE,Datainspektionen,24-11-2020,COMPLAINT,N,,N,,NOT_DISCUSSED,1,Gnosjö Municipality - Social Affairs Committee,Controller,S.1313 - Local government,"Code: 8411, Description: General public administration activities, Level: 4",PUBLIC_AUTHORITY,Y,Health,N,Other_Vulnerable,Public_Task,,,Y,Y,1,March 2019 - April 2020,Not_Assessed,Required_Not_Conducted,Not_Evaluated,Not_Evaluated,N,,Violated,"Art. 5(1)(a), Art. 5(1)(c), Art. 6(1), Art. 9(1), Art. 9(2), Art. 12, Art. 13, Art. 35, Art. 36","Art. 5(1)(a), Art. 6(1), Art. 9(1), Art. 9(2), Art. 13, Art. 35, Art. 36",N,Y,Not_Assessed,Not_Assessed,Partially_Cooperative,During_Investigation,Not_Assessed,Not_Assessed,Neutral,Fine,200000,SEK,N,Partially,"The Swedish DPA fined Gnosjö Municipality’s Social Affairs Committee 200,000 SEK for unlawful real-time camera surveillance of a resident’s bedroom in an LSS accommodation (March 2019–April 2020). It found no valid Art. 6 legal basis, processed health data without an Art. 9 condition, failed to conduct a DPIA/prior consultation, and breached transparency and signage duties (Art. 13; KBL §15), deeming the surveillance disproportionate. Considering the sensitive context, dependence, and duration, and lack of less-intrusive alternatives, the DPA imposed an effective, proportionate, and dissuasive fine.",17200.0,,1.0,1.0,,1.0,1.0,,,,,,,,,,,0,0,0,1,0,0,0,0,0,0,0,0,0,0,1,0,0,0,0,0,0,1,0,0,0,0,0,0,0,0,0,0,0,0,0,0,0,0,1,0,0,0,0,0,0,1.0,0.0,,1.0,1.0,,1.0,,,0.0,0.0,0,1.0,,,,1.0,,,0.0,,0.0,0,1,0,0,0,0,0,0,0,1,0,0,0,0,0,1,0,0,0,0,1,0,0,0,1,0,0,1,0,0,0,0,0,1,0,0,0,1,0,1,0,0,0,1,0,0,0,0,1,0,0,0,1,0,0,0,0,1,0,0,0,1,0,0,0,0,1,0,0,1,0,0,0,0,0,0,0,0,0,0,1,0,0
,Sweden_9,SE,Datainspektionen,10-12-2020,EX_OFFICIO_INVESTIGATION,N,,N,,NOT_DISCUSSED,1,Umeå University,Controller,S.13 - General government,"Code: 8530, Description: Higher education, Level: 4",PUBLIC_AUTHORITY,Y,Health|Sexual|Criminal,N,None_Mentioned,Public_Task,Y,Adequacy_Decision|Binding_Corporate_Rules,Y,Not_Discussed,,"May 25, 2018 to spring 2019",Not_Assessed,Not_Assessed,Inadequate,Not_Evaluated,N,,Not_Evaluated,"Art. 5(1)(f), Art. 32(1), Art. 32(2), Art. 33(1), Art. 33(5)","Art. 5(1)(f), Art. 32(1), Art. 32(2), Art. 33(1), Art. 33(5)",N,N,Y,Not_Assessed,Not_Discussed,Before_Investigation,Not_Assessed,Not_Assessed,Aggravating_Factor,Fine,550000,SEK,N,Partially,"Umeå University sent a rape case file with sensitive data via unencrypted email over an open network and stored 108 sensitive and confidential preliminary investigation protocols in Box (US), while failing to report or document the incident. The DPA found inadequate security measures (no encryption in email, single-factor authentication and exposure via open network), violations of Art. 5(1)(f), 32(1)(2), and 33(1)(5), and assessed high risk given the nature of the data. A total administrative fine of SEK 550,000 was imposed; transfer via Privacy Shield/BCRs was noted but the breach stemmed from insufficient security.",47300.0,,,,,,1.0,,,,1.0,,,,1.0,,,0,0,0,0,0,0,0,0,0,0,0,0,0,0,0,0,0,0,0,0,0,1,0,0,0,0,0,0,0,0,0,0,0,0,0,0,0,0,1,0,0,0,0,0,0,1.0,0.0,1.0,1.0,,,,0.0,,0.0,,0,0.0,1.0,,,1.0,,,0.0,,0.0,0,1,0,0,0,0,0,0,0,1,0,0,0,0,0,1,0,1,0,0,0,0,0,1,0,0,0,1,0,0,0,1,0,0,1,0,0,0,0,0,0,1,0,1,0,0,0,1,0,0,0,1,0,0,0,0,0,1,0,0,0,1,0,0,0,0,1,0,0,0,1,0,0,0,0,0,0,0,0,0,1,0,0
,Sweden_10,SE,Data Inspectorate,,COMPLAINT,N,,N,,NOT_DISCUSSED,1,Health and Medical Board of Region Örebro County,Controller,S.1313 - Local government,"Code: 8411, Description: General public administration activities, Level: 4",PUBLIC_AUTHORITY,Y,Health,N,Patients,Public_Task,N,,Not_Assessed,Y,1,September 2019 to January 2020,Not_Assessed,Not_Assessed,Inadequate,Violated,N,,Not_Evaluated,"Art. 5, Art. 6, Art. 9, Art. 32, Art. 87","Art. 5, Art. 6, Art. 9, Art. 32",N,Y,Not_Assessed,Not_Assessed,Cooperative,During_Investigation,Not_Assessed,Not_Assessed,Mitigating_Factor,"Fine, Compliance_Order",120000,SEK,N,Y,"A complaint revealed that Region Örebro County’s Health and Medical Board published a complainant’s health data and personal identity number on its public website, lacking a legal basis and breaching purpose limitation, data minimization, and Article 32 due to absent written procedures. The DPA found violations of GDPR Articles 5, 6, 9, and 32 and the national rule on social security numbers, imposed a SEK 120,000 fine, and ordered the Board to implement written instructions and procedures. Factors included sensitivity of health data, the data subject’s dependency position, publication duration, and remedial steps taken after discovery.",10320.0,,,1.0,,,1.0,,,,1.0,,,,,,,0,0,0,1,0,0,0,0,0,0,0,0,0,0,0,1,0,0,0,0,0,1,0,0,0,0,0,0,0,0,0,0,0,0,0,0,1,0,1,0,0,0,0,0,0,1.0,0.0,0.0,,1.0,,,0.0,0.0,0.0,,0,1.0,,,1.0,1.0,,,0.0,1.0,0.0,0,1,0,0,0,0,0,0,0,1,0,0,0,0,0,1,0,1,0,0,0,0,0,1,0,0,0,0,0,1,0,1,0,0,0,0,0,1,0,1,0,0,0,1,0,0,1,0,0,0,0,0,1,0,0,0,0,1,0,0,0,1,0,0,0,0,0,1,0,1,0,0,0,0,0,0,0,0,0,0,1,0,0
,Sweden_11,SE,Datainspektionen,14-12-2020,COMPLAINT,N,,N,,NOT_DISCUSSED,1,Uppsalahem AB,Controller,S.11 - Non-financial corporations,"Code: 6810, Description: Real estate activities with own or leased property, Level: 4",BUSINESS,N,,N,Other_Vulnerable,Legitimate_Interest,,,Not_Assessed,Y,,25 February 2020 to 14 May 2020,Not_Assessed,Not_Assessed,Not_Evaluated,Compliant,N,,Not_Evaluated,"Art. 6(1)(f), Art. 5(1)(c)",Art. 6(1)(f),N,Y,Y,Not_Assessed,Not_Discussed,Not_Discussed,Not_Assessed,Not_Assessed,Neutral,Fine,300000,SEK,N,Y,"The Swedish DPA found Uppsalahem AB’s camera surveillance of a stairwell and parts of apartments unlawful under Article 6(1)(f) and imposed a 300,000 SEK fine. While the landlord’s interest was legitimate and surveillance deemed necessary, tenants’ privacy and fundamental rights in their home environment outweighed it. The decision considered negligence, short duration, and the sensitive context, and imposed only a fine.",25800.0,,,1.0,,,,,,,,,,,,,,0,0,0,0,0,0,0,0,0,0,0,0,0,0,1,0,0,0,0,0,1,0,0,0,0,0,0,0,0,0,0,0,0,0,0,0,0,0,1,0,0,0,0,0,0,0.0,0.0,,,1.0,,,,1.0,0.0,,0,1.0,1.0,,,,,,0.0,1.0,0.0,0,1,0,0,0,1,0,0,0,0,0,0,0,0,0,1,0,1,0,0,0,0,0,0,1,0,1,0,0,0,0,1,0,0,0,0,0,1,0,0,0,1,0,1,0,0,0,1,0,0,0,0,0,0,1,0,0,1,0,0,0,1,0,0,0,0,0,1,0,1,0,0,0,0,0,0,0,0,0,0,1,0,0
,Sweden_12,SE,The Swedish Privacy Protection Agency (IMY),19-01-2023,COMPLAINT,Y,Lead_Authority,N,,NOT_DISCUSSED,1,Lensway Group AB,Controller,S.11 - Non-financial corporations,"Code: 4791, Description: Retail sale via mail order houses or via Internet, Level: 4",BUSINESS,N,,N,None_Mentioned,Not_Specified,,,Not_Assessed,Not_Discussed,2,2020,Not_Assessed,Not_Assessed,Not_Evaluated,Not_Evaluated,Y,Erasure,Not_Evaluated,"Art. 12(2), Art. 12(6), Art. 17(1)","Art. 12(6), Art. 12(2)",N,Not_Evaluated,Not_Assessed,Not_Assessed,Cooperative,During_Investigation,Not_Assessed,Not_Assessed,Mitigating_Factor,Reprimand,0,SEK,N,,"IMY, acting as lead authority after complaints from Finland and Denmark, found Lensway Group AB violated Articles 12(6) and 12(2) by unnecessarily requiring ID copies/signatures and insisting on postal submission for erasure requests. IMY accepted the need to verify identity but held less intrusive methods should have been used and that postal-only submission did not facilitate the right. Considering the limited scope (two data subjects in 2020) and remedial changes, IMY issued a reprimand.",0.0,,,,,,,,,,,,,1.0,,,,0,0,0,0,0,0,0,0,0,0,0,0,0,0,0,0,0,0,0,0,0,0,0,0,0,0,0,0,0,0,0,1,0,0,0,0,0,0,0,0,0,0,0,1,0,0.0,0.0,,,,,,,,1.0,,0,,,,1.0,1.0,,,0.0,,1.0,0,1,0,0,0,1,0,0,0,0,0,0,0,0,0,1,0,1,0,0,0,0,0,0,1,0,0,1,0,0,0,1,0,0,0,1,0,0,0,1,0,0,0,1,0,0,1,0,0,0,0,0,1,0,0,0,0,1,0,0,0,1,0,0,0,0,0,0,0,1,0,0,0,0,1,0,0,0,0,0,1,0,0
,Sweden_13,SE,Privacy Protection Authority (IMY),24-04-2025,BREACH_NOTIFICATION,N,,N,,PRIOR_INFRINGER_PRESENT,1,Uppsala Regional Hospital Board,Controller,S.1313 - Local government,"Code: 8610, Description: Hospital activities, Level: 4",PUBLIC_AUTHORITY,Y,Health,N,Patients,Not_Specified,,,Y,Not_Discussed,,25 May 2018 to 29 November 2022,Not_Assessed,Not_Assessed,Inadequate,Not_Evaluated,Y,Access,Not_Evaluated,"Art. 4(7), Art. 5, Art. 24, Art. 32(1), Art. 32(2)",Art. 32(1),N,Not_Evaluated,Not_Assessed,Not_Assessed,Cooperative,During_Investigation,N,Not_Assessed,Mitigating_Factor,Reprimand,0,,N,,"IMY found that Uppsala Regional Hospital Board failed to implement appropriate technical and organizational measures for its Outlook email service, breaching Article 32(1) between 25 May 2018 and 29 November 2022. Sensitive patient data, including health information and personal identification numbers, was stored and sent via email without adequate controls, and IMY noted missing proactive detection and technical safeguards. Considering remedial steps and context, IMY issued a reprimand instead of a fine.",,,,,,,,,,,1.0,,,,,,,0,0,0,1,0,0,0,0,0,0,0,0,0,0,0,1,0,0,0,0,0,0,0,0,0,0,0,0,0,1,0,0,0,0,0,0,0,0,0,0,0,0,0,1,0,1.0,0.0,,1.0,,,,0.0,,1.0,,0,,,,1.0,1.0,0.0,,0.0,,0.0,0,1,0,0,0,0,0,0,0,1,0,0,0,0,0,1,0,1,0,0,0,0,0,1,0,0,0,1,0,0,0,1,0,0,0,1,0,0,0,1,0,0,0,1,0,0,1,0,0,0,0,0,1,0,0,0,1,0,0,0,0,1,0,0,0,0,0,0,1,0,0,0,0,0,0,0,0,0,0,0,0,1,0
,Sweden_14,SE,The Swedish Privacy Agency,11-12-2024,COMPLAINT,N,,N,,NOT_DISCUSSED,1,Granit Bostad Beritsholm AB,Controller,S.11 - Non-financial corporations,"Code: 6810, Description: Real estate activities with own or leased property, Level: 4",BUSINESS,N,,N,None_Mentioned,Legitimate_Interest,,,Not_Assessed,Not_Discussed,,1 November 2022 to 11 December 2024,,Not_Assessed,Not_Evaluated,Not_Evaluated,N,,Violated,"Art. 6(1), Art. 13, Art. 5(1)(c), Art. 5(2)","Art. 6(1), Art. 13",N,Y,Y,Not_Assessed,Cooperative,During_Investigation,Not_Assessed,Not_Assessed,Mitigating_Factor,"Fine, Compliance_Order",200000,SEK,Y,Y,"IMY found that Granit Bostad Beritsholm AB conducted extensive camera surveillance in a Malmö residential property without a valid legal basis except for the garage, and failed to provide required Article 13 information. It imposed a SEK 200,000 administrative fine and ordered the company to cease surveillance in all areas except the garage and to add identity and contact details to signage within four weeks. IMY’s reasoning balanced legitimate interest against privacy, finding necessity but an unfavorable balance in entrances, stairwells and other areas, noted transparency deficiencies, and characterized the conduct as negligent with low overall seriousness.",17200.0,,,1.0,,1.0,,,,,,,,,,,,0,0,0,0,0,0,0,0,0,0,0,0,0,0,0,0,0,0,0,0,1,0,0,0,0,0,0,0,0,0,0,0,0,0,0,0,1,0,1,0,0,0,0,0,0,0.0,0.0,,,,,,,,0.0,0.0,0,1.0,1.0,,1.0,1.0,,,1.0,1.0,0.0,0,1,0,0,0,1,0,0,0,0,0,0,0,0,0,0,0,1,0,0,0,0,0,0,1,0,0,1,0,0,0,0,0,1,0,0,0,1,0,0,0,1,0,1,0,0,1,0,0,0,0,0,1,0,0,0,0,1,0,0,0,1,0,0,0,0,0,1,0,1,0,0,0,0,0,0,0,0,0,0,1,0,0
,Sweden_15,SE,Swedish Data Protection Authority (IMY),28-04-2025,COMPLAINT,Y,Lead_Authority,N,,DISCUSSED_NO_PRIOR_FOUND,1,Aller Media AB,Controller,S.11 - Non-financial corporations,,BUSINESS,N,,Y,None_Mentioned,"Consent, Legitimate_Interest",,,Not_Assessed,Not_Discussed,1,On 21 May 2021,Not_Assessed,Not_Assessed,Not_Evaluated,Not_Evaluated,N,,Not_Evaluated,"Art. 6(1)(f), Art. 5(2), Art. 24",Art. 6(1)(f),N,Y,Not_Assessed,Not_Assessed,Cooperative,During_Investigation,Not_Assessed,Not_Assessed,Mitigating_Factor,Reprimand,0,,N,,"IMY investigated a cross-border complaint about Aller Media AB’s cookie banner and subsequent processing on recept.se on 21 May 2021. IMY found Aller had not demonstrated a legitimate interest for profiling and precise geodata processing and that objection was only possible after refusing consent, violating Article 6(1)(f) GDPR. Considering the minor nature, prior clean record, and changes made during supervision, IMY issued a reprimand.",,,,1.0,,,,,,,,,,,,,,0,0,0,0,0,0,0,0,0,0,0,0,0,0,0,0,0,1,0,0,1,0,0,0,0,0,0,0,0,0,0,0,0,0,0,0,0,0,0,0,0,0,0,1,0,0.0,1.0,,,,,,,,0.0,,0,1.0,,,1.0,1.0,,,0.0,,1.0,0,1,0,0,0,1,0,0,0,0,0,0,0,0,0,1,0,1,0,0,0,0,0,0,1,0,0,1,0,0,0,1,0,0,0,0,0,1,0,1,0,0,0,1,0,0,1,0,0,0,0,0,1,0,0,0,0,1,0,0,0,1,0,0,0,0,0,0,0,1,0,0,0,0,1,0,0,0,0,1,0,0,0
,Sweden_16,SE,Swedish Authority for Privacy Protection,19-12-2024,COMPLAINT,Y,Lead_Authority,N,,DISCUSSED_NO_PRIOR_FOUND,1,Aktiebolaget Trav och Galopp,Controller,,,BUSINESS,N,,Y,None_Mentioned,Consent,,,Not_Assessed,Not_Discussed,,,Not_Assessed,Not_Assessed,Not_Evaluated,Not_Evaluated,N,,Not_Evaluated,"Art. 6, Art. 7(3), Art. 5(1)","Art. 6, Art. 7(3)",N,Y,Not_Assessed,Not_Assessed,Not_Discussed,During_Investigation,N,Not_Assessed,Mitigating_Factor,Reprimand,0,,N,,"IMY upheld a cross-border complaint against ATG, finding that its cookie banner used misleading design and did not make withdrawal of consent as easy as giving it, invalidating consent. IMY concluded violations of GDPR Art. 6 and 7(3), noting transparency concerns in the consent context. Given minor infringements and some remedial steps by ATG, IMY issued a reprimand without a fine.",,,,1.0,,,,,,,,,,,,,,0,0,0,0,0,0,0,0,0,0,0,0,0,0,0,0,0,1,0,0,0,0,0,0,0,0,0,0,0,0,0,0,0,0,0,0,0,0,0,0,0,0,0,1,0,0.0,1.0,,,,,,,,0.0,,0,1.0,,,,1.0,0.0,,0.0,,1.0,0,1,0,0,0,1,0,0,0,0,0,0,0,0,0,1,0,1,0,0,0,0,0,0,1,0,0,1,0,0,0,1,0,0,0,0,0,1,0,1,0,0,0,1,0,0,0,1,0,0,0,0,1,0,0,0,1,0,0,0,0,1,0,0,0,0,0,0,0,1,0,0,0,0,1,0,0,0,0,1,0,0,0
,Sweden_18,SE,Integritetsskyddsmyndigheten,09-06-2021,COMPLAINT,N,,N,,NOT_DISCUSSED,1,The Executive Board of the Rescue Service Östra Skaraborg,Controller,S.13 - General government,"Code: 8423, Description: Public order and safety activities, Level: 4",PUBLIC_AUTHORITY,N,,N,Employees,Public_Task,,,Not_Assessed,Y,,25 May 2018 to 6 May 2021,Not_Assessed,Not_Assessed,Inadequate,Violated,N,,Not_Evaluated,"Art. 5(1)(a), Art. 5(1)(c), Art. 6, Art. 32(1), Art. 32(4)","Art. 5(1)(a), Art. 5(1)(c), Art. 32(1), Art. 32(4)",N,N,Not_Assessed,Not_Assessed,Cooperative,During_Investigation,Not_Assessed,Not_Assessed,Mitigating_Factor,Fine,350000,SEK,N,Partially,"IMY fined the Executive Board of the Rescue Service Östra Skaraborg for camera surveillance in fire station carriage halls that captured staff during changing. IMY upheld Public Task as the legal basis but found violations of fairness and data minimization (Art. 5(1)(a), 5(1)(c)) and inadequate organizational measures under Art. 32 due to lack of instructions and 24/7 monitoring without masking. Surveillance ended on 6 May 2021 and a SEK 350,000 fine was imposed.",30100.0,,,,,,1.0,,,,1.0,,,,,,,0,0,0,0,0,0,0,0,0,0,0,0,0,1,0,0,0,0,0,0,0,1,0,0,0,0,0,0,0,0,0,0,0,0,0,0,0,0,1,0,0,0,0,0,0,0.0,0.0,,,1.0,,,0.0,0.0,0.0,,0,0.0,,,1.0,1.0,,,0.0,,0.0,0,1,0,0,0,0,0,0,0,1,0,0,0,0,0,1,0,1,0,0,0,0,0,1,0,0,0,0,0,1,0,1,0,0,1,0,0,0,0,1,0,0,0,1,0,0,1,0,0,0,0,0,1,0,0,0,0,1,0,0,0,1,0,0,0,0,1,0,0,1,0,0,0,0,0,0,0,0,0,0,1,0,0
,Sweden_20,SE,Privacy Protection Authority (IMY),28-03-2022,EX_OFFICIO_INVESTIGATION,N,,N,,NOT_DISCUSSED,1,Klarna Bank AB,Controller,S.122 - Deposit-taking corporations except the central bank,"Code: 6419, Description: Other monetary intermediation, Level: 4",BUSINESS,N,,N,None_Mentioned,"Contract, Legal_Obligation, Legitimate_Interest",Y,"Adequacy_Decision, Standard_Contractual_Clauses",Not_Assessed,Not_Discussed,,17 March 2020 to 26 June 2020,Not_Assessed,Not_Assessed,Not_Evaluated,Not_Evaluated,N,,Violated,"Art. 5(1)(a), Art. 5(2), Art. 12(1), Art. 13(1)(c), Art. 13(1)(e), Art. 13(1)(f), Art. 13(2)(a), Art. 13(2)(b), Art. 13(2)(f), Art. 14(2)(g), Art. 21(4), Art. 22(1)","Art. 5(1)(a), Art. 5(2), Art. 12(1), Art. 13(1)(c), Art. 13(1)(e), Art. 13(1)(f), Art. 13(2)(a), Art. 13(2)(b), Art. 13(2)(f), Art. 14(2)(g)",N,N,Not_Assessed,Not_Assessed,Cooperative,During_Investigation,Not_Assessed,Not_Assessed,Mitigating_Factor,Fine,7500000,SEK,N,Y,"IMY fined Klarna SEK 7.5 million for inadequate transparency in its privacy information between 17 March and 26 June 2020. Deficiencies covered purposes and legal bases, recipient disclosures, third-country transfers, retention periods, data subject rights, and meaningful information on automated decision-making, violating Arts 5, 12, 13, and 14. IMY considered the scale and seriousness, noted improvements during the investigation, and imposed a proportionate, dissuasive fine.",645000.0,,,,,1.0,1.0,,,1.0,,,,1.0,,,,0,0,0,0,0,0,0,0,0,0,0,0,0,0,0,0,0,0,1,1,1,0,0,1,0,0,0,0,1,0,0,0,0,0,0,0,0,0,1,0,0,0,0,0,0,0.0,0.0,1.0,,,,,,,0.0,0.0,0,0.0,,,1.0,1.0,,,0.0,1.0,0.0,0,1,0,0,0,1,0,0,0,0,0,0,0,0,0,1,0,1,0,0,0,0,0,0,1,0,0,1,0,0,0,0,0,1,1,0,0,0,0,1,0,0,0,1,0,0,1,0,0,0,0,0,1,0,0,0,0,1,0,0,0,1,0,0,0,0,0,1,0,0,1,0,0,0,0,0,0,0,0,0,1,0,0
,Sweden_21,SE,Swedish Privacy Protection Authority (IMY),26-06-2023,EX_OFFICIO_INVESTIGATION,N,,N,,NOT_DISCUSSED,1,Expressen Lifestyle AB,Controller,S.11 - Non-financial corporations,"Code: 5814, Description: Publishing of journals and periodicals, Level: 4",BUSINESS,,,N,None_Mentioned,"Contract, Legitimate_Interest",,,Not_Assessed,Not_Discussed,1372,May 2018 to 4 June 2019,,Not_Assessed,Not_Evaluated,Not_Evaluated,N,,Violated,"Art. 12(1), Art. 13(1)(c), Art. 6(1)(a), Art. 6(1)(b), Art. 6(1)(f)",Art. 13(1)(c),N,N,Not_Assessed,Not_Assessed,Cooperative,During_Investigation,Not_Assessed,Not_Assessed,Mitigating_Factor,Reprimand,0,,N,,"IMY investigated Bonnier Magazines’ webshop registration flow and found it stated consent as the legal basis while processing actually relied on contract or legitimate interest between May 2018 and 4 June 2019. As the company had merged, Expressen Lifestyle AB was held responsible; only 1372 customers were affected and the issue was promptly corrected, so IMY deemed the impact limited. IMY found a violation of Article 13(1)(c) and issued a reprimand.",,,,,,1.0,,,,,,,,,,,,0,0,0,0,0,0,0,0,0,0,0,0,0,0,0,0,0,0,1,0,1,0,0,0,0,0,0,0,0,0,0,0,0,0,0,0,0,0,0,0,0,0,0,1,0,,0.0,,,,,,,,0.0,0.0,0,0.0,,,1.0,1.0,,,0.0,,0.0,0,1,0,0,0,1,0,0,0,0,0,0,0,0,0,0,0,1,0,0,0,0,0,0,1,0,0,1,0,0,0,0,0,1,1,0,0,0,0,1,0,0,0,1,0,0,1,0,0,0,0,0,1,0,0,0,0,1,0,0,0,1,0,0,0,0,0,0,0,0,1,0,0,0,0,0,0,0,0,0,1,0,0
,Sweden_22,SE,Swedish Authority for Privacy Protection (IMY),12-06-2023,COMPLAINT,Y,Lead_Authority,N,,NOT_DISCUSSED,1,Spotify AB,Controller,S.11 - Non-financial corporations,,BUSINESS,N,,,None_Mentioned,Not_Specified,Y,Standard_Contractual_Clauses,Not_Assessed,Not_Discussed,,11 June 2019 to 16 May 2022; and 16 November 2021 to 16 May 2022,Not_Assessed,Not_Assessed,Not_Evaluated,Not_Evaluated,Y,Access,Violated,"Art. 12(1), Art. 12(2), Art. 12(3), Art. 15(1), Art. 15(2), Art. 15(3)","Art. 12(1), Art. 12(3), Art. 15(1)(a), Art. 15(1)(b), Art. 15(1)(c), Art. 15(1)(d), Art. 15(1)(g), Art. 15(2), Art. 15(3)",Y,Not_Evaluated,Not_Assessed,Not_Assessed,Cooperative,During_Investigation,N,Not_Assessed,Mitigating_Factor,"Fine, Reprimand, Compliance_Order",58000000,SEK,Y,Y,"IMY found Spotify’s Article 15 responses unclear and insufficient, including non-individualized information on purposes, data categories, recipients, retention, sources, and third-country safeguards, and provided technical log descriptions only in English. It upheld infringements in two complaints (late response and incomplete or insufficiently understandable copies), while a third complaint was rejected. IMY imposed a SEK 58,000,000 fine, issued a reprimand, and ordered Spotify to fulfill one complainant’s access request within one month.",4988000.0,,,,,,,1.0,,,,,,1.0,,,,0,0,0,0,0,0,0,0,0,0,0,0,0,0,0,0,0,0,0,0,0,0,0,0,0,0,0,0,1,1,0,0,0,0,0,0,1,0,1,0,0,0,0,1,0,0.0,,1.0,,,,,,,1.0,0.0,1,,,,1.0,1.0,0.0,,1.0,1.0,1.0,0,1,0,0,0,1,0,0,0,0,0,0,0,0,0,1,0,1,0,0,0,0,0,0,1,0,0,1,0,0,0,0,0,1,0,1,0,0,0,1,0,0,0,1,0,0,1,0,0,0,0,0,1,0,0,0,1,0,0,0,0,1,0,0,0,0,0,1,0,1,0,0,0,0,1,0,0,0,0,0,1,0,0
,Sweden_23,SE,Integrity Protection Authority,26-01-2022,BREACH_NOTIFICATION,N,,N,,NOT_DISCUSSED,1,The Regional Board of the Uppsala Region,Controller,S.13 - General government,,PUBLIC_AUTHORITY,Y,Health,N,"Children, Employees, Patients, Other_Vulnerable",Not_Specified,N,,Y,Not_Discussed,100000-500000,25 May 2018 to 7 May 2019,Not_Assessed,Not_Assessed,Inadequate,Not_Evaluated,N,,Not_Evaluated,"Art. 4(7), Art. 5(2), Art. 24(1), Art. 32, Art. 9(1)",Art. 32(1),N,Not_Evaluated,Not_Assessed,Not_Assessed,Cooperative,During_Investigation,Not_Assessed,Not_Assessed,Mitigating_Factor,Fine,300000,SEK,N,Y,"IMY found that the Regional Board of the Uppsala Region sent unencrypted Excel files containing sensitive health data and social security numbers via email within the region, breaching Article 32(1) GDPR. Despite transport encryption (TLS 1.2), the file contents were readable after transfer, posing high risk, and the practice violated the region’s own guidelines. Considering the systematic, long-lasting processing affecting up to 500,000 individuals and limited mitigating factors, IMY imposed a SEK 300,000 administrative fine.",25800.0,,,,,,,,,,1.0,,,,,,,0,0,0,1,0,0,0,0,0,0,0,1,0,1,1,1,0,0,0,0,0,0,0,0,0,0,0,0,0,0,0,0,0,0,0,0,0,0,1,0,0,0,0,0,0,1.0,0.0,0.0,1.0,,,,0.0,,0.0,,0,,,,1.0,1.0,,,0.0,1.0,0.0,0,1,0,0,0,0,0,0,0,1,0,0,0,0,0,1,0,1,0,0,0,0,0,1,0,0,0,1,0,0,0,1,0,0,0,1,0,0,0,1,0,0,0,1,0,0,1,0,0,0,0,0,1,0,0,0,0,1,0,0,0,1,0,0,0,0,0,1,1,0,0,0,0,0,0,0,0,0,0,0,1,0,0
,Sweden_24,SE,Swedish Data Protection Authority (IMY),26-06-2023,EX_OFFICIO_INVESTIGATION,Y,Lead_Authority,N,,NOT_DISCUSSED,1,Bonnier News AB,Joint_Controller,S.11 - Non-financial corporations,"Code: 5813, Description: Publishing of newspapers, Level: 4",BUSINESS,N,,Y,None_Mentioned,Legitimate_Interest,,,Not_Assessed,Not_Discussed,,7 November 2019 to 11 June 2020,,Not_Assessed,Not_Evaluated,Not_Evaluated,N,,Not_Evaluated,"Art. 4(1), Art. 4(4), Art. 5(1)(a), Art. 5(1)(c), Art. 6(1), Art. 26",Art. 6(1),Y,Y,Not_Assessed,Not_Assessed,Cooperative,Before_Investigation,,Y,Mitigating_Factor,Fine,13000000,SEK,Y,Partially,"IMY found Bonnier News AB, as joint controller in group-wide databases, lacked a valid legal basis under Art. 6(1) for profiling to deliver customized ads and for sharing contact details for telemarketing when profiles were supplemented. The processing used cookies-derived behavioral data linked with KDB and third-party data, and IMY rejected reliance on legitimate interest, imposing a SEK 13,000,000 fine after cross-border cooperation. Some non-linked KDB marketing was accepted under legitimate interest; mitigation included data minimization and limited retention.",1118000.0,,,1.0,,,,,,,,,,,,,,0,0,0,0,0,0,0,0,0,0,0,0,0,0,0,0,0,0,0,0,1,0,0,0,0,0,0,0,0,0,0,0,0,0,0,0,0,0,1,0,0,0,0,0,0,0.0,1.0,,,,,,,,0.0,,1,1.0,,,1.0,1.0,,1.0,1.0,,1.0,0,0,1,0,0,1,0,0,0,0,0,0,0,0,0,0,0,1,0,0,0,0,0,0,1,0,0,1,0,0,0,1,0,0,0,0,0,1,0,1,0,0,0,1,0,0,1,0,0,0,0,1,0,0,0,0,0,0,0,0,0,0,0,1,0,0,1,0,0,0,1,0,0,0,1,0,0,0,0,0,1,0,0
,Sweden_26,SE,Privacy Protection Authority (IMY),31-03-2021,COMPLAINT,Y,Lead_Authority,N,,NOT_DISCUSSED,1,Klarna Bank AB,Controller,S.12 - Financial corporations,"Code: 6419, Description: Other monetary intermediation, Level: 4",BUSINESS,,,,None_Mentioned,Not_Specified,,,Not_Assessed,Not_Discussed,1,More than five months,Not_Assessed,Not_Assessed,Not_Evaluated,Not_Evaluated,Y,Access,Not_Evaluated,"Art. 12(3), Art. 12(6), Art. 15, Art. 58(2), Art. 83",Art. 12(3),N,Not_Evaluated,Not_Assessed,Not_Assessed,Not_Discussed,Not_Discussed,Not_Assessed,Not_Assessed,Not_Considered,Reprimand,0,EUR,N,,"IMY, acting as lead authority in a cross-border case, investigated two access requests to Klarna Bank AB under GDPR Articles 12 and 15. It found a breach of Article 12(3) for complaint 1 due to a delay of more than five months without notifying the extension, and issued a reprimand; complaint 2 was handled within 14 days and required no further action. IMY used Chapter VII cooperation with several DPAs and classified the infringement as minor under Recital 148.",0.0,,,,,,,,,,,,,1.0,,,,0,0,0,0,0,0,0,0,0,0,0,0,0,0,0,0,0,0,0,0,0,0,0,0,0,0,0,0,0,1,0,0,0,0,0,0,0,0,0,0,0,0,0,1,0,,,,,,,,,,1.0,,0,,,,,,,,0.0,,1.0,0,1,0,0,0,1,0,0,0,0,0,0,0,0,0,1,0,1,0,0,0,0,0,0,1,0,0,1,0,0,0,1,0,0,0,1,0,0,0,1,0,0,0,1,0,0,0,1,0,0,0,0,0,0,1,0,0,1,0,0,0,1,0,0,0,0,0,0,0,1,0,0,0,0,1,0,0,0,0,0,1,0,0
,Sweden_27,SE,Integrity Protection Authority,22-01-2021,COMPLAINT,Y,Lead_Authority,N,,NOT_DISCUSSED,1,MAG Interactive AB,Controller,S.11 - Non-financial corporations,,BUSINESS,,,,None_Mentioned,Not_Specified,,,Not_Assessed,Not_Discussed,1,29 May 2019 until 6 November 2020,Not_Assessed,Not_Assessed,Not_Evaluated,Not_Evaluated,Y,Erasure,Violated,"Art. 12(3), Art. 12(6), Art. 17(1)(a), Art. 17(3)(b), Art. 56, Art. 57(1)(f)",Art. 12(3),N,Not_Evaluated,Not_Assessed,Not_Assessed,Cooperative,During_Investigation,Not_Assessed,Not_Assessed,Mitigating_Factor,,0,EUR,N,,"IMY, acting as lead authority in a cross-border complaint, found that MAG Interactive AB violated Article 12(3) by failing to inform the complainant of the outcome of an erasure request from 29 May 2019 until 6 November 2020. The company erased the data within 16 days and was justified in retaining minimal records to evidence compliance, but due to oversight did not notify the complainant. Considering measures taken and planned, IMY closed the case without action.",0.0,,,,,,,,,,,,,1.0,,,,0,0,0,0,0,0,0,0,0,0,0,0,0,0,0,0,0,0,0,0,0,0,0,0,0,0,0,0,0,0,0,1,0,0,0,0,0,0,0,0,0,0,0,0,0,,,,,,,,,,1.0,0.0,0,,,,1.0,1.0,,,0.0,,1.0,0,1,0,0,0,1,0,0,0,0,0,0,0,0,0,1,0,1,0,0,0,0,0,0,1,0,0,1,0,0,0,0,0,1,0,1,0,0,0,1,0,0,0,1,0,0,1,0,0,0,0,0,1,0,0,0,0,1,0,0,0,1,0,0,0,0,0,0,0,1,0,0,0,0,1,0,0,0,0,0,1,0,0
,Sweden_29,SE,Swedish Authority for Privacy Protection,01-04-2022,COMPLAINT,Y,Lead_Authority,N,,DISCUSSED_NO_PRIOR_FOUND,1,Readly AB,Controller,S.11 - Non-financial corporations,,BUSINESS,N,,,None_Mentioned,Contract|Legitimate_Interest,,,Not_Assessed,Not_Discussed,1,23 days,Not_Assessed,Not_Assessed,Not_Evaluated,Not_Evaluated,Y,Objection,Not_Evaluated,"Art. 6(1), Art. 12(3), Art. 21(2), Art. 21(3)","Art. 6(1), Art. 12(3), Art. 21(3)",N,Y,Y,Not_Assessed,Cooperative,Before_Investigation,Not_Assessed,Not_Assessed,Mitigating_Factor,Reprimand,0,,N,Partially,"IMY found Readly AB sent direct marketing emails after the complainant objected, violating Articles 21(3), 12(3), and 6(1) GDPR. It rejected contract as a lawful basis for personalized marketing emails and held that after objection no lawful basis remained. Considering the short duration, non-sensitive data, and negligent nature with remedial action, IMY issued a reprimand.",,,,1.0,1.0,,,,,,,,,1.0,,,,0,0,0,0,0,0,0,0,0,0,0,0,0,0,0,0,0,0,0,0,0,0,0,0,0,0,0,0,0,0,0,0,1,0,0,0,0,0,0,0,0,0,0,1,0,0.0,,,,,,,,,1.0,,0,1.0,1.0,,1.0,1.0,,,0.0,,1.0,0,1,0,0,0,1,0,0,0,0,0,0,0,0,0,1,0,1,0,0,0,0,0,0,1,0,0,1,0,0,0,1,0,0,0,0,0,1,0,0,0,1,0,1,0,0,1,0,0,0,0,1,0,0,0,0,0,1,0,0,0,1,0,0,0,0,1,0,0,1,0,0,0,0,1,0,0,0,0,1,0,0,0
,Sweden_30,SE,The Swedish Data Protection Authority,31-03-2023,COMPLAINT,Y,Lead_Authority,N,,DISCUSSED_NO_PRIOR_FOUND,1,CDON AB,Controller,S.11 - Non-financial corporations,"Code: 4791, Description: Retail sale via mail order houses or via Internet, Level: 4",BUSINESS,N,,N,None_Mentioned,Not_Specified,,,Not_Assessed,Not_Discussed,5,,Not_Assessed,Not_Assessed,Not_Evaluated,Violated,Y,"Erasure, Access",Not_Evaluated,"Art. 5(1)(c), Art. 5(2), Art. 11(2), Art. 12(2), Art. 12(6), Art. 17","Art. 5(1)(c), Art. 12(6), Art. 12(2)",N,Not_Evaluated,Not_Assessed,Not_Assessed,Cooperative,Before_Investigation,N,Not_Assessed,Mitigating_Factor,Reprimand,0,,N,,"IMY investigated seven cross-border complaints that CDON AB made erasure requests unduly burdensome by demanding excessive identity-verification data. It found violations of data minimization and Article 12 obligations, while noting CDON’s later procedure was proportionate. Considering the minor, older infringements and improvements, IMY issued a reprimand without a fine.",,,,,,,1.0,,,,,,,1.0,,,,0,0,0,0,0,0,0,0,0,0,0,0,0,0,0,0,0,0,0,0,0,0,0,0,0,0,0,0,0,1,0,1,0,0,0,0,0,0,0,0,0,0,0,1,0,0.0,0.0,,,,,,,0.0,1.0,,0,,,,1.0,1.0,0.0,,0.0,,1.0,0,1,0,0,0,1,0,0,0,0,0,0,0,0,0,1,0,1,0,0,0,0,0,0,1,0,0,0,0,1,0,1,0,0,0,1,0,0,0,1,0,0,0,1,0,0,1,0,0,0,0,1,0,0,0,0,1,0,0,0,0,1,0,0,0,0,0,0,0,1,0,0,0,0,1,0,0,0,0,1,0,0,0
,Sweden_31,SE,The Integrity Protection Authority,23-03-2021,COMPLAINT,Y,Lead_Authority,N,,NOT_DISCUSSED,1,Rebtel Networks AB,Controller,S.11 - Non-financial corporations,,BUSINESS,N,,,None_Mentioned,Not_Specified,,,Not_Assessed,Not_Discussed,1,18 September 2019 to 9 November 2020,Not_Assessed,Not_Assessed,Not_Evaluated,Not_Evaluated,Y,Erasure,Violated,"Art. 12(3), Art. 17(1)(a), Art. 17(3)(b)","Art. 17, Art. 12(3)",N,Not_Evaluated,Not_Assessed,Not_Assessed,Cooperative,During_Investigation,Not_Assessed,Not_Assessed,Mitigating_Factor,Reprimand,0,,N,N,"IMY investigated Rebtel Networks AB after a cross-border complaint about continued emails and failure to promptly erase data. IMY found violations of Article 17 for delayed erasure and Article 12(3) for providing incorrect information, noting four emails sent shortly after the erasure request. Considering the minor nature and remedial measures, IMY issued a reprimand.",,,,,,,,,1.0,,,,,1.0,,,,0,0,0,0,0,0,0,0,0,0,0,0,0,0,0,0,0,0,0,0,0,0,0,0,0,0,0,0,0,0,0,1,0,0,0,0,0,0,0,0,0,0,0,1,0,0.0,,,,,,,,,1.0,0.0,0,,,,1.0,1.0,,,0.0,0.0,1.0,0,1,0,0,0,1,0,0,0,0,0,0,0,0,0,1,0,1,0,0,0,0,0,0,1,0,0,1,0,0,0,0,0,1,0,1,0,0,0,1,0,0,0,1,0,0,1,0,0,0,0,0,1,0,0,0,0,1,0,0,0,1,0,0,1,0,0,0,0,1,0,0,0,0,1,0,0,0,0,0,1,0,0
,Sweden_32,SE,Swedish Authority for Privacy Protection (IMY),27-06-2022,COMPLAINT,Y,Lead_Authority,N,,DISCUSSED_NO_PRIOR_FOUND,1,Nordax Bank AB,Controller,S.12 - Financial corporations,"Code: 6419, Description: Other monetary intermediation, Level: 4",BUSINESS,N,,N,None_Mentioned,Legal_Obligation,,,Not_Assessed,Not_Discussed,1,,Not_Assessed,Not_Assessed,Not_Evaluated,Not_Evaluated,Y,Access|Erasure|Objection,Violated,"Art. 12(3), Art. 12(6), Art. 15, Art. 17, Art. 21(2)","Art. 12(3), Art. 12(6), Art. 15, Art. 17",N,Not_Evaluated,Not_Assessed,Not_Assessed,Not_Discussed,During_Investigation,N,Not_Assessed,Mitigating_Factor,"Reprimand, Compliance_Order",0,,N,,"Cross-border complaint from Norway about Nordax Bank’s handling of data subject rights for direct marketing. IMY found violations of Articles 12(3), 12(6), 15, and 17 for failing to provide access/erasure and accurate, timely information on objection handling. IMY issued a reprimand and compliance orders to provide access, assess erasure, and inform the complainant, noting minor infringement and remedial steps taken.",,,,,,,,1.0,1.0,,,,,1.0,,,,0,0,0,0,0,0,0,0,0,0,0,0,0,0,0,0,0,0,0,1,0,0,0,0,0,0,0,0,0,0,0,0,0,0,0,0,1,0,0,0,0,0,0,1,0,0.0,0.0,,,,,,,,1.0,0.0,0,,,,,1.0,0.0,,0.0,,1.0,0,1,0,0,0,1,0,0,0,0,0,0,0,0,0,1,0,1,0,0,0,0,0,0,1,0,0,1,0,0,0,0,0,1,0,1,0,0,0,1,0,0,0,1,0,0,0,1,0,0,0,0,1,0,0,0,1,0,0,0,0,1,0,0,0,0,0,0,0,1,0,0,0,0,1,0,0,0,0,1,0,0,0
,Sweden_33,SE,Swedish Privacy Agency,30-06-2023,COMPLAINT,Y,Lead_Authority,N,,NOT_DISCUSSED,1,Coop Sverige Aktiebolag,Controller,S.11 - Non-financial corporations,,BUSINESS,N,,Y,None_Mentioned,Not_Specified,Y,Standard_Contractual_Clauses,Not_Assessed,Not_Discussed,,14-08-2020 to 30-06-2023,Not_Assessed,Not_Assessed,Inadequate,Not_Evaluated,N,,Not_Evaluated,"Art. 1(2), Art. 4(1), Art. 4(5), Art. 44, Art. 45, Art. 46",Art. 44,N,Not_Evaluated,Not_Assessed,Not_Assessed,Not_Discussed,During_Investigation,Not_Assessed,Not_Assessed,Mitigating_Factor,Compliance_Order,0,,N,Partially,"IMY found that Coop’s use of Google Analytics transferred personal data to the US without ensuring an equivalent level of protection, violating Article 44. SCCs and Google’s/Coop’s supplementary measures (including server-side container and IP anonymization) were deemed ineffective given US surveillance laws. IMY ordered compliance within one month and refrained from imposing a fine due to mitigating efforts.",,,,,,,,,,,,,,,,,,0,0,0,0,0,0,0,0,0,0,0,0,0,0,0,0,0,0,0,0,0,0,0,0,0,0,0,0,1,0,0,0,0,0,0,0,1,0,0,0,0,0,0,0,0,0.0,1.0,1.0,,,,,0.0,,0.0,,0,,,,,1.0,,,0.0,,1.0,0,1,0,0,0,1,0,0,0,0,0,0,0,0,0,1,0,1,0,0,0,0,0,1,0,0,0,1,0,0,0,1,0,0,0,1,0,0,0,1,0,0,0,1,0,0,0,1,0,0,0,0,1,0,0,0,0,1,0,0,0,1,0,0,0,0,1,0,0,1,0,0,0,0,1,0,0,0,0,0,1,0,0
,Sweden_34,SE,The Swedish Privacy Agency,30-06-2023,COMPLAINT,Y,Lead_Authority,N,,NOT_DISCUSSED,1,Dagens Industri Aktiebolag,Controller,S.11 - Non-financial corporations,,BUSINESS,N,,Y,None_Mentioned,Consent,Y,Standard_Contractual_Clauses,Not_Assessed,Not_Discussed,,14-08-2020 to 30-06-2023,Not_Assessed,Not_Assessed,Inadequate,Not_Evaluated,N,,Not_Evaluated,"Art. 4(1), Art. 4(5), Art. 4(7), Art. 4(8), Art. 44, Art. 45, Art. 46",Art. 44,N,Y,Not_Assessed,Not_Assessed,Not_Discussed,During_Investigation,Not_Assessed,Not_Assessed,Mitigating_Factor,Compliance_Order,0,EUR,N,Partially,"IMY found that Dagens Industri’s use of Google Analytics transferred personal data to the US, violating Article 44 due to unmet Chapter V conditions. SCCs and additional contractual, organizational, and technical measures were deemed insufficient to prevent access by US authorities. IMY ordered compliance (cease the GA version used unless sufficient safeguards) and, considering mitigating factors, imposed no fine.",0.0,,,,,,,,,,,,,,,,,0,0,0,0,0,0,0,0,0,0,0,0,0,0,0,0,0,1,0,0,0,0,0,0,0,0,0,0,1,0,0,0,0,0,0,0,1,0,0,0,0,0,0,0,0,0.0,1.0,1.0,,,,,0.0,,0.0,,0,1.0,,,,1.0,,,0.0,,1.0,0,1,0,0,0,1,0,0,0,0,0,0,0,0,0,1,0,1,0,0,0,0,0,1,0,0,0,1,0,0,0,1,0,0,0,0,0,1,0,1,0,0,0,1,0,0,0,1,0,0,0,0,1,0,0,0,0,1,0,0,0,1,0,0,0,0,1,0,0,1,0,0,0,0,1,0,0,0,0,0,1,0,0
,Sweden_35,SE,Swedish Authority for Privacy Protection (IMY),30-06-2023,COMPLAINT,Y,Lead_Authority,N,,NOT_DISCUSSED,1,Tele2 Sverige Aktiebolag,Controller,S.11 - Non-financial corporations,"Code: 61, Description: Telecommunications, Level: 2",BUSINESS,N,,Y,None_Mentioned,Not_Specified,Y,Standard_Contractual_Clauses,Not_Assessed,Not_Discussed,,14-08-2020 to 05-2023,Not_Assessed,Not_Assessed,Inadequate,Not_Evaluated,N,,Not_Evaluated,"Art. 1(2), Art. 4(1), Art. 4(5), Art. 44, Art. 46",Art. 44,N,Not_Evaluated,Not_Assessed,Not_Assessed,Not_Discussed,During_Investigation,Not_Assessed,Not_Assessed,Mitigating_Factor,Fine,12000000,SEK,Y,Partially,"IMY found that Tele2’s use of Google Analytics on tele2.se transferred personal data to the US without meeting Chapter V GDPR conditions, violating Article 44 between 14 August 2020 and May 2023. SCCs and additional measures (including IP truncation) were deemed ineffective against potential access by US intelligence under FISA 702. IMY, acting as lead authority following an Austrian complaint, imposed a SEK 12 million fine.",1032000.0,,,,,,,,,,,,,,,,,0,0,0,0,0,0,0,0,0,0,0,0,0,0,0,0,0,0,0,0,0,0,0,0,0,0,0,0,1,0,0,0,0,0,0,0,0,0,1,0,0,0,0,0,0,0.0,1.0,1.0,,,,,0.0,,0.0,,0,,,,,1.0,,,1.0,,1.0,0,1,0,0,0,1,0,0,0,0,0,0,0,0,0,1,0,1,0,0,0,0,0,1,0,0,0,1,0,0,0,1,0,0,0,1,0,0,0,1,0,0,0,1,0,0,0,1,0,0,0,0,1,0,0,0,0,1,0,0,0,1,0,0,0,0,1,0,0,1,0,0,0,0,1,0,0,0,0,0,1,0,0
,Sweden_36,SE,Swedish Authority for Privacy Protection (IMY),30-06-2023,COMPLAINT,Y,Lead_Authority,N,,DISCUSSED_NO_PRIOR_FOUND,1,CDON AB,Controller,S.11 - Non-financial corporations,"Code: 4791, Description: Retail sale via mail order houses or via Internet, Level: 4",BUSINESS,N,,Y,None_Mentioned,Not_Specified,Y,Standard_Contractual_Clauses,Not_Assessed,Not_Discussed,,14-08-2020 to 30-06-2023,Not_Assessed,Not_Assessed,Inadequate,Not_Evaluated,N,,Not_Evaluated,"Art. 4(1), Art. 4(7), Art. 44, Art. 46",Art. 44,N,Not_Evaluated,Not_Assessed,Not_Assessed,Cooperative,During_Investigation,,,Mitigating_Factor,"Fine, Compliance_Order",300000,SEK,Y,Partially,"IMY found that CDON’s use of Google Analytics on cdon.fi transferred personal data to the US without adequate safeguards, breaching GDPR Art. 44. SCCs and measures like IP truncation and Google’s protections were deemed insufficient given US surveillance laws. IMY ordered compliance with Chapter V (including ceasing the GA version used on 14-08-2020 absent sufficient safeguards) and imposed a SEK 300,000 fine.",25800.0,,,,,,,,,,,,,,,,,0,0,0,0,0,0,0,0,0,0,0,0,0,0,0,0,0,0,0,0,0,0,0,0,0,0,0,0,1,0,0,0,0,0,0,0,1,0,1,0,0,0,0,0,0,0.0,1.0,1.0,,,,,0.0,,0.0,,0,,,,1.0,1.0,,,1.0,,1.0,0,1,0,0,0,1,0,0,0,0,0,0,0,0,0,1,0,1,0,0,0,0,0,1,0,0,0,1,0,0,0,1,0,0,0,1,0,0,0,1,0,0,0,1,0,0,1,0,0,0,0,0,1,0,0,0,0,0,0,0,0,0,0,0,0,0,1,0,0,1,0,0,0,0,1,0,0,0,0,1,0,0,0
,Sweden_37,SE,Swedish Privacy Protection Authority,28-08-2023,EX_OFFICIO_INVESTIGATION,N,,N,,NOT_DISCUSSED,1,Trygg-Hansa Försäkring filial,Controller,S.128 - Insurance corporations,"Code: 6512, Description: Non-life insurance, Level: 4",BUSINESS,Y,Health,N,None_Mentioned,Not_Specified,,,Y,Not_Discussed,650000,October 2018 – February 2021,Not_Assessed,Not_Assessed,Inadequate,Not_Evaluated,N,,Not_Evaluated,"Art. 5(1)(f), Art. 32(1), Art. 32(2)","Art. 5(1)(f), Art. 32(1)",N,Not_Evaluated,Not_Assessed,Not_Assessed,Not_Discussed,During_Investigation,Not_Assessed,Not_Assessed,Neutral,Fine,35000000,SEK,Y,Y,"IMY fined Trygg-Hansa SEK 35 million for failing to implement appropriate technical measures, enabling unauthorized access via modifiable URLs to documents concerning about 650,000 customers, including health data, from October 2018 to February 2021. It found violations of Art. 5(1)(f) and Art. 32(1), assessed severity, duration, and group turnover, and referenced EDPB fining guidelines. Logs indicated 202 likely directly affected; post-incident measures did not mitigate the sanction.",3010000.0,,,,,,1.0,,,,1.0,,,,,,,0,0,0,1,0,0,0,0,0,0,0,0,0,0,0,0,0,0,0,0,0,0,0,0,0,0,0,0,0,0,0,0,0,0,0,0,0,0,1,0,0,0,0,0,0,1.0,0.0,,1.0,,,,0.0,,0.0,,0,,,,,1.0,,,1.0,1.0,0.0,0,1,0,0,0,1,0,0,0,0,0,0,0,0,0,1,0,1,0,0,0,0,0,1,0,0,0,1,0,0,0,1,0,0,0,1,0,0,0,1,0,0,0,1,0,0,0,1,0,0,0,0,1,0,0,0,0,1,0,0,0,1,0,0,0,0,0,1,0,0,1,0,0,0,0,0,0,0,0,0,1,0,0
,Sweden_38,SE,Swedish Authority for Privacy Protection (IMY),10-10-2022,COMPLAINT,Y,Lead_Authority,N,,DISCUSSED_NO_PRIOR_FOUND,1,Trionic Sverige AB,Controller,S.11 - Non-financial corporations,"Code: 4791, Description: Retail sale via mail order houses or via Internet, Level: 4",BUSINESS,N,,,Elderly,"Legal_Obligation, Legitimate_Interest",,,Not_Assessed,Not_Discussed,1,Single incident,Not_Assessed,Not_Assessed,Not_Evaluated,Not_Evaluated,Y,Erasure,Violated,"Art. 6(1)(c), Art. 6(1)(f), Art. 13(1)(e), Art. 5(1)(d)","Art. 6(1), Art. 13(1)(e)",Y,Y,Not_Assessed,Not_Assessed,Not_Discussed,During_Investigation,Not_Assessed,Not_Assessed,Mitigating_Factor,Reprimand,0,,N,,"IMY, acting as lead authority in a cross-border complaint from Germany, found Trionic Sverige AB unlawfully disclosed the complainant’s data to an incorrect email (no necessity under Art. 6(1)) and provided insufficiently specific recipient information (Art. 13(1)(e)). IMY accepted legitimate interest for anti-fraud disclosure and for storing the IP address prior to cancellation, noted limited scope (one person) and improvements made, and issued a reprimand. No fine was imposed.",,,,1.0,,1.0,,,,,,,,,,,,0,0,0,0,0,0,0,0,0,0,0,0,1,0,0,0,0,0,0,1,1,0,0,0,0,0,0,0,0,0,0,1,0,0,0,0,0,0,0,0,0,0,0,1,0,0.0,,,,,,,,,1.0,0.0,1,1.0,,,,1.0,,,0.0,,1.0,0,1,0,0,0,1,0,0,0,0,0,0,0,0,0,1,0,1,0,0,0,0,0,0,1,0,0,1,0,0,0,0,0,1,0,0,0,1,0,1,0,0,0,1,0,0,0,1,0,0,0,0,1,0,0,0,0,1,0,0,0,1,0,0,0,0,0,0,0,1,0,0,0,0,1,0,0,0,0,1,0,0,0
,Sweden_39,SE,Swedish Authority for Privacy Protection (IMY),07-11-2023,COMPLAINT,N,,N,,NOT_DISCUSSED,1,Indecap AB,Controller,S.12 - Financial corporations,"Code: 6619, Description: Other activities auxiliary to financial service activities, except insurance and pension funding, Level: 4",BUSINESS,N,,N,None_Mentioned,Not_Specified,,,Y,Not_Discussed,52364,Single incident on 20-01-2021,Not_Assessed,Not_Assessed,Inadequate,Not_Evaluated,N,,Not_Evaluated,"Art. 4(7), Art. 5(1)(f), Art. 5(2), Art. 32(1), Art. 32(2), Art. 83, Art. 87",Art. 32(1),N,Not_Evaluated,Not_Assessed,Not_Assessed,Cooperative,During_Investigation,Not_Assessed,Not_Assessed,Mitigating_Factor,Fine,500000,SEK,Y,Y,"IMY fined Indecap AB after an employee mistakenly emailed an unencrypted Excel file containing personal and financial data of about 52,000 customers to up to 2,813 unintended recipients. IMY found inadequate technical and organizational measures under Article 32(1), noting high risk due to the sensitivity and volume of data and deviations from control routines during the pandemic without compensatory measures. Mitigating factors included steps to replace email distribution, prompt notification to data subjects, and contacting recipients to delete the email.",43000.0,,,,,,,,,,1.0,,,,,,,0,0,0,0,0,0,0,0,0,0,0,0,0,0,0,0,0,0,0,0,0,0,0,0,0,0,0,0,0,0,0,0,0,0,0,0,0,0,1,0,0,0,0,0,0,0.0,0.0,,1.0,,,,0.0,,0.0,,0,,,,1.0,1.0,,,1.0,1.0,0.0,0,1,0,0,0,1,0,0,0,0,0,0,0,0,0,1,0,1,0,0,0,0,0,1,0,0,0,1,0,0,0,1,0,0,0,1,0,0,0,1,0,0,0,1,0,0,1,0,0,0,0,0,1,0,0,0,0,1,0,0,0,1,0,0,0,0,0,1,0,1,0,0,0,0,0,0,0,0,0,0,1,0,0
,Sweden_40,SE,Swedish Authority for Privacy Protection,19-01-2023,COMPLAINT,Y,Lead_Authority,N,,PRIOR_INFRINGER_PRESENT,1,If Skadeförsäkring AB,Controller,S.12 - Financial corporations,"Code: 6512, Description: Non-life insurance, Level: 4",BUSINESS,Y,Health,N,None_Mentioned,Not_Specified,,,Not_Assessed,Not_Discussed,1,Single incident on 6 November 2020,Not_Assessed,Not_Assessed,Inadequate,Not_Evaluated,N,,Not_Evaluated,"Art. 32(1), Art. 32(2)",Art. 32(1),N,Not_Evaluated,Not_Assessed,Not_Assessed,Not_Discussed,During_Investigation,Not_Assessed,Not_Assessed,Mitigating_Factor,Reprimand,0,SEK,N,Partially,"IMY found that If Skadeförsäkring AB sent an email with sensitive health data using only enforced TLS, which did not protect the content end-to-end. It held this failed to ensure appropriate security under Article 32(1) given the risk of unauthorized access after delivery to the recipient’s mail server. Considering it was a single incident and subsequent security improvements, IMY issued a reprimand under Article 58(2)(b).",0.0,,,,,,,,,,1.0,,,,,,,0,0,0,1,0,0,0,0,0,0,0,0,0,0,0,0,0,0,0,0,0,0,0,0,0,0,0,0,0,0,0,0,0,0,0,0,0,0,0,0,0,0,0,1,0,1.0,0.0,,,,,,0.0,,0.0,,0,,,,,1.0,,,0.0,,1.0,0,1,0,0,0,1,0,0,0,0,0,0,0,0,0,1,0,1,0,0,0,0,0,1,0,0,0,1,0,0,0,1,0,0,0,1,0,0,0,1,0,0,0,1,0,0,0,1,0,0,0,0,1,0,0,0,0,1,0,0,0,1,0,0,0,0,1,0,0,1,0,0,0,0,1,0,0,0,0,0,0,1,0
,Sweden_41,SE,Swedish Authority for Privacy Protection (IMY),29-03-2022,COMPLAINT,Y,Lead_Authority,N,,DISCUSSED_NO_PRIOR_FOUND,1,Ellos Group AB,Controller,S.11 - Non-financial corporations,"Code: 4791, Description: Retail sale via mail order houses or via Internet, Level: 4",BUSINESS,N,,N,None_Mentioned,Not_Specified,,,Not_Assessed,Not_Discussed,1,until 21 May 2021,Not_Assessed,Not_Assessed,Inadequate,Not_Evaluated,N,,Not_Evaluated,"Art. 5(1)(f), Art. 32(1), Art. 32(2)",Art. 32(1),N,Not_Evaluated,Y,Not_Assessed,Cooperative,During_Investigation,N,Not_Assessed,Mitigating_Factor,Reprimand,0,,N,,"IMY, acting as lead authority in a cross-border complaint originating in Norway, found that Ellos Group AB violated Article 32(1) by designing a “merge customer” process that allowed unauthorized access to a customer’s purchase and return history using publicly available data. The infringement was negligent, involved one data subject, no sensitive data, and Ellos implemented remedial measures during the investigation. IMY issued a reprimand, considering the minor nature of the infringement and absence of prior violations.",,,,,,,,,,,1.0,,,,,,,0,0,0,0,0,0,0,0,0,0,0,0,0,0,0,0,0,0,0,0,0,0,0,0,0,0,0,0,0,0,0,0,0,0,0,0,0,0,0,0,0,0,0,1,0,0.0,0.0,,,,,,0.0,,0.0,,0,,1.0,,1.0,1.0,0.0,,0.0,,1.0,0,1,0,0,0,1,0,0,0,0,0,0,0,0,0,1,0,1,0,0,0,0,0,1,0,0,0,1,0,0,0,1,0,0,0,1,0,0,0,0,0,1,0,1,0,0,1,0,0,0,0,0,1,0,0,0,1,0,0,0,0,1,0,0,0,0,0,0,0,1,0,0,0,0,1,0,0,0,0,1,0,0,0
,Sweden_42,SE,Swedish Privacy Protection Authority,24-06-2024,BREACH_NOTIFICATION,N,,N,,NOT_DISCUSSED,1,Avanza Bank AB,Controller,S.12 - Financial corporations,"Code: 6419, Description: Other monetary intermediation, Level: 4",BUSINESS,N,,N,None_Mentioned,Not_Specified,,,Y,Not_Discussed,500001-1000000,15 November 2019 to 2 June 2021,,Not_Assessed,Inadequate,Not_Evaluated,N,,Not_Evaluated,"Art. 5(1)(f), Art. 32(1)","Art. 5(1)(f), Art. 32(1)",N,Not_Evaluated,Y,Not_Assessed,Not_Discussed,During_Investigation,Not_Assessed,Not_Assessed,Neutral,Fine,15000000,SEK,Y,Y,"IMY fined Avanza Bank AB 15,000,000 SEK for violating GDPR Art. 5(1)(f) and Art. 32(1) after Meta Pixel’s AAM and AH features were inadvertently activated, causing unauthorized transfers of customers’ social security numbers and financial data to Meta from 2019-11-15 to 2021-06-02. IMY found the bank’s technical and organizational measures insufficient given bank secrecy and the high-risk nature of the processing affecting approximately 500,001–1,000,000 individuals. The bank disabled the pixel, confirmed deletion at Meta, and introduced stronger controls, but these did not mitigate the fine.",1290000.0,,,,,,1.0,,,,1.0,,,,,,,0,0,0,0,0,0,0,0,0,0,0,0,0,0,0,0,0,0,0,0,0,0,0,0,0,0,0,0,0,0,0,0,0,0,0,0,0,0,1,0,0,0,0,0,0,0.0,0.0,,1.0,,,,0.0,,0.0,,0,,1.0,,,1.0,,,1.0,1.0,0.0,0,1,0,0,0,1,0,0,0,0,0,0,0,0,0,0,0,1,0,0,0,0,0,1,0,0,0,1,0,0,0,1,0,0,0,1,0,0,0,0,0,1,0,1,0,0,0,1,0,0,0,0,1,0,0,0,0,1,0,0,0,1,0,0,0,0,0,1,1,0,0,0,0,0,0,0,0,0,0,0,1,0,0
,Sweden_43,SE,Integrity Protection Authority (IMY),26-01-2022,BREACH_NOTIFICATION,N,,N,,NOT_DISCUSSED,1,Hospital Board in the Uppsala Region,Controller,S.13 - General government,"Code: 8610, Description: Hospital activities, Level: 4",PUBLIC_AUTHORITY,Y,Health,N,"Children, Employees, Patients",Not_Specified,Y,None_Specified,Y,Not_Discussed,300,25 May 2018 to 7 May 2019,Not_Assessed,Not_Assessed,Inadequate,Not_Evaluated,N,,Not_Evaluated,"Art. 5(1)(f), Art. 32","Art. 5(1)(f), Art. 32(1)",N,Not_Evaluated,Not_Assessed,Not_Assessed,Cooperative,During_Investigation,Not_Assessed,Not_Assessed,Mitigating_Factor,Fine,1600000,SEK,N,Partially,IMY fined the Hospital Board in the Uppsala Region SEK 1.6 million for sending unencrypted emails with sensitive health data to third countries and storing such data in Outlook between 25 May 2018 and 7 May 2019. IMY found violations of Articles 5(1)(f) and 32(1) due to inadequate technical and organizational measures and non-compliance with regional guidelines. Mitigating weight was given to the later introduction of an encryption solution in September 2019.,137600.0,,,,,,1.0,,,,1.0,,,,,,,0,0,0,1,0,0,0,0,0,0,0,1,0,1,0,1,0,0,0,0,0,0,0,0,0,0,0,1,0,0,0,0,0,0,0,0,0,0,1,0,0,0,0,0,0,1.0,0.0,1.0,1.0,,,,0.0,,0.0,,0,,,,1.0,1.0,,,0.0,,0.0,0,1,0,0,0,0,0,0,0,1,0,0,0,0,0,1,0,1,0,0,0,0,0,1,0,0,0,1,0,0,0,1,0,0,0,1,0,0,0,1,0,0,0,1,0,0,1,0,0,0,0,0,1,0,0,0,0,1,0,0,0,1,0,0,0,0,1,0,1,0,0,0,0,0,0,0,0,0,0,0,1,0,0
,Sweden_44,SE,Swedish Authority for Privacy Protection (IMY),13-05-2022,COMPLAINT,Y,Lead_Authority,N,,DISCUSSED_NO_PRIOR_FOUND,1,Volvo Personvagnar AB,Controller,S.11 - Non-financial corporations,"Code: 2910, Description: Manufacture of motor vehicles, Level: 4",BUSINESS,N,,N,None_Mentioned,Not_Specified,,,Not_Assessed,Not_Discussed,1,25-02-2020 to 15-09-2021,Not_Assessed,Not_Assessed,Not_Evaluated,Not_Evaluated,Y,Access,Not_Evaluated,"Art. 12(3), Art. 15(1), Art. 15(3)",Art. 12(3),N,Not_Evaluated,Not_Assessed,Not_Assessed,Not_Discussed,During_Investigation,N,Not_Assessed,Mitigating_Factor,Reprimand,0,EUR,N,Partially,"IMY, acting as lead authority in a cross-border complaint, assessed Volvo Personvagnar AB’s handling of an Article 15 access request for vehicle service and warranty data. IMY found a breach of Article 12(3) because the full copy was provided only on 15 September 2021 after a 25 February 2020 request, and issued a reprimand. It considered the infringement minor, affecting one data subject, and noted the company had reviewed procedures.",0.0,,,,,,,,,,,,,1.0,,,,0,0,0,0,0,0,0,0,0,0,0,0,0,0,0,0,0,0,0,0,0,0,0,0,0,0,0,0,0,1,0,0,0,0,0,0,0,0,0,0,0,0,0,1,0,0.0,0.0,,,,,,,,1.0,,0,,,,,1.0,0.0,,0.0,,1.0,0,1,0,0,0,1,0,0,0,0,0,0,0,0,0,1,0,1,0,0,0,0,0,0,1,0,0,1,0,0,0,1,0,0,0,1,0,0,0,1,0,0,0,1,0,0,0,1,0,0,0,0,1,0,0,0,1,0,0,0,0,1,0,0,0,0,1,0,0,1,0,0,0,0,1,0,0,0,0,1,0,0,0
,Sweden_45,SE,Swedish Authority for Privacy Protection (IMY),11-05-2022,COMPLAINT,Y,Lead_Authority,N,,NOT_DISCUSSED,1,Klarna Bank AB,Controller,S.12 - Financial corporations,"Code: 6419, Description: Other monetary intermediation, Level: 4",BUSINESS,N,,,None_Mentioned,Not_Specified,,,Not_Assessed,Not_Discussed,1,,Not_Assessed,Not_Assessed,Not_Evaluated,Not_Evaluated,Y,Access,Not_Evaluated,"Art. 15, Art. 19, Art. 5(1)(a)",Art. 15,N,Not_Evaluated,Not_Assessed,Not_Assessed,Not_Discussed,Not_Discussed,Not_Assessed,Not_Assessed,Not_Considered,Reprimand,0,,N,,"IMY, acting as lead authority in a cross-border complaint, found that Klarna Bank AB failed to provide information on the actual recipients of the complainant’s personal data, breaching Article 15 GDPR. IMY interpreted Article 15(1)(c) in light of Article 19 and the principles of fairness and transparency, noting that actual recipients should be provided when explicitly requested unless impossible or disproportionate. Given the minor nature of the infringement affecting one person and no sensitive data, IMY issued a reprimand.",,,,,,,,1.0,,,,,,,,,,0,0,0,0,0,0,0,0,0,0,0,0,0,0,0,0,0,0,0,0,0,0,0,0,0,0,0,0,0,1,0,0,0,0,0,0,0,0,0,0,0,0,0,1,0,0.0,,,,,,,,,1.0,,0,,,,,,,,0.0,,1.0,0,1,0,0,0,1,0,0,0,0,0,0,0,0,0,1,0,1,0,0,0,0,0,0,1,0,0,1,0,0,0,1,0,0,0,1,0,0,0,1,0,0,0,1,0,0,0,1,0,0,0,0,0,0,1,0,0,1,0,0,0,1,0,0,0,0,0,0,0,1,0,0,0,0,1,0,0,0,0,0,1,0,0
,Sweden_46,,,,,,,N,,,,,,,,,,,,,,,,,,,,,,,,,,,,,N,,,,,,,,,,0,,,,"An informational leaflet explains publication and anonymisation practices for Article 60 one-stop-shop decisions across various SAs, highlighting national restrictions and differences. It states that summaries are prepared by the EDPB Secretariat for information only and that only national decisions in the SA’s language are authentic. It lists SAs where decisions or summaries exclude personal or legal persons’ data and notes that HR summaries are not anonymised.",,,,,,,,,,,,,,,,,,0,0,0,0,0,0,0,0,0,0,0,0,0,0,0,0,0,0,0,0,0,0,0,0,0,0,0,0,0,0,0,0,0,0,0,0,0,0,0,0,0,0,0,0,0,,,,,,,,,,,,0,,,,,,,,,,,0,0,0,0,0,0,0,0,0,0,0,0,0,0,0,0,0,0,0,0,0,0,0,0,0,0,0,0,0,0,0,0,0,0,0,0,0,0,0,0,0,0,0,0,0,0,0,0,0,0,0,0,0,0,0,0,0,0,0,0,0,0,0,0,0,0,0,0,0,0,0,0,0,0,0,0,0,0,0,0,0,0,0
,Sweden_47,SE,Swedish Authority for Privacy Protection (IMY),18-03-2022,COMPLAINT,Y,Lead_Authority,N,,NOT_DISCUSSED,1,Klarna Bank AB,Controller,S.12 - Financial corporations,"Code: 6419, Description: Other monetary intermediation, Level: 4",BUSINESS,N,,N,None_Mentioned,Not_Specified,,,Not_Assessed,Not_Discussed,1,approximately two months,Not_Assessed,Not_Assessed,Not_Evaluated,Not_Evaluated,Y,Erasure,Violated,"Art. 12(3), Art. 17(1)(a)",Art. 12(3),N,Not_Evaluated,Not_Assessed,Not_Assessed,Not_Discussed,During_Investigation,Not_Assessed,Not_Assessed,Not_Considered,Reprimand,0,,N,,"IMY, acting as lead authority in a cross-border complaint, investigated Klarna Bank AB’s handling of a data subject’s erasure request. It found a breach of Article 12(3) due to undue delay and failure to timely inform about an extension, noting the delay was largely due to individual human error affecting only one person. IMY issued a reprimand considering the infringement minor.",,,,,,,,,,,,,,1.0,,,,0,0,0,0,0,0,0,0,0,0,0,0,0,0,0,0,0,0,0,0,0,0,0,0,0,0,0,0,0,0,0,1,0,0,0,0,0,0,0,0,0,0,0,1,0,0.0,0.0,,,,,,,,1.0,0.0,0,,,,,1.0,,,0.0,,1.0,0,1,0,0,0,1,0,0,0,0,0,0,0,0,0,1,0,1,0,0,0,0,0,0,1,0,0,1,0,0,0,0,0,1,0,1,0,0,0,1,0,0,0,1,0,0,0,1,0,0,0,0,1,0,0,0,0,1,0,0,0,1,0,0,0,0,0,0,0,1,0,0,0,0,1,0,0,0,0,0,1,0,0
,Sweden_48,SE,Privacy Authority (IMY),26-07-2022,COMPLAINT,N,,N,,NOT_DISCUSSED,1,Google LLC,Controller,S.11 - Non-financial corporations,"Code: 6312, Description: Web portals, Level: 4",BUSINESS,Y,Criminal,,None_Mentioned,Legitimate_Interest,,,Not_Assessed,Not_Discussed,1,16-11-2021 to 16-03-2022,Not_Assessed,Not_Assessed,Not_Evaluated,Not_Evaluated,Y,"Erasure, Objection",Not_Evaluated,"Art. 12(1), Art. 12(2), Art. 12(4), Art. 17(1)(c), Art. 17(3)(a), Art. 21(1), Art. 6(1)(f)",Art. 12(2),N,Not_Evaluated,Not_Assessed,Not_Assessed,Cooperative,During_Investigation,Not_Assessed,Not_Assessed,Mitigating_Factor,Reprimand,0,EUR,N,Partially,"IMY examined a complaint about Google’s refusal to de-index Lexbase-related URLs and found a breach of Article 12(2) for not facilitating the data subject’s rights by shifting the burden and implying payment was needed to exercise them. IMY held there were no demonstrated overriding legitimate grounds (the complainant was not a public figure) and Google later removed the URLs and updated practices. Given remedial steps and difficult balancing, IMY issued a reprimand without a fine.",0.0,,,,,,,,,,,,,1.0,,,,0,1,0,0,0,0,0,0,0,0,0,0,0,0,0,0,0,0,0,0,1,0,0,0,0,0,0,0,0,0,0,1,1,0,0,0,0,0,0,0,0,0,0,1,0,1.0,,,,,,,,,1.0,,0,,,,1.0,1.0,,,0.0,,0.0,0,1,0,0,0,1,0,0,0,0,0,0,0,0,0,1,0,1,0,0,0,0,0,0,1,0,0,1,0,0,0,1,0,0,0,1,0,0,0,1,0,0,0,1,0,0,1,0,0,0,0,0,1,0,0,0,0,1,0,0,0,1,0,0,0,0,1,0,0,1,0,0,0,0,0,0,0,0,0,0,1,0,0
,Sweden_49,SE,The Swedish Privacy Agency (IMY),17-01-2023,COMPLAINT,N,,N,,NOT_DISCUSSED,1,The Health and Medical Services Board in Region Dalarna,Controller,S.13 - General government,"Code: 86, Description: Human health activities, Level: 2",PUBLIC_AUTHORITY,Y,Health,N,Children,Not_Specified,,,Y,Y,2500,6 May 2021 to 6 July 2022,Not_Assessed,Not_Assessed,Inadequate,Not_Evaluated,N,,Not_Evaluated,"Art. 2(1), Art. 5(2), Art. 24(1), Art. 28(1), Art. 32(1), Art. 32(2), Art. 9(1)",Art. 32(1),N,Not_Evaluated,Not_Assessed,Not_Assessed,Cooperative,During_Investigation,Not_Assessed,Not_Assessed,Mitigating_Factor,Fine,200000,SEK,N,Y,"IMY fined the Health and Medical Services Board in Region Dalarna for sending appointment letters in window envelopes that revealed clinic information, disclosing sensitive health data and sometimes children’s data. It found a violation of Article 32 due to inadequate security measures over 6 May 2021 to 6 July 2022, affecting around 2,500 mailings per year. While noting some mitigating factors (physical mail and some steps taken), IMY imposed a SEK 200,000 administrative fine.",17200.0,,,,,,,,,,1.0,,,,,,,0,0,0,1,0,0,0,0,0,0,0,1,0,0,0,0,0,0,0,0,0,0,0,0,0,0,0,0,0,0,0,0,0,0,0,0,0,0,1,0,0,0,0,0,0,1.0,0.0,,1.0,1.0,,,0.0,,0.0,,0,,,,1.0,1.0,,,0.0,1.0,0.0,0,1,0,0,0,0,0,0,0,1,0,0,0,0,0,1,0,1,0,0,0,0,0,1,0,0,0,1,0,0,0,1,0,0,0,1,0,0,0,1,0,0,0,1,0,0,1,0,0,0,0,0,1,0,0,0,0,1,0,0,0,1,0,0,0,0,0,1,0,1,0,0,0,0,0,0,0,0,0,0,1,0,0
,Sweden_50,SE,Swedish Authority for Privacy Protection,19-01-2023,COMPLAINT,Y,Lead_Authority,N,,NOT_DISCUSSED,1,Lensway Group AB,Controller,S.11 - Non-financial corporations,,BUSINESS,N,,N,None_Mentioned,Not_Specified,,,Not_Assessed,Not_Discussed,2,20-02-2020 and 25-06-2020,Not_Assessed,Not_Assessed,Not_Evaluated,Not_Evaluated,Y,Erasure,Not_Evaluated,"Art. 12(2), Art. 12(6), Art. 17(1)","Art. 12(2), Art. 12(6)",N,Not_Evaluated,Not_Assessed,Not_Assessed,Cooperative,During_Investigation,Not_Assessed,Not_Assessed,Mitigating_Factor,Reprimand,0,,N,,"IMY, acting as lead authority in a cross-border case from Finland and Denmark, examined Lensway’s handling of two erasure requests from 2020. It found Lensway unlawfully demanded copies of ID and signatures and required submission by postal mail, breaching Articles 12(6) and 12(2) GDPR. IMY issued a reprimand, noting subsequent improvements and the limited scope involving two data subjects.",,,,,,,,,,,,,,1.0,,,,0,0,0,0,0,0,0,0,0,0,0,0,0,0,0,0,0,0,0,0,0,0,0,0,0,0,0,0,0,0,0,1,0,0,0,0,0,0,0,0,0,0,0,1,0,0.0,0.0,,,,,,,,1.0,,0,,,,1.0,1.0,,,0.0,,1.0,0,1,0,0,0,1,0,0,0,0,0,0,0,0,0,1,0,1,0,0,0,0,0,0,1,0,0,1,0,0,0,1,0,0,0,1,0,0,0,1,0,0,0,1,0,0,1,0,0,0,0,0,1,0,0,0,0,1,0,0,0,1,0,0,0,0,0,0,0,1,0,0,0,0,1,0,0,0,0,0,1,0,0
,Sweden_51,SE,Swedish Privacy Agency (IMY),27-11-2024,EX_OFFICIO_INVESTIGATION,N,,N,,NOT_DISCUSSED,1,Verisure Sverige AB,Controller,S.11 - Non-financial corporations,"Code: 8020, Description: Security systems service activities, Level: 4",BUSINESS,N,,N,None_Mentioned,Not_Specified,,,Y,Not_Discussed,500000,20 April 2022 to August 2022,,Not_Assessed,Inadequate,Not_Evaluated,N,,Not_Evaluated,"Art. 4(7), Art. 5(1)(f), Art. 5(2), Art. 6, Art. 24, Art. 28(10), Art. 32(1), Art. 32(2)",Art. 32(1),N,N,Not_Assessed,Not_Assessed,Cooperative,During_Investigation,Not_Assessed,Not_Assessed,Mitigating_Factor,Reprimand,0,SEK,N,,"IMY investigated Verisure after media reports alleging improper sharing of home camera footage; it found no evidence of that sharing but identified a breach of Art. 32(1) due to only 100-day retention of log data, hindering oversight. Verisure extended log retention to five years in August 2022, and IMY issued a reprimand for the period 20 April 2022 to August 2022. The processing posed high privacy risks given in-home cameras and a large customer base.",0.0,,,,,,,,,,1.0,,,,,,,0,0,0,0,0,0,0,0,0,0,0,0,0,0,0,0,0,0,0,0,0,0,0,0,0,0,0,0,0,0,0,0,0,0,0,0,0,0,0,0,0,0,0,1,0,0.0,0.0,,1.0,,,,0.0,,0.0,,0,0.0,,,1.0,1.0,,,0.0,,0.0,0,1,0,0,0,1,0,0,0,0,0,0,0,0,0,0,0,1,0,0,0,0,0,1,0,0,0,1,0,0,0,1,0,0,1,0,0,0,0,1,0,0,0,1,0,0,1,0,0,0,0,0,1,0,0,0,0,1,0,0,0,1,0,0,0,0,0,0,0,0,1,0,0,0,0,0,0,0,0,0,1,0,0
,Sweden_52,SE,Swedish Authority for Privacy Protection (IMY),13-09-2022,COMPLAINT,N,,N,,NOT_DISCUSSED,1,Verifiera AB,Controller,S.11 - Non-financial corporations,,BUSINESS,Y,Health,,Patients,"Consent, Legitimate_Interest",,,Not_Assessed,Not_Discussed,,6 April 2022 – 28 June 2022,Not_Assessed,Not_Assessed,Not_Evaluated,Not_Evaluated,N,,Not_Evaluated,Art. 9,Art. 9,N,Y,Not_Assessed,Not_Assessed,Cooperative,,N,Not_Assessed,Not_Considered,"Reprimand, Compliance_Order",0,,N,,"IMY found that Verifiera AB unlawfully processed sensitive health data by publishing searchable decisions in compulsory psychiatric care (LPT) and LVM cases, not covered by journalistic exceptions despite a publication certificate. IMY held that Article 9 GDPR was violated between 6 April and 28 June 2022 and that Article 9(2) exceptions (including consent and important public interest) did not apply. IMY issued a reprimand and ordered the company to prevent searches by name, personal identity number, or address to access such decisions within eight weeks.",,,,,,,,,,,,,,,,,,0,0,0,1,0,0,0,0,0,0,0,0,0,0,0,1,0,1,0,0,1,0,0,0,0,0,0,0,0,0,0,0,0,0,0,0,1,0,0,0,0,0,0,1,0,1.0,,,,,,,,,0.0,,0,1.0,,,1.0,,0.0,,0.0,,0.0,0,1,0,0,0,1,0,0,0,0,0,0,0,0,0,1,0,1,0,0,0,0,0,0,1,0,0,1,0,0,0,1,0,0,0,0,0,1,0,1,0,0,0,1,0,0,1,0,0,0,0,0,0,0,0,0,1,0,0,0,0,1,0,0,0,0,0,0,0,1,0,0,0,0,0,0,0,0,0,0,1,0,0
,Sweden_53,SE,Swedish Authority for Privacy Protection (IMY),29-08-2024,BREACH_NOTIFICATION,N,,N,,NOT_DISCUSSED,1,Apoteket AB,Controller,S.11 - Non-financial corporations,"Code: 4772, Description: Retail sale of pharmaceutical and medical goods, cosmetic and toilet articles in specialized stores, Level: 4",BUSINESS,Y,"Health, Sexual",Y,None_Mentioned,Not_Specified,N,,Y,N,500001-1000000,19 January 2020 to 25 April 2022,Not_Assessed,Not_Assessed,Inadequate,Not_Evaluated,N,,Not_Evaluated,Art. 32(1),Art. 32(1),N,Not_Evaluated,Y,Not_Assessed,Cooperative,During_Investigation,Not_Assessed,Not_Assessed,Neutral,Fine,37000000,SEK,Y,Y,"IMY found that Apoteket AB violated Article 32(1) by failing to implement appropriate security when using Meta Pixel’s AAM, leading to transfers of purchase and contact data that could reveal health and sexual life information. The processing affected a large number of individuals over 19 Jan 2020–25 Apr 2022, posed high risk, and reflected inadequate organizational controls despite existing procedures. Assessing severity as low but requiring deterrence, IMY imposed a SEK 37,000,000 fine after considering Article 83 factors and turnover.",3182000.0,,,,,,,,,,1.0,,,,,,,0,0,0,1,0,0,0,0,0,1,0,0,0,0,0,0,0,0,0,0,0,0,0,0,0,0,0,0,0,0,0,0,0,0,0,0,0,0,1,0,0,0,0,0,0,1.0,1.0,0.0,1.0,0.0,,,0.0,,0.0,,0,,1.0,,1.0,1.0,,,1.0,1.0,0.0,0,1,0,0,0,1,0,0,0,0,0,0,0,0,0,1,0,1,0,0,0,0,0,1,0,0,0,1,0,0,0,1,0,0,0,1,0,0,0,0,0,1,0,1,0,0,1,0,0,0,0,0,1,0,0,0,0,1,0,0,0,1,0,0,0,0,0,1,1,0,0,0,0,0,0,0,0,0,0,0,1,0,0
,Sweden_54,SE,Swedish Privacy Protection Authority (IMY),22-05-2023,COMPLAINT,Y,Lead_Authority,N,,NOT_DISCUSSED,1,MAG Interactive AB,Controller,S.11 - Non-financial corporations,"Code: 5820, Description: Software publishing, Level: 4",BUSINESS,N,,N,None_Mentioned,Not_Specified,,,Not_Assessed,Not_Discussed,1,January to March 2021,Not_Assessed,Not_Assessed,Not_Evaluated,Not_Evaluated,Y,"Access, Erasure",Not_Evaluated,"Art. 11, Art. 12(2), Art. 12(6), Art. 17","Art. 12(6), Art. 12(2)",N,Not_Evaluated,Not_Assessed,Not_Assessed,Not_Discussed,During_Investigation,Not_Assessed,Not_Assessed,Mitigating_Factor,Reprimand,0,,N,,"IMY, acting as lead authority in a cross-border case, investigated MAG Interactive AB’s handling of a data subject’s erasure request for the QuizDuel game. IMY found violations of Article 12(6) for demanding unnecessary identity information and Article 12(2) for requiring the request to be submitted from within the game, and issued a reprimand. The account was deleted in November 2022, and remediation and the time elapsed led to a reprimand instead of a fine.",,,,,,,,,,,,,,1.0,,,,0,0,0,0,0,0,0,0,0,0,0,0,0,0,0,0,0,0,0,0,0,0,0,0,0,0,0,0,0,1,0,1,0,0,0,0,0,0,0,0,0,0,0,1,0,0.0,0.0,,,,,,,,1.0,,0,,,,,1.0,,,0.0,,1.0,0,1,0,0,0,1,0,0,0,0,0,0,0,0,0,1,0,1,0,0,0,0,0,0,1,0,0,1,0,0,0,1,0,0,0,1,0,0,0,1,0,0,0,1,0,0,0,1,0,0,0,0,1,0,0,0,0,1,0,0,0,1,0,0,0,0,0,0,0,1,0,0,0,0,1,0,0,0,0,0,1,0,0
,Sweden_57,SE,The Swedish Privacy Protection Agency (IMY),12-06-2023,COMPLAINT,N,,N,,NOT_DISCUSSED,1,"Nordea Bank Abp, branch in Sweden",Controller,S.12 - Financial corporations,"Code: 6419, Description: Other monetary intermediation, Level: 4",BUSINESS,N,,N,None_Mentioned,Not_Specified,,,Not_Assessed,Not_Discussed,1,,Not_Assessed,Not_Assessed,Not_Evaluated,Not_Evaluated,Y,Access,Not_Evaluated,"Art. 15(1), Art. 15(3), Art. 15(4)",,N,Not_Evaluated,Not_Assessed,Not_Assessed,Not_Discussed,Not_Discussed,Not_Assessed,Not_Assessed,,,0,,N,,"IMY investigated a complaint under Article 15 GDPR about access to a recorded phone call with Nordea Bank Abp, branch in Sweden. Nordea enabled on-site listening, offered a transcript, and provided an audio copy containing the complainant’s voice while editing out the employee’s voice to protect the employee’s rights. IMY concluded the access request was satisfied and closed the case without further action.",,,,,,,,,,,,,,,,,,0,0,0,0,0,0,0,0,0,0,0,0,0,0,0,0,0,0,0,0,0,0,0,0,0,0,0,0,0,1,0,0,0,0,0,0,0,0,0,0,0,0,0,0,0,0.0,0.0,,,,,,,,1.0,,0,,,,,,,,0.0,,0.0,0,1,0,0,0,1,0,0,0,0,0,0,0,0,0,1,0,1,0,0,0,0,0,0,1,0,0,1,0,0,0,1,0,0,0,1,0,0,0,1,0,0,0,1,0,0,0,1,0,0,0,0,0,0,1,0,0,1,0,0,0,1,0,0,0,0,0,0,0,1,0,0,0,0,0,0,0,0,0,0,1,0,0
